fecha,simbolo,score,precio,recomendacion,señales
2026-09-08 16:29:03,PANW,10,5659.77,COMPRAR ★★★,EMA alcista | RSI 39 rebote | Cruce MACD | Banda BB inferior | Stoch 20 | Rebote EMA50 | EMA semanal alcista
2026-09-08 16:29:03,MPC,6,6714.46,COMPRAR ★★,EMA alcista | MACD positivo | EMA semanal alcista
2026-09-08 16:29:03,NOK,7,181.39,VENDER,Golden Cross | RSI 56 óptimo | MACD positivo | EMA semanal alcista | 🛑 Stop Loss -35.8%
2026-09-08 16:29:03,IR,5,1273.13,OBSERVAR,Golden Cross | RSI 31 rebote | Cruce MACD | Banda BB inferior
2026-09-08 16:29:03,BSX,5,770.98,OBSERVAR,Golden Cross | RSI 36 rebote | Cruce MACD | Banda BB inferior
2026-09-08 16:29:03,ORLY,5,1456.21,OBSERVAR,Golden Cross | RSI 31 rebote | Cruce MACD | Banda BB inferior
2026-09-08 16:29:03,PATH,8,238.3,COMPRAR ★★★,EMA alcista | RSI 41 rebote | Cruce MACD | Banda BB inferior | EMA semanal alcista
2026-09-08 16:29:03,VNO,6,601.26,COMPRAR ★★,RSI 37 rebote | Cruce MACD | Banda BB inferior | EMA semanal alcista
2026-09-08 16:29:03,AVB,6,1152.45,COMPRAR ★★,Golden Cross | RSI 52 óptimo | MACD positivo | Volumen alto
2026-09-08 16:29:03,EWJ,6,1659.25,COMPRAR ★★,EMA alcista | MACD positivo | EMA semanal alcista
2026-09-08 16:29:03,SO,6,1504.41,COMPRAR ★★,Golden Cross | RSI 32 rebote | Cruce MACD | BB zona baja | Stoch 31 | Rebote EMA50
2026-09-08 16:29:03,TFX,6,2314.04,COMPRAR ★★,EMA alcista | RSI 60 óptimo | EMA semanal alcista
2026-09-08 16:29:03,BA,8,3606.36,COMPRAR ★★★,Golden Cross | RSI 33 rebote | Cruce MACD | BB zona baja | Stoch 41 | Rebote EMA50 | EMA semanal alcista
2026-09-08 16:29:03,COP,7,2282.66,COMPRAR ★★,EMA alcista | RSI 62 óptimo | Cruce MACD | EMA semanal alcista
2026-09-08 16:29:03,AIZ,7,4814.45,COMPRAR ★★,EMA alcista | RSI 58 óptimo | Cruce MACD | EMA semanal alcista
2026-09-08 16:29:03,AXP,9,5541.21,COMPRAR ★★★,Golden Cross | RSI 37 rebote | Cruce MACD | Banda BB inferior | Stoch 22 | Rebote EMA50 | EMA semanal alcista
2026-09-08 16:29:03,DUK,7,2052.14,COMPRAR ★★,Golden Cross | RSI 40 rebote | MACD positivo | Cruce MACD | Stoch 38 | Rebote EMA50
2026-09-08 16:29:03,XLK,9,3179.81,COMPRAR ★★★,EMA alcista | RSI 55 óptimo | MACD positivo | Cruce MACD | EMA semanal alcista
2026-09-08 16:29:03,TFC,7,865.52,COMPRAR ★★,EMA alcista | RSI 42 rebote | MACD positivo | EMA semanal alcista
2026-09-08 16:29:03,JPM,7,6017.31,COMPRAR ★★,EMA alcista | RSI 40 rebote | Cruce MACD | BB zona baja | EMA semanal alcista
2026-09-08 16:29:03,ALK,8,701.04,COMPRAR ★★★,Golden Cross | RSI 45 óptimo | MACD positivo | BB zona baja | EMA semanal alcista
2026-09-08 16:29:03,XLF,8,973.6,COMPRAR ★★★,EMA alcista | RSI 48 óptimo | Cruce MACD | BB zona baja | EMA semanal alcista
2026-09-08 16:29:03,HPE,7,930.81,COMPRAR ★★,EMA alcista | RSI 48 óptimo | Cruce MACD | EMA semanal alcista
2026-09-08 16:29:03,EW,9,1468.22,COMPRAR ★★★,EMA alcista | RSI 31 rebote | Cruce MACD | Banda BB inferior | Rebote EMA50 | EMA semanal alcista
2026-09-08 16:29:03,JETS,6,481.94,COMPRAR ★★,Golden Cross | RSI 33 rebote | Cruce MACD | BB zona baja | EMA semanal alcista
2026-09-08 16:29:03,OKE,8,1636.67,COMPRAR ★★★,EMA alcista | RSI 49 óptimo | MACD positivo | EMA semanal alcista
2026-09-08 16:29:03,NRG,5,2028.88,OBSERVAR,Golden Cross | RSI 56 óptimo | MACD positivo
2026-09-08 16:29:03,FATE,7,42.79,COMPRAR ★★,EMA alcista | RSI 49 óptimo | Cruce MACD | EMA semanal alcista
2026-09-08 16:29:03,BBY,8,1500.01,COMPRAR ★★★,EMA alcista | RSI 52 óptimo | MACD positivo | EMA semanal alcista
2026-09-08 16:29:03,IT,9,2955.8,COMPRAR ★★★,EMA alcista | RSI 45 óptimo | Cruce MACD | Banda BB inferior | EMA semanal alcista
2026-09-08 16:29:03,FLR,8,959.39,COMPRAR ★★★,EMA alcista | RSI 62 óptimo | MACD positivo | EMA semanal alcista
2026-09-08 16:29:03,XHB,7,1718.7,COMPRAR ★★,Golden Cross | RSI 37 rebote | Cruce MACD | Banda BB inferior | EMA semanal alcista
2026-09-08 16:29:03,FEMSAUBD.MX,8,200.75,COMPRAR ★★★,Golden Cross | RSI 51 óptimo | MACD positivo | BB zona baja | EMA semanal alcista
2026-09-08 16:29:03,PM,9,3166.62,COMPRAR ★★★,EMA alcista | RSI 49 óptimo | Cruce MACD | BB zona baja | Stoch 35 | EMA semanal alcista
2026-09-08 16:29:03,HCA,7,6786.34,COMPRAR ★★,EMA alcista | RSI 43 rebote | Cruce MACD | Banda BB inferior | Rebote EMA50
2026-09-08 16:29:03,AMP,7,9467.73,COMPRAR ★★,EMA alcista | RSI 49 óptimo | Cruce MACD | EMA semanal alcista
2026-09-08 16:29:03,EWY,6,3223.11,COMPRAR ★★,EMA alcista | MACD positivo | EMA semanal alcista
2026-09-08 16:29:03,O,6,1036.51,COMPRAR ★★,Golden Cross | RSI 44 rebote | Cruce MACD | Banda BB inferior | Rebote EMA50
2026-09-08 16:29:03,MU,8,17260.39,COMPRAR ★★★,EMA alcista | RSI 64 óptimo | MACD positivo | EMA semanal alcista
2026-09-08 16:29:03,ULTA,6,9196.95,COMPRAR ★★,EMA alcista | RSI 59 óptimo | MACD positivo
2026-09-08 16:29:03,TYL,4,5851.81,OBSERVAR,EMA alcista | RSI 56 óptimo
2026-09-08 16:29:03,EWC,7,1043.7,COMPRAR ★★,EMA alcista | RSI 51 óptimo | Cruce MACD | EMA semanal alcista
2026-09-08 16:29:03,KOFUBL.MX,10,185.38,COMPRAR ★★★,EMA alcista | RSI 47 óptimo | Cruce MACD | Banda BB inferior | Rebote EMA50 | EMA semanal alcista
2026-09-08 16:29:03,UHS,6,2870.31,COMPRAR ★★,EMA alcista | RSI 44 rebote | Cruce MACD | BB zona baja | Stoch 25
2026-09-08 16:29:03,KMI,5,538.26,OBSERVAR,Golden Cross | RSI 40 rebote | MACD positivo | Cruce MACD
2026-09-08 16:29:03,ZS,9,2758.93,COMPRAR ★★★,EMA alcista | RSI 38 rebote | Cruce MACD | Banda BB inferior | Rebote EMA50 | EMA semanal alcista
2026-09-08 16:29:03,ASML,7,29887.3,COMPRAR ★★,EMA alcista | Golden Cross | RSI 45 rebote | Cruce MACD | EMA semanal alcista
2026-09-08 16:29:03,CE,6,754.66,COMPRAR ★★,Golden Cross | RSI 50 óptimo | MACD positivo | BB zona baja
2026-09-08 16:29:03,BIIB,7,3611.77,COMPRAR ★★,EMA alcista | RSI 51 óptimo | BB zona baja | EMA semanal alcista
2026-09-08 16:29:03,IBN,7,500.96,COMPRAR ★★,EMA alcista | RSI 50 óptimo | BB zona baja | EMA semanal alcista
2026-09-08 16:29:03,VTR,9,1539.0,COMPRAR ★★★,EMA alcista | RSI 49 óptimo | Cruce MACD | Stoch 29 | Rebote EMA50 | EMA semanal alcista
2026-09-08 16:29:03,TGT,7,2762.57,COMPRAR ★★,EMA alcista | RSI 64 óptimo | Cruce MACD | EMA semanal alcista
2026-09-08 16:29:03,CABK.MC,8,262.23,COMPRAR ★★★,EMA alcista | RSI 61 óptimo | MACD positivo | EMA semanal alcista
2026-09-08 16:29:03,META,3,10421.45,EVITAR,Golden Cross | MACD positivo
2026-09-08 16:29:03,MA,8,9625.02,COMPRAR ★★★,EMA alcista | RSI 47 óptimo | Cruce MACD | BB zona baja | EMA semanal alcista
2026-09-08 16:29:03,SMCI,9,688.36,COMPRAR ★★★,EMA alcista | RSI 61 óptimo | MACD positivo | Cruce MACD | EMA semanal alcista
2026-09-08 16:29:03,ENPH,6,649.46,VENDER,Golden Cross | RSI 53 óptimo | MACD positivo | Cruce MACD | 🛑 Stop Loss -26.8%
2026-09-08 16:29:03,AAPL,8,5343.49,COMPRAR ★★★,EMA alcista | RSI 56 óptimo | MACD positivo | EMA semanal alcista
2026-09-08 16:29:03,KEYS,7,5587.46,COMPRAR ★★,Golden Cross | RSI 42 rebote | MACD positivo | Cruce MACD | EMA semanal alcista
2026-09-08 16:29:03,DOW,5,502.99,OBSERVAR,Golden Cross | RSI 43 rebote | Cruce MACD | BB zona baja | Rebote EMA50
2026-09-08 16:29:03,LABB.MX,4,12.9,OBSERVAR,Golden Cross | Cruce MACD | Banda BB inferior
2026-09-08 16:29:03,MCO,9,8155.45,COMPRAR ★★★,EMA alcista | RSI 48 óptimo | Cruce MACD | BB zona baja | Rebote EMA50 | EMA semanal alcista
2026-09-08 16:29:03,MRK,7,2516.23,COMPRAR ★★,EMA alcista | RSI 64 óptimo | Cruce MACD | EMA semanal alcista
2026-09-08 16:29:03,SYY,7,1351.69,COMPRAR ★★,EMA alcista | RSI 38 rebote | Cruce MACD | Banda BB inferior | Rebote EMA50
2026-09-08 16:29:03,POOL,5,3025.99,OBSERVAR,Golden Cross | RSI 39 rebote | Cruce MACD | Banda BB inferior
2026-09-08 16:29:03,AMCR,9,756.69,COMPRAR ★★★,EMA alcista | RSI 47 óptimo | Cruce MACD | Banda BB inferior | EMA semanal alcista
2026-09-08 16:29:03,CHD,9,1643.27,COMPRAR ★★★,EMA alcista | RSI 42 rebote | Cruce MACD | Banda BB inferior | Rebote EMA50 | EMA semanal alcista
2026-09-08 16:29:03,ADP,9,4542.58,COMPRAR ★★★,EMA alcista | RSI 49 óptimo | Cruce MACD | Banda BB inferior | EMA semanal alcista
2026-09-08 16:29:03,KIM,8,401.43,COMPRAR ★★★,Golden Cross | RSI 45 rebote | MACD positivo | Stoch 49 | Rebote EMA50 | EMA semanal alcista
2026-09-08 16:29:03,EL,4,1709.9,OBSERVAR,EMA alcista | EMA semanal alcista
2026-09-08 16:29:03,DHI,7,2361.73,COMPRAR ★★,Golden Cross | RSI 42 rebote | Cruce MACD | Banda BB inferior | EMA semanal alcista
2026-09-08 16:29:03,MAP.MC,8,87.23,COMPRAR ★★★,EMA alcista | RSI 54 óptimo | MACD positivo | EMA semanal alcista
2026-09-08 16:29:03,ALLE,8,2651.45,COMPRAR ★★★,EMA alcista | RSI 43 rebote | Cruce MACD | BB zona baja | Stoch 36 | EMA semanal alcista
2026-09-08 16:29:03,SMH,7,9737.32,COMPRAR ★★,Golden Cross | RSI 53 óptimo | MACD positivo | EMA semanal alcista
2026-09-08 16:29:03,MAS,7,1205.22,COMPRAR ★★,Golden Cross | RSI 43 rebote | Cruce MACD | Banda BB inferior | EMA semanal alcista
2026-09-08 16:29:03,FUNO11.MX,9,29.59,COMPRAR ★★★,EMA alcista | RSI 61 óptimo | MACD positivo | Cruce MACD | EMA semanal alcista
2026-09-08 16:29:03,EOG,7,2466.0,COMPRAR ★★,EMA alcista | RSI 44 rebote | Cruce MACD | Stoch 28 | EMA semanal alcista
2026-09-08 16:29:03,PFE,7,473.65,COMPRAR ★★,EMA alcista | RSI 57 óptimo | Cruce MACD | EMA semanal alcista
2026-09-08 16:29:03,VALE,6,264.27,COMPRAR ★★,EMA alcista | MACD positivo | EMA semanal alcista
2026-09-08 16:29:03,STX,10,15126.73,COMPRAR ★★★,EMA alcista | Golden Cross | RSI 49 óptimo | MACD positivo | Cruce MACD | EMA semanal alcista
2026-09-08 16:29:03,NKE,4,646.41,OBSERVAR,Golden Cross | RSI 41 rebote | Cruce MACD | BB zona baja
2026-09-08 16:29:03,AZO,6,50366.07,COMPRAR ★★,Golden Cross | RSI 40 rebote | Cruce MACD | BB zona baja | Stoch 29 | Rebote EMA50
2026-09-08 16:29:03,SLB,6,977.83,COMPRAR ★★,EMA alcista | MACD positivo | EMA semanal alcista
2026-09-08 16:29:03,VZ,3,848.27,EVITAR,EMA alcista | Cruce MACD
2026-09-08 16:29:03,WALMEX.MX,4,46.03,OBSERVAR,Golden Cross | RSI 42 rebote | Banda BB inferior
2026-09-08 16:29:03,CMCSA,6,441.77,COMPRAR ★★,EMA alcista | RSI 49 óptimo | Cruce MACD | BB zona baja
2026-09-08 16:29:03,EXPE,8,4753.65,COMPRAR ★★★,EMA alcista | RSI 32 rebote | Cruce MACD | Banda BB inferior | EMA semanal alcista
2026-09-08 16:29:03,RCL,6,4488.79,COMPRAR ★★,Golden Cross | Cruce MACD | Banda BB inferior | EMA semanal alcista
2026-09-08 16:29:03,AEP,6,2126.3,COMPRAR ★★,Golden Cross | RSI 48 óptimo | MACD positivo | Rebote EMA50
2026-09-08 16:29:03,HBAN,7,285.41,COMPRAR ★★,Golden Cross | RSI 34 rebote | Cruce MACD | BB zona baja | Rebote EMA50 | EMA semanal alcista
2026-09-08 16:29:03,BAX,8,421.22,COMPRAR ★★★,EMA alcista | RSI 39 rebote | Cruce MACD | Banda BB inferior | EMA semanal alcista
2026-09-08 16:29:03,APA,7,733.26,COMPRAR ★★,EMA alcista | RSI 54 óptimo | Cruce MACD | EMA semanal alcista
2026-09-08 16:29:03,IVVPESO.MX,10,156.19,COMPRAR ★★★,EMA alcista | RSI 46 óptimo | Cruce MACD | Volumen alto | BB zona baja | Stoch 41 | EMA semanal alcista
2026-09-08 16:29:03,WMT,5,1794.38,OBSERVAR,Golden Cross | RSI 33 rebote | MACD positivo | BB zona baja
2026-09-08 16:29:03,CEMEXCPO.MX,7,18.62,COMPRAR ★★,Golden Cross | RSI 56 óptimo | MACD positivo | EMA semanal alcista
2026-09-08 16:29:03,GS,8,17542.33,COMPRAR ★★★,EMA alcista | RSI 50 óptimo | MACD positivo | EMA semanal alcista
2026-09-08 16:29:03,DE,6,11601.47,COMPRAR ★★,EMA alcista | MACD positivo | EMA semanal alcista
2026-09-08 16:29:03,KHC,6,419.87,COMPRAR ★★,EMA alcista | RSI 54 óptimo | EMA semanal alcista
2026-09-08 16:29:03,SYK,5,4763.72,OBSERVAR,Golden Cross | Cruce MACD | Volumen alto | Banda BB inferior
2026-09-08 16:29:03,RIVN,8,273.23,COMPRAR ★★★,Golden Cross | RSI 62 óptimo | MACD positivo | Cruce MACD | EMA semanal alcista
2026-09-08 16:29:03,MNST,6,728.44,COMPRAR ★★,Golden Cross | Cruce MACD | Banda BB inferior | EMA semanal alcista
2026-09-08 16:29:03,GOLD,5,790.01,OBSERVAR,EMA alcista | RSI 63 óptimo | Cruce MACD
2026-09-08 16:29:03,BAC,6,1060.61,COMPRAR ★★,EMA alcista | RSI 42 rebote | Cruce MACD | EMA semanal alcista
2026-09-08 16:29:03,NEE,5,1421.03,OBSERVAR,Golden Cross | RSI 41 rebote | MACD positivo | Rebote EMA50
2026-09-08 16:29:03,ABBV,7,4259.71,COMPRAR ★★,EMA alcista | RSI 42 rebote | Cruce MACD | BB zona baja | EMA semanal alcista
2026-09-08 16:29:03,BMY,8,1105.64,COMPRAR ★★★,EMA alcista | RSI 47 óptimo | Cruce MACD | BB zona baja | EMA semanal alcista
2026-09-08 16:29:03,ACHR,6,98.69,COMPRAR ★★,EMA alcista | RSI 37 rebote | Cruce MACD | BB zona baja | Stoch 34
2026-09-08 16:29:03,XLE,6,1093.76,COMPRAR ★★,EMA alcista | RSI 57 óptimo | EMA semanal alcista
2026-09-08 16:29:03,MRVL,7,3878.83,VENDER,EMA alcista | RSI 55 óptimo | Cruce MACD | EMA semanal alcista | 🛑 Stop Loss -28.2%
2026-09-08 16:29:03,PNR,5,999.39,OBSERVAR,Golden Cross | RSI 30 rebote | Cruce MACD | Banda BB inferior
2026-09-08 16:29:03,IWM,8,4998.13,COMPRAR ★★★,EMA alcista | RSI 41 rebote | Cruce MACD | BB zona baja | Stoch 41 | EMA semanal alcista
2026-09-08 16:29:03,SWK,9,1592.53,COMPRAR ★★★,EMA alcista | RSI 39 rebote | Cruce MACD | Banda BB inferior | Rebote EMA50 | EMA semanal alcista
2026-09-08 16:29:03,ZION,7,1164.04,COMPRAR ★★,EMA alcista | RSI 40 rebote | MACD positivo | EMA semanal alcista
2026-09-08 16:29:03,CHPT,6,164.39,COMPRAR ★★,EMA alcista | MACD positivo | EMA semanal alcista
2026-09-08 16:29:03,WST,9,5697.85,COMPRAR ★★★,EMA alcista | RSI 39 rebote | Cruce MACD | Banda BB inferior | Rebote EMA50 | EMA semanal alcista
2026-09-08 16:29:03,EWX,6,1246.82,COMPRAR ★★,EMA alcista | MACD positivo | EMA semanal alcista
2026-09-08 16:29:03,MDLZ,9,1038.2,COMPRAR ★★★,EMA alcista | RSI 41 rebote | Cruce MACD | Banda BB inferior | Rebote EMA50 | EMA semanal alcista
2026-09-08 16:29:03,DANHOS13.MX,6,29.35,COMPRAR ★★,EMA alcista | MACD positivo | EMA semanal alcista
2026-09-08 16:29:03,UPS,7,1707.28,COMPRAR ★★,Golden Cross | RSI 46 óptimo | Banda BB inferior | EMA semanal alcista
2026-09-08 16:29:03,ELV,8,6781.94,COMPRAR ★★★,EMA alcista | RSI 52 óptimo | MACD positivo | EMA semanal alcista
2026-09-08 16:29:03,ZM,8,1631.01,COMPRAR ★★★,EMA alcista | RSI 40 rebote | Cruce MACD | BB zona baja | Rebote EMA50 | EMA semanal alcista
2026-09-08 16:29:03,ADBE,10,4344.61,COMPRAR ★★★,EMA alcista | RSI 46 óptimo | Cruce MACD | Banda BB inferior | Rebote EMA50 | EMA semanal alcista
2026-09-08 16:29:03,MKTX,3,2762.06,EVITAR,EMA alcista | Cruce MACD
2026-09-08 16:29:03,ATO,6,2847.68,COMPRAR ★★,Golden Cross | RSI 47 óptimo | MACD positivo | Rebote EMA50
2026-09-08 16:29:03,NET,8,4758.9,COMPRAR ★★★,EMA alcista | RSI 43 rebote | Cruce MACD | BB zona baja | Stoch 30 | EMA semanal alcista
2026-09-08 16:29:03,SLV,5,1012.75,OBSERVAR,EMA alcista | RSI 57 óptimo | Cruce MACD
2026-09-08 16:29:03,UNG,6,174.29,COMPRAR ★★,Golden Cross | RSI 56 óptimo | MACD positivo | Rebote EMA50
2026-09-08 16:29:03,TDG,6,19445.04,COMPRAR ★★,Golden Cross | Cruce MACD | Banda BB inferior | EMA semanal alcista
2026-09-08 16:29:03,OMC,9,1374.69,COMPRAR ★★★,EMA alcista | RSI 36 rebote | Cruce MACD | Banda BB inferior | Rebote EMA50 | EMA semanal alcista
2026-09-08 16:29:03,EWQ,9,775.04,COMPRAR ★★★,EMA alcista | RSI 34 rebote | Cruce MACD | BB zona baja | Stoch 26 | Rebote EMA50 | EMA semanal alcista
2026-09-08 16:29:03,AES,9,250.57,COMPRAR ★★★,EMA alcista | RSI 62 óptimo | MACD positivo | Cruce MACD | EMA semanal alcista
2026-09-08 16:29:03,L,8,1835.31,COMPRAR ★★★,Golden Cross | RSI 32 rebote | Cruce MACD | Banda BB inferior | Rebote EMA50 | EMA semanal alcista
2026-09-08 16:29:03,FTNT,8,2621.68,COMPRAR ★★★,EMA alcista | RSI 48 óptimo | Cruce MACD | BB zona baja | EMA semanal alcista
2026-09-08 16:29:03,REP.MC,9,557.11,COMPRAR ★★★,EMA alcista | RSI 58 óptimo | MACD positivo | Cruce MACD | EMA semanal alcista
2026-09-08 16:29:03,WDAY,9,3138.21,COMPRAR ★★★,EMA alcista | RSI 47 óptimo | Cruce MACD | Banda BB inferior | EMA semanal alcista
2026-09-08 16:29:03,AAL,6,220.54,COMPRAR ★★,Golden Cross | RSI 33 rebote | Cruce MACD | BB zona baja | EMA semanal alcista
2026-09-08 16:29:03,APPN,9,590.26,COMPRAR ★★★,EMA alcista | RSI 46 óptimo | Cruce MACD | Banda BB inferior | EMA semanal alcista
2026-09-08 16:29:03,MSI,6,7810.68,COMPRAR ★★,EMA alcista | RSI 44 rebote | Cruce MACD | Banda BB inferior
2026-09-08 16:29:03,WYNN,4,1562.17,OBSERVAR,Golden Cross | Cruce MACD | BB zona baja | Stoch 24
2026-09-08 16:29:03,IFF,5,1448.51,OBSERVAR,EMA alcista | Cruce MACD | EMA semanal alcista
2026-09-08 16:29:03,NOW,6,2265.33,COMPRAR ★★,EMA alcista | RSI 61 óptimo | EMA semanal alcista
2026-09-08 16:29:03,ALPEKA.MX,6,13.35,COMPRAR ★★,EMA alcista | MACD positivo | EMA semanal alcista
2026-09-08 16:29:03,CTVA,6,1442.09,COMPRAR ★★,EMA alcista | MACD positivo | EMA semanal alcista
2026-09-08 16:29:03,HST,6,372.34,COMPRAR ★★,Golden Cross | RSI 33 rebote | Cruce MACD | BB zona baja | EMA semanal alcista
2026-09-08 16:29:03,LRCX,8,5401.67,COMPRAR ★★★,Golden Cross | RSI 46 óptimo | MACD positivo | Cruce MACD | EMA semanal alcista
2026-09-08 16:29:03,BBAJIOO.MX,6,57.81,COMPRAR ★★,EMA alcista | MACD positivo | EMA semanal alcista
2026-09-08 16:29:03,COO,7,1151.94,COMPRAR ★★,EMA alcista | Cruce MACD | Banda BB inferior | EMA semanal alcista
2026-09-08 16:29:03,STZ,5,2094.93,OBSERVAR,Golden Cross | RSI 32 rebote | Cruce MACD | Banda BB inferior
2026-09-08 16:29:03,LIT,9,1248.69,COMPRAR ★★★,Golden Cross | RSI 49 óptimo | Cruce MACD | Banda BB inferior | Rebote EMA50 | EMA semanal alcista
2026-09-08 16:29:03,HSIC,8,1509.82,COMPRAR ★★★,EMA alcista | RSI 50 óptimo | Cruce MACD | BB zona baja | EMA semanal alcista
2026-09-08 16:29:03,WEC,7,1817.13,COMPRAR ★★,Golden Cross | RSI 37 rebote | MACD positivo | Cruce MACD | Stoch 38 | Rebote EMA50
2026-09-08 16:29:03,ANET,7,3353.59,COMPRAR ★★,EMA alcista | RSI 54 óptimo | Cruce MACD | EMA semanal alcista
2026-09-08 16:29:03,LCID,3,79.24,EVITAR,Golden Cross | Cruce MACD | BB zona baja
2026-09-08 16:29:03,YUM,4,2533.19,OBSERVAR,Golden Cross | RSI 59 óptimo | Rebote EMA50
2026-09-08 16:29:03,ISRG,4,5922.43,OBSERVAR,Golden Cross | Cruce MACD | Banda BB inferior
2026-09-08 16:29:03,RELY,8,422.66,COMPRAR ★★★,EMA alcista | RSI 47 óptimo | Cruce MACD | BB zona baja | EMA semanal alcista
2026-09-08 16:29:03,MSCI,9,9391.96,COMPRAR ★★★,Golden Cross | RSI 45 óptimo | MACD positivo | Banda BB inferior | EMA semanal alcista
2026-09-08 16:29:03,TRMB,6,980.95,COMPRAR ★★,EMA alcista | RSI 54 óptimo | Cruce MACD | BB zona baja
2026-09-08 16:29:03,ABT,8,1793.88,COMPRAR ★★★,EMA alcista | RSI 33 rebote | Cruce MACD | Banda BB inferior | EMA semanal alcista
2026-09-08 16:29:03,LEN,5,1377.56,OBSERVAR,Golden Cross | RSI 41 rebote | Cruce MACD | Banda BB inferior
2026-09-08 16:29:03,HRL,6,358.05,COMPRAR ★★,Golden Cross | Cruce MACD | Banda BB inferior | EMA semanal alcista
2026-09-08 16:29:03,NTRS,6,3133.47,COMPRAR ★★,EMA alcista | RSI 41 rebote | Cruce MACD | EMA semanal alcista
2026-09-08 16:29:03,BILL,8,797.11,COMPRAR ★★★,EMA alcista | RSI 43 rebote | Cruce MACD | Banda BB inferior | EMA semanal alcista
2026-09-08 16:29:03,LULU,5,1728.85,OBSERVAR,Golden Cross | RSI 35 rebote | Cruce MACD | Banda BB inferior
2026-09-08 16:29:03,CSCO,7,1841.32,COMPRAR ★★,Golden Cross | RSI 39 rebote | Cruce MACD | BB zona baja | Stoch 24 | EMA semanal alcista
2026-09-08 16:29:03,SNPS,5,6762.83,OBSERVAR,Golden Cross | RSI 49 óptimo | Cruce MACD | BB zona baja
2026-09-08 16:29:03,SYF,7,1339.17,COMPRAR ★★,EMA alcista | RSI 46 óptimo | Cruce MACD | EMA semanal alcista
2026-09-08 16:29:03,MEL.MC,8,194.39,COMPRAR ★★★,Golden Cross | RSI 44 rebote | MACD positivo | Banda BB inferior | EMA semanal alcista
2026-09-08 16:29:03,APTV,5,779.94,OBSERVAR,Golden Cross | RSI 40 rebote | MACD positivo | BB zona baja
2026-09-08 16:29:03,WFC,8,1499.84,COMPRAR ★★★,EMA alcista | RSI 55 óptimo | MACD positivo | EMA semanal alcista
2026-09-08 16:29:03,APP,5,5272.04,OBSERVAR,Golden Cross | RSI 53 óptimo | MACD positivo
2026-09-08 16:29:03,WU,5,120.17,OBSERVAR,Golden Cross | RSI 44 rebote | MACD positivo | BB zona baja
2026-09-08 16:29:03,OMAB.MX,6,212.81,COMPRAR ★★,Golden Cross | RSI 48 óptimo | Cruce MACD | BB zona baja | Stoch 36
2026-09-08 16:29:03,ILMN,5,3631.47,OBSERVAR,EMA alcista | Cruce MACD | EMA semanal alcista
2026-09-08 16:29:03,AMZN,8,4346.56,COMPRAR ★★★,EMA alcista | RSI 48 óptimo | Cruce MACD | BB zona baja | EMA semanal alcista
2026-09-08 16:29:03,TSM,6,7428.19,COMPRAR ★★,EMA alcista | MACD positivo | EMA semanal alcista
2026-09-08 16:29:03,SCHW,7,1833.62,COMPRAR ★★,EMA alcista | RSI 42 rebote | Cruce MACD | BB zona baja | EMA semanal alcista
2026-09-08 16:29:03,XLV,9,2836.31,COMPRAR ★★★,EMA alcista | RSI 46 óptimo | Cruce MACD | Banda BB inferior | EMA semanal alcista
2026-09-08 16:29:03,T,5,432.56,OBSERVAR,EMA alcista | RSI 61 óptimo | Cruce MACD
2026-09-08 16:29:03,ED,5,1838.95,OBSERVAR,Golden Cross | RSI 52 óptimo | MACD positivo
2026-09-08 16:29:03,PEG,5,1259.0,OBSERVAR,Golden Cross | RSI 42 rebote | MACD positivo | Rebote EMA50
2026-09-08 16:29:03,ORBIA.MX,8,20.43,COMPRAR ★★★,Golden Cross | RSI 33 rebote | Cruce MACD | Banda BB inferior | Stoch 31 | EMA semanal alcista
2026-09-08 16:29:03,IDXX,5,8893.28,OBSERVAR,Golden Cross | RSI 38 rebote | Cruce MACD | Banda BB inferior
2026-09-08 16:29:03,MDB,8,6067.2,COMPRAR ★★★,EMA alcista | RSI 33 rebote | Cruce MACD | Banda BB inferior | EMA semanal alcista
2026-09-08 16:29:03,CL,8,1493.46,COMPRAR ★★★,Golden Cross | RSI 36 rebote | Cruce MACD | Banda BB inferior | Rebote EMA50 | EMA semanal alcista
2026-09-08 16:29:03,NDAQ,9,1613.84,COMPRAR ★★★,EMA alcista | RSI 45 óptimo | Cruce MACD | Banda BB inferior | EMA semanal alcista
2026-09-08 16:29:03,XLP,9,1422.21,COMPRAR ★★★,EMA alcista | RSI 42 rebote | Cruce MACD | Banda BB inferior | Rebote EMA50 | EMA semanal alcista
2026-09-08 16:29:03,HUBS,4,4111.89,OBSERVAR,EMA alcista | RSI 59 óptimo
2026-09-08 16:29:03,D,8,1123.7,COMPRAR ★★★,Golden Cross | RSI 38 rebote | MACD positivo | Cruce MACD | Rebote EMA50 | EMA semanal alcista
2026-09-08 16:29:03,CBOE,8,4963.12,COMPRAR ★★★,EMA alcista | RSI 52 óptimo | Cruce MACD | BB zona baja | EMA semanal alcista
2026-09-08 16:29:03,DXCM,8,1432.36,COMPRAR ★★★,EMA alcista | RSI 33 rebote | Cruce MACD | Banda BB inferior | EMA semanal alcista
2026-09-08 16:29:03,HAS,7,1525.47,COMPRAR ★★,EMA alcista | RSI 36 rebote | Cruce MACD | Banda BB inferior | Rebote EMA50
2026-09-08 16:29:03,REGN,7,13713.4,COMPRAR ★★,EMA alcista | RSI 50 óptimo | Cruce MACD | EMA semanal alcista
2026-09-08 16:29:03,ZBRA,7,5932.4,COMPRAR ★★,EMA alcista | RSI 41 rebote | Cruce MACD | BB zona baja | EMA semanal alcista
2026-09-08 16:29:03,MOS,4,445.07,OBSERVAR,EMA alcista | MACD positivo
2026-09-08 16:29:03,CTAS,8,3382.6,COMPRAR ★★★,EMA alcista | RSI 51 óptimo | Cruce MACD | BB zona baja | EMA semanal alcista
2026-09-08 16:29:03,ROST,5,3853.42,OBSERVAR,RSI 39 rebote | Cruce MACD | BB zona baja | EMA semanal alcista
2026-09-08 16:29:03,AEE,8,1809.35,COMPRAR ★★★,Golden Cross | RSI 35 rebote | MACD positivo | Cruce MACD | BB zona baja | Stoch 36 | Rebote EMA50
2026-09-08 16:29:03,CINF,9,2874.28,COMPRAR ★★★,Golden Cross | RSI 46 óptimo | MACD positivo | BB zona baja | Rebote EMA50 | EMA semanal alcista
2026-09-08 16:29:03,UDR,7,612.42,COMPRAR ★★,Golden Cross | RSI 38 rebote | Cruce MACD | Banda BB inferior | EMA semanal alcista
2026-09-08 16:29:03,PNW,6,1663.39,COMPRAR ★★,Golden Cross | RSI 38 rebote | MACD positivo | Stoch 42 | Rebote EMA50
2026-09-08 16:29:03,PH,9,16264.89,COMPRAR ★★★,EMA alcista | Cruce MACD | Banda BB inferior | Stoch 25 | Rebote EMA50 | EMA semanal alcista
2026-09-08 16:29:03,CAT,8,13983.16,COMPRAR ★★★,Golden Cross | RSI 45 óptimo | MACD positivo | Rebote EMA50 | EMA semanal alcista
2026-09-08 16:29:03,DHR,8,3496.17,COMPRAR ★★★,EMA alcista | RSI 58 óptimo | Cruce MACD | BB zona baja | EMA semanal alcista
2026-09-08 16:29:03,KR,6,966.41,COMPRAR ★★,Golden Cross | RSI 55 óptimo | MACD positivo | Rebote EMA50
2026-09-08 16:29:03,WDC,7,8093.38,COMPRAR ★★,Golden Cross | RSI 45 rebote | MACD positivo | Rebote EMA50 | EMA semanal alcista
2026-09-08 16:29:03,CDW,8,2439.7,COMPRAR ★★★,EMA alcista | RSI 59 óptimo | MACD positivo | EMA semanal alcista
2026-09-08 16:29:03,XLI,7,2962.48,COMPRAR ★★,Golden Cross | Cruce MACD | BB zona baja | Stoch 27 | Rebote EMA50 | EMA semanal alcista
2026-09-08 16:29:03,TMUS,6,3051.1,COMPRAR ★★,Golden Cross | RSI 48 óptimo | MACD positivo | Rebote EMA50
2026-09-08 16:29:03,VIS.MC,7,1115.01,COMPRAR ★★,RSI 53 óptimo | Cruce MACD | BB zona baja | Rebote EMA50 | EMA semanal alcista
2026-09-08 16:29:03,FE,5,791.53,OBSERVAR,Golden Cross | RSI 45 rebote | MACD positivo | Rebote EMA50
2026-09-08 16:29:03,DPZ,6,5727.08,COMPRAR ★★,EMA alcista | RSI 52 óptimo | Cruce MACD | BB zona baja
2026-09-08 16:29:03,EMN,9,1184.76,COMPRAR ★★★,EMA alcista | RSI 40 rebote | Cruce MACD | Banda BB inferior | Rebote EMA50 | EMA semanal alcista
2026-09-08 16:29:03,INTU,6,5303.66,COMPRAR ★★,EMA alcista | RSI 33 rebote | Cruce MACD | Banda BB inferior
2026-09-08 16:29:03,FAST,8,836.43,COMPRAR ★★★,EMA alcista | RSI 39 rebote | Cruce MACD | BB zona baja | Stoch 40 | EMA semanal alcista
2026-09-08 16:29:03,LH,8,5514.23,COMPRAR ★★★,EMA alcista | RSI 56 óptimo | Cruce MACD | BB zona baja | EMA semanal alcista
2026-09-08 16:29:03,BIO,5,6478.1,OBSERVAR,EMA alcista | Cruce MACD | EMA semanal alcista
2026-09-08 16:29:03,DIA,9,8938.86,COMPRAR ★★★,EMA alcista | RSI 45 óptimo | Cruce MACD | Banda BB inferior | EMA semanal alcista
2026-09-08 16:29:03,PAYC,8,3718.24,COMPRAR ★★★,EMA alcista | RSI 54 óptimo | Cruce MACD | BB zona baja | EMA semanal alcista
2026-09-08 16:29:03,HERDEZ.MX,5,50.38,OBSERVAR,Golden Cross | RSI 52 óptimo | MACD positivo
2026-09-08 16:29:03,PFG,8,1943.64,COMPRAR ★★★,EMA alcista | RSI 56 óptimo | MACD positivo | EMA semanal alcista
2026-09-08 16:29:03,XLRE,8,746.62,COMPRAR ★★★,Golden Cross | RSI 43 rebote | Cruce MACD | BB zona baja | Stoch 31 | Rebote EMA50 | EMA semanal alcista
2026-09-08 16:29:03,CSX,9,835.42,COMPRAR ★★★,EMA alcista | RSI 44 rebote | Cruce MACD | BB zona baja | Stoch 37 | Rebote EMA50 | EMA semanal alcista
2026-09-08 16:29:03,MET,7,1624.83,COMPRAR ★★,EMA alcista | RSI 48 óptimo | Cruce MACD | EMA semanal alcista
2026-09-08 16:29:03,MCD,5,4332.77,OBSERVAR,Golden Cross | RSI 35 rebote | Cruce MACD | Banda BB inferior
2026-09-08 16:29:03,CDNS,7,4915.26,COMPRAR ★★,Golden Cross | RSI 37 rebote | Cruce MACD | Banda BB inferior | EMA semanal alcista
2026-09-08 16:29:03,AI,6,175.39,COMPRAR ★★,EMA alcista | RSI 56 óptimo | EMA semanal alcista
2026-09-08 16:29:03,TER,5,6307.37,OBSERVAR,Golden Cross | RSI 39 rebote | Cruce MACD | EMA semanal alcista
2026-09-08 16:29:03,CMG,6,625.36,COMPRAR ★★,EMA alcista | MACD positivo | EMA semanal alcista
2026-09-08 16:29:03,XLY,7,1934.68,COMPRAR ★★,RSI 44 rebote | Cruce MACD | Banda BB inferior | Rebote EMA50 | EMA semanal alcista
2026-09-08 16:29:03,MSFT,7,8310.71,COMPRAR ★★,EMA alcista | RSI 56 óptimo | Cruce MACD | EMA semanal alcista
2026-09-08 16:29:03,PG,6,2454.25,COMPRAR ★★,Golden Cross | RSI 55 óptimo | MACD positivo | Rebote EMA50
2026-09-08 16:29:03,KWEB,5,427.31,OBSERVAR,Golden Cross | RSI 32 rebote | Cruce MACD | Banda BB inferior
2026-09-08 16:29:03,ON,7,1235.16,COMPRAR ★★,Golden Cross | RSI 33 rebote | MACD positivo | BB zona baja | EMA semanal alcista
2026-09-08 16:29:03,FICO,5,15325.55,OBSERVAR,Golden Cross | RSI 32 rebote | Cruce MACD | Banda BB inferior
2026-09-08 16:29:03,CPB,9,363.8,COMPRAR ★★★,EMA alcista | RSI 37 rebote | Cruce MACD | Banda BB inferior | Stoch 23 | EMA semanal alcista
2026-09-08 16:29:03,AMAT,6,7946.74,COMPRAR ★★,Golden Cross | RSI 31 rebote | Cruce MACD | BB zona baja | EMA semanal alcista
2026-09-08 16:29:03,INDA,10,832.71,COMPRAR ★★★,EMA alcista | RSI 48 óptimo | Cruce MACD | Banda BB inferior | Rebote EMA50 | EMA semanal alcista
2026-09-08 16:29:03,IQV,5,4461.82,OBSERVAR,EMA alcista | Cruce MACD | EMA semanal alcista
2026-09-08 16:29:03,CLNX.MC,5,499.49,OBSERVAR,Golden Cross | RSI 38 rebote | Cruce MACD | Banda BB inferior
2026-09-08 16:29:03,MTD,9,22632.12,COMPRAR ★★★,EMA alcista | RSI 31 rebote | Cruce MACD | Banda BB inferior | Rebote EMA50 | EMA semanal alcista
2026-09-08 16:29:03,BDX,9,3041.3,COMPRAR ★★★,EMA alcista | RSI 48 óptimo | Cruce MACD | Banda BB inferior | EMA semanal alcista
2026-09-08 16:29:03,ETR,7,1840.64,COMPRAR ★★,Golden Cross | RSI 53 óptimo | MACD positivo | EMA semanal alcista
2026-09-08 16:29:03,PPL,5,599.36,OBSERVAR,Golden Cross | RSI 48 óptimo | MACD positivo
2026-09-08 16:29:03,CNP,6,679.65,COMPRAR ★★,Golden Cross | RSI 49 óptimo | MACD positivo | Rebote EMA50
2026-09-08 16:29:03,CRL,8,4807.52,COMPRAR ★★★,EMA alcista | RSI 54 óptimo | Cruce MACD | BB zona baja | EMA semanal alcista
2026-09-08 16:29:03,PYPL,8,901.38,COMPRAR ★★★,EMA alcista | RSI 33 rebote | Cruce MACD | Banda BB inferior | EMA semanal alcista
2026-09-08 16:29:03,FIVN,9,532.59,COMPRAR ★★★,EMA alcista | RSI 45 óptimo | Cruce MACD | Banda BB inferior | EMA semanal alcista
2026-09-08 16:29:03,TCEHY,5,933.43,OBSERVAR,Golden Cross | RSI 44 rebote | Cruce MACD | Banda BB inferior
2026-09-08 16:29:03,IAG.MC,8,97.32,COMPRAR ★★★,Golden Cross | RSI 48 óptimo | Cruce MACD | BB zona baja | Rebote EMA50 | EMA semanal alcista
2026-09-08 16:29:03,MTS.MC,6,1316.39,COMPRAR ★★,EMA alcista | MACD positivo | EMA semanal alcista
2026-09-08 16:29:03,ITX.MC,11,1111.47,COMPRAR ★★★,EMA alcista | RSI 47 óptimo | Cruce MACD | Volumen alto | Banda BB inferior | Rebote EMA50 | EMA semanal alcista
2026-09-08 16:29:03,EWG,8,739.44,COMPRAR ★★★,EMA alcista | RSI 51 óptimo | Cruce MACD | BB zona baja | EMA semanal alcista
2026-09-08 16:29:03,PCTY,9,2453.99,COMPRAR ★★★,EMA alcista | RSI 46 óptimo | Cruce MACD | Banda BB inferior | EMA semanal alcista
2026-09-08 16:29:03,AMGN,9,6694.04,COMPRAR ★★★,EMA alcista | RSI 38 rebote | Cruce MACD | Banda BB inferior | Rebote EMA50 | EMA semanal alcista
2026-09-08 16:29:03,PEP,6,2340.42,COMPRAR ★★,Golden Cross | RSI 49 óptimo | Cruce MACD | BB zona baja | Rebote EMA50
2026-09-08 16:29:03,FITB,8,925.65,COMPRAR ★★★,Golden Cross | RSI 33 rebote | Cruce MACD | BB zona baja | Stoch 41 | Rebote EMA50 | EMA semanal alcista
2026-09-08 16:29:03,TSLA,5,6238.78,OBSERVAR,Golden Cross | RSI 60 óptimo | MACD positivo
2026-09-08 16:29:03,CIBR,7,1582.38,COMPRAR ★★,EMA alcista | RSI 44 rebote | Cruce MACD | BB zona baja | EMA semanal alcista
2026-09-08 16:29:03,EFX,6,2913.01,COMPRAR ★★,EMA alcista | RSI 41 rebote | Cruce MACD | Banda BB inferior
2026-09-08 16:29:03,STLD,7,4098.87,COMPRAR ★★,Golden Cross | RSI 45 rebote | MACD positivo | Rebote EMA50 | EMA semanal alcista
2026-09-08 16:29:03,ACHC,7,469.84,COMPRAR ★★,Golden Cross | RSI 52 óptimo | Cruce MACD | BB zona baja | EMA semanal alcista
2026-09-08 16:29:03,AFL,6,1954.3,COMPRAR ★★,Golden Cross | RSI 34 rebote | BB zona baja | Rebote EMA50 | EMA semanal alcista
2026-09-08 16:29:03,IBM,7,3912.48,COMPRAR ★★,Golden Cross | RSI 49 óptimo | MACD positivo | BB zona baja | Rebote EMA50
2026-09-08 16:29:03,IRM,8,2001.4,COMPRAR ★★★,Golden Cross | RSI 34 rebote | Cruce MACD | BB zona baja | Stoch 41 | Rebote EMA50 | EMA semanal alcista
2026-09-08 16:29:03,RF,6,511.7,COMPRAR ★★,EMA alcista | RSI 37 rebote | Cruce MACD | EMA semanal alcista
2026-09-08 16:29:03,AVY,9,2892.97,COMPRAR ★★★,EMA alcista | RSI 41 rebote | Cruce MACD | Banda BB inferior | Rebote EMA50 | EMA semanal alcista
2026-09-08 16:29:03,AKAM,6,1719.88,COMPRAR ★★,Golden Cross | Cruce MACD | Banda BB inferior | EMA semanal alcista
2026-09-08 16:29:03,MPWR,6,20692.8,COMPRAR ★★,Golden Cross | Cruce MACD | BB zona baja | Stoch 23 | EMA semanal alcista
2026-09-08 16:29:03,KTOS,3,821.8,EVITAR,Golden Cross | Cruce MACD | BB zona baja
2026-09-08 16:29:03,SBUX,9,1738.15,COMPRAR ★★★,EMA alcista | RSI 41 rebote | Cruce MACD | Banda BB inferior | Rebote EMA50 | EMA semanal alcista
2026-09-08 16:29:03,ADI,7,6154.81,COMPRAR ★★,Golden Cross | RSI 38 rebote | Cruce MACD | BB zona baja | Stoch 44 | EMA semanal alcista
2026-09-08 16:29:03,TEF.MC,7,71.25,COMPRAR ★★,EMA alcista | RSI 43 rebote | BB zona baja | Rebote EMA50 | EMA semanal alcista
2026-09-08 16:29:03,ACN,6,3012.04,COMPRAR ★★,EMA alcista | RSI 55 óptimo | Cruce MACD | BB zona baja
2026-09-08 16:29:03,CME,5,4719.32,OBSERVAR,EMA alcista | RSI 58 óptimo | Cruce MACD
2026-09-08 16:29:03,IBE.MC,8,390.94,COMPRAR ★★★,Golden Cross | RSI 40 rebote | Cruce MACD | BB zona baja | Stoch 41 | Rebote EMA50 | EMA semanal alcista
2026-09-08 16:29:03,AOS,5,1006.83,OBSERVAR,RSI 45 rebote | Cruce MACD | Banda BB inferior | Rebote EMA50
2026-09-08 16:29:03,ARKG,7,793.73,COMPRAR ★★,EMA alcista | RSI 63 óptimo | Cruce MACD | EMA semanal alcista
2026-09-08 16:29:03,XYL,5,1854.43,OBSERVAR,Golden Cross | RSI 41 rebote | Cruce MACD | BB zona baja | Stoch 38
2026-09-08 16:29:03,CEG,4,5091.15,OBSERVAR,EMA alcista | MACD positivo
2026-09-08 16:29:03,UAL,7,1851.47,COMPRAR ★★,Golden Cross | RSI 36 rebote | Cruce MACD | BB zona baja | Stoch 34 | EMA semanal alcista
2026-09-08 16:29:03,CRWD,6,3533.46,COMPRAR ★★,EMA alcista | RSI 49 óptimo | EMA semanal alcista
2026-09-08 16:29:03,INVH,6,479.57,COMPRAR ★★,Golden Cross | Cruce MACD | Banda BB inferior | EMA semanal alcista
2026-09-08 16:29:03,EXC,5,748.23,OBSERVAR,Golden Cross | RSI 43 rebote | MACD positivo | Rebote EMA50
2026-09-08 16:29:03,EXR,6,2367.65,COMPRAR ★★,Golden Cross | Cruce MACD | Banda BB inferior | EMA semanal alcista
2026-09-08 16:29:03,AMT,7,3010.26,COMPRAR ★★,EMA alcista | RSI 61 óptimo | MACD positivo | Cruce MACD
2026-09-08 16:29:03,PSX,6,4377.85,COMPRAR ★★,EMA alcista | MACD positivo | EMA semanal alcista
2026-09-08 16:29:03,CELH,7,504.01,COMPRAR ★★,EMA alcista | RSI 50 óptimo | Cruce MACD | BB zona baja | Rebote EMA50
2026-09-08 16:29:03,QCOM,6,2981.09,COMPRAR ★★,Golden Cross | MACD positivo | Volumen alto | EMA semanal alcista
2026-09-08 16:29:03,SMR,3,188.74,EVITAR,Golden Cross | MACD positivo
2026-09-08 16:29:03,GWW,7,21651.18,COMPRAR ★★,Golden Cross | RSI 43 rebote | Banda BB inferior | Rebote EMA50 | EMA semanal alcista
2026-09-08 16:29:03,ARM,8,4462.92,VENDER,Golden Cross | RSI 56 óptimo | MACD positivo | Rebote EMA50 | EMA semanal alcista | 🛑 Stop Loss -25.8%
2026-09-08 16:29:03,VRSN,8,4739.11,COMPRAR ★★★,EMA alcista | RSI 54 óptimo | BB zona baja | Rebote EMA50 | EMA semanal alcista
2026-09-08 16:29:03,EQIX,8,17753.24,COMPRAR ★★★,EMA alcista | RSI 41 rebote | Cruce MACD | BB zona baja | Stoch 48 | EMA semanal alcista
2026-09-08 16:29:03,MLM,6,8684.49,COMPRAR ★★,Golden Cross | RSI 46 óptimo | Cruce MACD | BB zona baja | Stoch 28
2026-09-08 16:29:03,HOOD,6,2046.06,COMPRAR ★★,EMA alcista | MACD positivo | EMA semanal alcista
2026-09-08 16:29:03,GCC.MX,7,188.35,COMPRAR ★★,Golden Cross | RSI 44 rebote | Cruce MACD | Banda BB inferior | EMA semanal alcista
2026-09-08 16:29:03,NTAP,6,3142.94,COMPRAR ★★,EMA alcista | Cruce MACD | BB zona baja | EMA semanal alcista
2026-09-08 16:29:03,COST,5,15375.1,OBSERVAR,Golden Cross | RSI 33 rebote | Cruce MACD | Banda BB inferior
2026-09-08 16:29:03,ASURB.MX,6,435.39,COMPRAR ★★,Golden Cross | RSI 42 rebote | MACD positivo | BB zona baja | Stoch 42
2026-09-08 16:29:03,ARE,6,860.79,COMPRAR ★★,EMA alcista | MACD positivo | EMA semanal alcista
2026-09-08 16:29:03,NI,5,709.92,OBSERVAR,Golden Cross | RSI 49 óptimo | MACD positivo
2026-09-08 16:29:03,XEL,6,1296.38,COMPRAR ★★,Golden Cross | RSI 37 rebote | Cruce MACD | BB zona baja | Stoch 37 | Rebote EMA50
2026-09-08 16:29:03,HDB,6,380.54,COMPRAR ★★,Golden Cross | RSI 42 rebote | MACD positivo | Banda BB inferior
2026-09-08 16:29:03,BBWI,7,319.49,COMPRAR ★★,Golden Cross | RSI 43 rebote | MACD positivo | Rebote EMA50 | EMA semanal alcista
2026-09-08 16:29:03,SMSNN.MX,5,78432.14,OBSERVAR,Golden Cross | MACD positivo | EMA semanal alcista
2026-09-08 16:29:03,GL,9,2881.13,COMPRAR ★★★,EMA alcista | RSI 36 rebote | Cruce MACD | Banda BB inferior | Rebote EMA50 | EMA semanal alcista
2026-09-08 16:29:03,MMM,8,2812.21,COMPRAR ★★★,EMA alcista | Cruce MACD | Banda BB inferior | Rebote EMA50 | EMA semanal alcista
2026-09-08 16:29:03,NU,8,260.38,COMPRAR ★★★,EMA alcista | RSI 62 óptimo | MACD positivo | EMA semanal alcista
2026-09-08 16:29:03,CMS,6,1169.79,COMPRAR ★★,Golden Cross | RSI 35 rebote | MACD positivo | Stoch 44 | Rebote EMA50
2026-09-08 16:29:03,GOOGL,7,5727.76,COMPRAR ★★,Golden Cross | RSI 44 rebote | Cruce MACD | BB zona baja | Rebote EMA50 | EMA semanal alcista
2026-09-08 16:29:03,INTC,7,1770.79,COMPRAR ★★,Golden Cross | RSI 62 óptimo | MACD positivo | EMA semanal alcista
2026-09-08 16:29:03,KMB,8,1745.08,COMPRAR ★★★,EMA alcista | RSI 41 rebote | Cruce MACD | Banda BB inferior | EMA semanal alcista
2026-09-08 16:29:03,BOTZ,8,603.54,COMPRAR ★★★,Golden Cross | RSI 42 rebote | Cruce MACD | BB zona baja | Stoch 50 | Rebote EMA50 | EMA semanal alcista
2026-09-08 16:29:03,ORCL,3,2750.9,EVITAR,Golden Cross | MACD positivo
2026-09-08 16:29:03,ICLN,6,310.53,COMPRAR ★★,Golden Cross | RSI 62 óptimo | MACD positivo | Rebote EMA50
2026-09-08 16:29:03,KO,8,1492.83,COMPRAR ★★★,EMA alcista | RSI 47 óptimo | Cruce MACD | BB zona baja | EMA semanal alcista
2026-09-08 16:29:03,TEL,7,3525.43,COMPRAR ★★,Golden Cross | RSI 56 óptimo | MACD positivo | EMA semanal alcista
2026-09-08 16:29:03,VLO,6,6463.32,COMPRAR ★★,EMA alcista | MACD positivo | EMA semanal alcista
2026-09-08 16:29:03,FXI,8,590.69,COMPRAR ★★★,EMA alcista | RSI 48 óptimo | Cruce MACD | Banda BB inferior | Rebote EMA50
2026-09-08 16:29:03,ODFL,7,3155.12,COMPRAR ★★,Golden Cross | Cruce MACD | Banda BB inferior | Stoch 22 | EMA semanal alcista
2026-09-08 16:29:03,NOC,4,8720.34,OBSERVAR,Golden Cross | Cruce MACD | Banda BB inferior
2026-09-08 16:29:03,ALB,6,2149.47,COMPRAR ★★,Golden Cross | RSI 43 rebote | Cruce MACD | Banda BB inferior | Stoch 21
2026-09-08 16:29:03,LDOS,6,2190.4,COMPRAR ★★,EMA alcista | Cruce MACD | Banda BB inferior | Rebote EMA50
2026-09-08 16:29:03,TECL,8,3515.03,COMPRAR ★★★,EMA alcista | RSI 54 óptimo | MACD positivo | EMA semanal alcista
2026-09-08 16:29:03,FIBRAPL14.MX,7,73.9,COMPRAR ★★,Golden Cross | RSI 54 óptimo | BB zona baja | Rebote EMA50 | EMA semanal alcista
2026-09-08 16:29:03,GPN,8,1526.91,COMPRAR ★★★,EMA alcista | RSI 50 óptimo | Cruce MACD | BB zona baja | EMA semanal alcista
2026-09-08 16:29:03,MKC,7,874.23,COMPRAR ★★,EMA alcista | RSI 33 rebote | Cruce MACD | Banda BB inferior | Rebote EMA50
2026-09-08 16:29:03,WMB,8,1270.5,COMPRAR ★★★,EMA alcista | RSI 50 óptimo | MACD positivo | EMA semanal alcista
2026-09-08 16:29:03,AJG,8,4285.92,COMPRAR ★★★,EMA alcista | RSI 54 óptimo | Cruce MACD | BB zona baja | EMA semanal alcista
2026-09-08 16:29:03,ETN,8,7232.84,COMPRAR ★★★,EMA alcista | Golden Cross | RSI 48 óptimo | Cruce MACD | EMA semanal alcista
2026-09-08 16:29:03,NVCR,7,295.81,COMPRAR ★★,EMA alcista | RSI 52 óptimo | Cruce MACD | EMA semanal alcista
2026-09-08 16:29:03,PAYX,8,1971.89,COMPRAR ★★★,EMA alcista | RSI 43 rebote | Cruce MACD | Banda BB inferior | EMA semanal alcista
2026-09-08 16:29:03,RTX,7,3366.03,COMPRAR ★★,EMA alcista | Cruce MACD | Banda BB inferior | EMA semanal alcista
2026-09-08 16:29:03,ECL,9,4688.96,COMPRAR ★★★,EMA alcista | RSI 46 óptimo | Cruce MACD | BB zona baja | Rebote EMA50 | EMA semanal alcista
2026-09-08 16:29:03,C,8,2326.21,COMPRAR ★★★,EMA alcista | RSI 50 óptimo | MACD positivo | EMA semanal alcista
2026-09-08 16:29:03,ELE.MC,9,813.74,COMPRAR ★★★,EMA alcista | RSI 50 óptimo | Cruce MACD | BB zona baja | Stoch 31 | EMA semanal alcista
2026-09-08 16:29:03,AXON,8,8594.34,COMPRAR ★★★,EMA alcista | RSI 31 rebote | Cruce MACD | Banda BB inferior | EMA semanal alcista
2026-09-08 16:29:03,DUOL,8,2441.73,COMPRAR ★★★,EMA alcista | RSI 55 óptimo | MACD positivo | EMA semanal alcista
2026-09-08 16:29:03,WHR,5,656.39,OBSERVAR,Golden Cross | RSI 48 óptimo | Cruce MACD | BB zona baja
2026-09-08 16:29:03,TMO,7,10251.9,COMPRAR ★★,EMA alcista | RSI 58 óptimo | Cruce MACD | EMA semanal alcista
2026-09-08 16:29:03,MAA,8,2173.66,COMPRAR ★★★,Golden Cross | RSI 43 rebote | Cruce MACD | Banda BB inferior | Rebote EMA50 | EMA semanal alcista
2026-09-08 16:29:03,TRV,7,6206.04,COMPRAR ★★,EMA alcista | RSI 49 óptimo | Cruce MACD | EMA semanal alcista
2026-09-08 16:29:03,FDS,8,4912.38,COMPRAR ★★★,EMA alcista | RSI 54 óptimo | Cruce MACD | BB zona baja | EMA semanal alcista
2026-09-08 16:29:03,GILD,4,2473.78,OBSERVAR,EMA alcista | RSI 55 óptimo
2026-09-08 16:29:03,XLB,8,882.18,COMPRAR ★★★,EMA alcista | RSI 54 óptimo | Cruce MACD | BB zona baja | EMA semanal alcista
2026-09-08 16:29:03,MTB,6,4077.47,COMPRAR ★★,EMA alcista | RSI 38 rebote | Cruce MACD | EMA semanal alcista
2026-09-08 16:29:03,GFNORTEO.MX,6,198.17,COMPRAR ★★,EMA alcista | MACD positivo | EMA semanal alcista
2026-09-08 16:29:03,SBAC,4,3248.14,OBSERVAR,EMA alcista | MACD positivo
2026-09-08 16:29:03,BIDU,6,1534.26,COMPRAR ★★,Golden Cross | RSI 50 óptimo | MACD positivo | BB zona baja
2026-09-08 16:29:03,INCY,7,2120.21,COMPRAR ★★,EMA alcista | RSI 54 óptimo | Cruce MACD | EMA semanal alcista
2026-09-08 16:29:03,TDY,5,10238.54,OBSERVAR,Golden Cross | Cruce MACD | BB zona baja | EMA semanal alcista
2026-09-08 16:29:03,LIN,6,7908.77,COMPRAR ★★,Golden Cross | RSI 40 rebote | Banda BB inferior | EMA semanal alcista
2026-09-08 16:29:03,NTES,7,2012.82,COMPRAR ★★,Golden Cross | RSI 44 rebote | Cruce MACD | BB zona baja | Stoch 26 | EMA semanal alcista
2026-09-08 16:29:03,PRU,6,2040.05,COMPRAR ★★,EMA alcista | RSI 43 rebote | Cruce MACD | EMA semanal alcista
2026-09-08 16:29:03,EME,7,13009.82,COMPRAR ★★,Golden Cross | RSI 36 rebote | Cruce MACD | Stoch 43 | Rebote EMA50 | EMA semanal alcista
2026-09-08 16:29:03,USO,6,2429.21,COMPRAR ★★,EMA alcista | MACD positivo | EMA semanal alcista
2026-09-08 16:29:03,LW,9,833.98,COMPRAR ★★★,EMA alcista | RSI 37 rebote | Cruce MACD | Banda BB inferior | Rebote EMA50 | EMA semanal alcista
2026-09-08 16:29:03,RJF,7,3011.11,COMPRAR ★★,EMA alcista | RSI 48 óptimo | Cruce MACD | EMA semanal alcista
2026-09-08 16:29:03,HPQ,8,525.4,COMPRAR ★★★,EMA alcista | RSI 55 óptimo | MACD positivo | EMA semanal alcista
2026-09-08 16:29:03,LNT,6,1163.78,COMPRAR ★★,Golden Cross | RSI 40 rebote | MACD positivo | Stoch 46 | Rebote EMA50
2026-09-08 16:29:03,NVDA,8,3818.45,COMPRAR ★★★,EMA alcista | RSI 54 óptimo | MACD positivo | EMA semanal alcista
2026-09-08 16:29:03,EMR,8,2588.79,COMPRAR ★★★,EMA alcista | RSI 42 rebote | Cruce MACD | BB zona baja | Stoch 50 | EMA semanal alcista
2026-09-08 16:29:03,PLTR,8,2886.96,VENDER,EMA alcista | RSI 49 óptimo | Cruce MACD | BB zona baja | EMA semanal alcista | 🎯 Take Profit +26.5%
2026-09-08 16:29:03,LVS,4,747.13,OBSERVAR,Golden Cross | RSI 43 rebote | Cruce MACD | BB zona baja
2026-09-08 16:29:03,BWA,8,1129.03,COMPRAR ★★★,EMA alcista | RSI 47 óptimo | MACD positivo | EMA semanal alcista
2026-09-08 16:29:03,ZBH,9,1575.28,COMPRAR ★★★,EMA alcista | RSI 34 rebote | Cruce MACD | Banda BB inferior | Rebote EMA50 | EMA semanal alcista
2026-09-08 16:29:03,URI,6,17229.61,COMPRAR ★★,Golden Cross | Cruce MACD | BB zona baja | Stoch 31 | EMA semanal alcista
2026-09-08 16:29:03,EIX,5,999.56,OBSERVAR,Golden Cross | RSI 32 rebote | Cruce MACD | BB zona baja | Stoch 28
2026-09-08 16:29:03,EBAY,9,1713.46,COMPRAR ★★★,Golden Cross | RSI 49 óptimo | MACD positivo | Banda BB inferior | EMA semanal alcista
2026-09-08 16:29:03,LOG.MC,9,697.33,COMPRAR ★★★,EMA alcista | RSI 49 óptimo | Cruce MACD | BB zona baja | Stoch 34 | EMA semanal alcista
2026-09-08 16:29:03,CF,4,2266.68,OBSERVAR,EMA alcista | MACD positivo
2026-09-08 16:29:03,GE,7,5731.65,COMPRAR ★★,Golden Cross | Cruce MACD | BB zona baja | Stoch 21 | Rebote EMA50 | EMA semanal alcista
2026-09-08 16:29:03,AME,7,4066.39,COMPRAR ★★,EMA alcista | RSI 38 rebote | Cruce MACD | Stoch 47 | EMA semanal alcista
2026-09-08 16:29:03,ROP,9,6678.94,COMPRAR ★★★,EMA alcista | RSI 50 óptimo | Cruce MACD | Banda BB inferior | EMA semanal alcista
2026-09-08 16:29:03,AWK,6,2389.3,COMPRAR ★★,EMA alcista | RSI 62 óptimo | MACD positivo
2026-09-08 16:29:03,CHTR,8,2466.08,COMPRAR ★★★,EMA alcista | RSI 48 óptimo | Cruce MACD | Banda BB inferior | Rebote EMA50
2026-09-08 16:29:03,PWR,7,10863.56,COMPRAR ★★,Golden Cross | RSI 34 rebote | Cruce MACD | Stoch 43 | Rebote EMA50 | EMA semanal alcista
2026-09-08 16:29:03,NEMAKA.MX,3,3.12,EVITAR,Golden Cross | MACD positivo
2026-09-08 16:29:03,GIS,10,626.88,COMPRAR ★★★,EMA alcista | RSI 45 óptimo | Cruce MACD | Banda BB inferior | Rebote EMA50 | EMA semanal alcista
2026-09-08 16:29:03,JCI,5,2469.47,OBSERVAR,Golden Cross | RSI 42 rebote | Cruce MACD | EMA semanal alcista
2026-09-08 16:29:03,LYV,8,2894.07,COMPRAR ★★★,EMA alcista | RSI 37 rebote | Cruce MACD | Banda BB inferior | EMA semanal alcista
2026-09-08 16:29:03,JKHY,5,2724.01,OBSERVAR,EMA alcista | RSI 62 óptimo | Cruce MACD
2026-09-08 16:29:03,USB,6,1064.08,COMPRAR ★★,EMA alcista | RSI 39 rebote | Cruce MACD | EMA semanal alcista
2026-09-08 16:29:03,FISV,6,864.34,COMPRAR ★★,Golden Cross | RSI 47 óptimo | Cruce MACD | Banda BB inferior
2026-09-08 16:29:03,DVA,7,3089.5,COMPRAR ★★,Golden Cross | RSI 59 óptimo | MACD positivo | EMA semanal alcista
2026-09-08 16:29:03,PDD,4,1341.79,OBSERVAR,Golden Cross | Cruce MACD | Banda BB inferior
2026-09-08 16:29:03,JD,7,464.18,COMPRAR ★★,Golden Cross | RSI 34 rebote | Cruce MACD | Banda BB inferior | EMA semanal alcista
2026-09-08 16:29:03,VESTA.MX,7,57.99,COMPRAR ★★,Golden Cross | RSI 51 óptimo | BB zona baja | Rebote EMA50 | EMA semanal alcista
2026-09-08 16:29:03,MRNA,4,2447.82,OBSERVAR,EMA alcista | EMA semanal alcista
2026-09-08 16:29:03,AMD,7,8581.66,COMPRAR ★★,Golden Cross | RSI 58 óptimo | MACD positivo | EMA semanal alcista
2026-09-08 16:29:03,ADSK,6,3572.96,COMPRAR ★★,EMA alcista | RSI 30 rebote | Cruce MACD | Banda BB inferior
2026-09-08 16:29:03,TROW,7,1857.05,COMPRAR ★★,RSI 48 óptimo | Cruce MACD | BB zona baja | Rebote EMA50 | EMA semanal alcista
2026-09-08 16:29:03,XOM,7,2698.81,COMPRAR ★★,EMA alcista | RSI 38 rebote | Cruce MACD | BB zona baja | EMA semanal alcista
2026-09-08 16:29:03,NSC,9,5570.47,COMPRAR ★★★,EMA alcista | RSI 39 rebote | Cruce MACD | Banda BB inferior | Rebote EMA50 | EMA semanal alcista
2026-09-08 16:29:03,FER.MC,3,983.26,EVITAR,Golden Cross | Cruce MACD | BB zona baja
2026-09-08 16:29:03,NVR,5,103484.31,OBSERVAR,Golden Cross | RSI 43 rebote | Cruce MACD | Banda BB inferior
2026-09-08 16:29:03,GRMN,7,4719.28,COMPRAR ★★,EMA alcista | Cruce MACD | BB zona baja | Stoch 28 | EMA semanal alcista
2026-09-08 16:29:03,KLAC,6,3181.42,COMPRAR ★★,Golden Cross | RSI 43 rebote | MACD positivo | EMA semanal alcista
2026-09-08 16:29:03,XLC,6,1883.35,COMPRAR ★★,EMA alcista | RSI 53 óptimo | BB zona baja | Rebote EMA50
2026-09-08 16:29:03,PBR,6,348.41,COMPRAR ★★,EMA alcista | MACD positivo | EMA semanal alcista
2026-09-08 16:29:03,BKNG,7,3084.42,COMPRAR ★★,EMA alcista | Cruce MACD | Banda BB inferior | EMA semanal alcista
2026-09-08 16:29:03,CB,9,5743.49,COMPRAR ★★★,EMA alcista | RSI 43 rebote | MACD positivo | BB zona baja | Rebote EMA50 | EMA semanal alcista
2026-09-08 16:29:03,RSG,6,3747.84,COMPRAR ★★,EMA alcista | RSI 58 óptimo | MACD positivo
2026-09-08 16:29:03,UPST,7,462.57,COMPRAR ★★,Golden Cross | RSI 42 rebote | Cruce MACD | Banda BB inferior | EMA semanal alcista
2026-09-08 16:29:03,YPF,8,897.07,COMPRAR ★★★,EMA alcista | RSI 62 óptimo | MACD positivo | EMA semanal alcista
2026-09-08 16:29:03,BALL,9,1044.46,COMPRAR ★★★,EMA alcista | RSI 52 óptimo | Cruce MACD | BB zona baja | Rebote EMA50 | EMA semanal alcista
2026-09-08 16:29:03,DRI,8,3639.68,COMPRAR ★★★,EMA alcista | RSI 46 óptimo | Cruce MACD | BB zona baja | EMA semanal alcista
2026-09-08 16:29:03,SHW,8,5527.0,COMPRAR ★★★,EMA alcista | RSI 32 rebote | Cruce MACD | Banda BB inferior | EMA semanal alcista
2026-09-08 16:29:03,DLR,6,3237.49,COMPRAR ★★,EMA alcista | RSI 44 rebote | Cruce MACD | EMA semanal alcista
2026-09-08 16:29:03,AVGO,5,6217.9,OBSERVAR,Golden Cross | RSI 42 rebote | Cruce MACD | EMA semanal alcista
2026-09-08 16:29:03,CVS,8,1624.92,COMPRAR ★★★,Golden Cross | RSI 54 óptimo | MACD positivo | Rebote EMA50 | EMA semanal alcista
2026-09-08 16:29:03,ARKF,8,780.2,COMPRAR ★★★,EMA alcista | RSI 64 óptimo | MACD positivo | EMA semanal alcista
2026-09-08 16:29:03,APH,8,1406.32,COMPRAR ★★★,EMA alcista | RSI 59 óptimo | MACD positivo | EMA semanal alcista
2026-09-08 16:29:03,SOFI,7,305.96,COMPRAR ★★,EMA alcista | RSI 53 óptimo | Cruce MACD | EMA semanal alcista
2026-09-08 16:29:03,MAR,6,5597.61,COMPRAR ★★,Golden Cross | Cruce MACD | Banda BB inferior | EMA semanal alcista
2026-09-08 16:29:03,PCAR,9,2083.34,COMPRAR ★★★,EMA alcista | RSI 36 rebote | Cruce MACD | Banda BB inferior | Rebote EMA50 | EMA semanal alcista
2026-09-08 16:29:03,CVX,8,3559.59,COMPRAR ★★★,EMA alcista | RSI 63 óptimo | MACD positivo | EMA semanal alcista
2026-09-08 16:29:03,DLTR,9,2111.59,COMPRAR ★★★,EMA alcista | RSI 43 rebote | Cruce MACD | Banda BB inferior | Rebote EMA50 | EMA semanal alcista
2026-09-08 16:29:03,MDT,7,1569.51,COMPRAR ★★,EMA alcista | RSI 52 óptimo | Cruce MACD | EMA semanal alcista
2026-09-08 16:29:03,GMEXICOB.MX,7,229.91,COMPRAR ★★,EMA alcista | RSI 65 óptimo | Cruce MACD | EMA semanal alcista
2026-09-08 16:29:03,ITW,7,4533.36,COMPRAR ★★,EMA alcista | Cruce MACD | Banda BB inferior | EMA semanal alcista
2026-09-08 16:29:03,IP,9,627.3,COMPRAR ★★★,EMA alcista | RSI 35 rebote | Cruce MACD | Banda BB inferior | Stoch 23 | EMA semanal alcista
2026-09-08 16:29:03,TXN,7,4360.85,COMPRAR ★★,Golden Cross | RSI 34 rebote | Cruce MACD | BB zona baja | Stoch 33 | EMA semanal alcista
2026-09-08 16:29:03,FTV,7,956.68,COMPRAR ★★,Golden Cross | RSI 35 rebote | Cruce MACD | Banda BB inferior | EMA semanal alcista
2026-09-08 16:29:03,MGM,6,693.77,COMPRAR ★★,Golden Cross | Cruce MACD | Banda BB inferior | EMA semanal alcista
2026-09-08 16:29:03,ANA.MC,8,4228.01,COMPRAR ★★★,Golden Cross | RSI 56 óptimo | MACD positivo | Volumen alto | EMA semanal alcista
2026-09-08 16:29:03,APD,9,5054.96,COMPRAR ★★★,EMA alcista | RSI 44 rebote | Cruce MACD | Banda BB inferior | Rebote EMA50 | EMA semanal alcista
2026-09-08 16:29:03,EWZ,6,652.12,COMPRAR ★★,EMA alcista | MACD positivo | EMA semanal alcista
2026-09-08 16:29:03,HUM,6,6835.81,COMPRAR ★★,EMA alcista | MACD positivo | EMA semanal alcista
2026-09-08 16:29:03,HWM,7,4075.95,COMPRAR ★★,Golden Cross | Cruce MACD | Volumen alto | Banda BB inferior | EMA semanal alcista
2026-09-08 16:29:03,FMTY14.MX,8,14.06,COMPRAR ★★★,Golden Cross | RSI 50 óptimo | Banda BB inferior | Rebote EMA50 | EMA semanal alcista
2026-09-08 16:29:03,ESS,7,4710.27,COMPRAR ★★,Golden Cross | RSI 42 rebote | Cruce MACD | BB zona baja | Rebote EMA50 | EMA semanal alcista
2026-09-08 16:29:03,MO,8,1154.57,COMPRAR ★★★,Golden Cross | RSI 63 óptimo | MACD positivo | Rebote EMA50 | EMA semanal alcista
2026-09-08 16:29:03,GNRC,6,3206.61,COMPRAR ★★,Golden Cross | Cruce MACD | BB zona baja | Stoch 33 | EMA semanal alcista
2026-09-08 16:29:03,WY,7,386.12,COMPRAR ★★,Golden Cross | RSI 41 rebote | Cruce MACD | Banda BB inferior | EMA semanal alcista
2026-09-08 16:29:03,ARKK,8,1460.78,COMPRAR ★★★,EMA alcista | RSI 64 óptimo | MACD positivo | EMA semanal alcista
2026-09-08 16:29:03,LYB,6,1095.79,COMPRAR ★★,EMA alcista | RSI 50 óptimo | Cruce MACD | Stoch 48
2026-09-08 16:29:03,CRM,6,4200.34,COMPRAR ★★,EMA alcista | MACD positivo | EMA semanal alcista
2026-09-08 16:29:03,TSCO,5,597.62,OBSERVAR,EMA alcista | RSI 58 óptimo | Cruce MACD
2026-09-08 16:29:03,ADM,8,1430.59,COMPRAR ★★★,EMA alcista | RSI 58 óptimo | MACD positivo | EMA semanal alcista
2026-09-08 16:29:03,FMC,4,214.12,OBSERVAR,EMA alcista | MACD positivo
2026-09-08 16:29:03,IVZ,7,554.32,COMPRAR ★★,EMA alcista | RSI 53 óptimo | Cruce MACD | EMA semanal alcista
2026-09-08 16:29:03,SNA,7,6432.27,COMPRAR ★★,Golden Cross | RSI 31 rebote | Cruce MACD | Banda BB inferior | EMA semanal alcista
2026-09-08 16:29:03,MCK,6,15211.04,COMPRAR ★★,EMA alcista | RSI 58 óptimo | MACD positivo
2026-09-08 16:29:03,HD,7,5352.46,COMPRAR ★★,Golden Cross | RSI 32 rebote | Cruce MACD | Banda BB inferior | EMA semanal alcista
2026-09-08 16:29:03,FIBRAHD15.MX,7,2.18,COMPRAR ★★,Golden Cross | RSI 51 óptimo | MACD positivo | Stoch 29 | Rebote EMA50
2026-09-08 16:29:03,ICE,5,2688.58,OBSERVAR,EMA alcista | RSI 55 óptimo | Cruce MACD
2026-09-08 16:29:03,GOOG,7,5673.13,COMPRAR ★★,Golden Cross | RSI 44 rebote | Cruce MACD | BB zona baja | Rebote EMA50 | EMA semanal alcista
2026-09-08 16:29:03,FANG,7,3384.46,COMPRAR ★★,EMA alcista | RSI 33 rebote | Cruce MACD | BB zona baja | EMA semanal alcista
2026-09-08 16:29:03,MCHP,8,1251.56,COMPRAR ★★★,Golden Cross | RSI 37 rebote | MACD positivo | BB zona baja | Stoch 40 | EMA semanal alcista
2026-09-08 16:29:03,PLUG,9,39.07,VENDER,Golden Cross | RSI 57 óptimo | MACD positivo | Cruce MACD | Rebote EMA50 | EMA semanal alcista | 🛑 Stop Loss -42.5%
2026-09-08 16:29:03,NFLX,7,1293.68,COMPRAR ★★,EMA alcista | RSI 47 óptimo | Cruce MACD | BB zona baja | Rebote EMA50
2026-09-08 16:29:03,SPGI,8,7301.34,COMPRAR ★★★,EMA alcista | RSI 58 óptimo | MACD positivo | EMA semanal alcista
2026-09-08 16:29:03,F,8,240.36,COMPRAR ★★★,EMA alcista | RSI 54 óptimo | MACD positivo | EMA semanal alcista
2026-09-08 16:29:03,LKQ,6,419.19,COMPRAR ★★,Golden Cross | RSI 49 óptimo | Cruce MACD | BB zona baja | Rebote EMA50
2026-09-08 16:29:03,CFG,7,1192.37,COMPRAR ★★,EMA alcista | RSI 36 rebote | Cruce MACD | Stoch 45 | EMA semanal alcista
2026-09-08 16:29:03,STT,7,3263.87,COMPRAR ★★,EMA alcista | RSI 52 óptimo | Cruce MACD | EMA semanal alcista
2026-09-08 16:29:03,JBHT,7,4626.89,COMPRAR ★★,Golden Cross | RSI 49 óptimo | MACD positivo | EMA semanal alcista
2026-09-08 16:29:03,STE,8,3718.75,COMPRAR ★★★,EMA alcista | Cruce MACD | Banda BB inferior | Rebote EMA50 | EMA semanal alcista
2026-09-08 16:29:03,Q.MX,6,156.21,COMPRAR ★★,Golden Cross | RSI 64 óptimo | MACD positivo | Rebote EMA50
2026-09-08 16:29:03,ROBO,8,1354.48,COMPRAR ★★★,Golden Cross | RSI 41 rebote | Cruce MACD | BB zona baja | Stoch 43 | Rebote EMA50 | EMA semanal alcista
2026-09-08 16:29:03,ALGN,6,2616.1,COMPRAR ★★,Golden Cross | RSI 31 rebote | Cruce MACD | BB zona baja | EMA semanal alcista
2026-09-08 16:29:03,UNH,8,6721.9,COMPRAR ★★★,Golden Cross | RSI 53 óptimo | MACD positivo | Rebote EMA50 | EMA semanal alcista
2026-09-08 16:29:03,GPC,7,2263.64,COMPRAR ★★,EMA alcista | RSI 56 óptimo | Cruce MACD | EMA semanal alcista
2026-09-08 16:29:03,PHM,7,2055.01,COMPRAR ★★,Golden Cross | RSI 41 rebote | Cruce MACD | Banda BB inferior | EMA semanal alcista
2026-09-08 16:29:03,AIG,8,1280.06,COMPRAR ★★★,Golden Cross | RSI 47 óptimo | Banda BB inferior | Rebote EMA50 | EMA semanal alcista
2026-09-08 16:29:03,DOV,7,3286.79,COMPRAR ★★,Golden Cross | RSI 37 rebote | Cruce MACD | BB zona baja | Stoch 36 | EMA semanal alcista
2026-09-08 16:29:03,ARKW,8,2679.19,COMPRAR ★★★,EMA alcista | RSI 64 óptimo | MACD positivo | EMA semanal alcista
2026-09-08 16:29:03,AFRM,9,1206.4,COMPRAR ★★★,EMA alcista | RSI 46 óptimo | Cruce MACD | Banda BB inferior | EMA semanal alcista
2026-09-08 16:29:03,TLEVISACPO.MX,6,8.31,COMPRAR ★★,Golden Cross | Cruce MACD | Volumen alto | Banda BB inferior | Stoch 25
2026-09-08 16:29:03,ZTS,4,1260.86,OBSERVAR,Golden Cross | RSI 52 óptimo | BB zona baja
2026-09-08 16:29:03,BWXT,5,2710.31,OBSERVAR,Golden Cross | RSI 45 óptimo | MACD positivo
2026-09-08 16:29:03,RMD,7,3744.71,COMPRAR ★★,EMA alcista | RSI 52 óptimo | Cruce MACD | Banda BB inferior
2026-09-08 16:29:03,DD,7,2223.47,COMPRAR ★★,Golden Cross | Cruce MACD | Banda BB inferior | Stoch 20 | EMA semanal alcista
2026-09-08 16:29:03,NUE,7,4345.33,COMPRAR ★★,EMA alcista | RSI 44 rebote | MACD positivo | EMA semanal alcista
2026-09-08 16:29:03,RVTY,6,2169.6,COMPRAR ★★,EMA alcista | MACD positivo | EMA semanal alcista
2026-09-08 16:29:03,GRF.MC,8,196.57,COMPRAR ★★★,EMA alcista | RSI 60 óptimo | Cruce MACD | Volumen alto | EMA semanal alcista
2026-09-08 16:29:03,VWO,6,1035.84,COMPRAR ★★,EMA alcista | MACD positivo | EMA semanal alcista
2026-09-08 16:29:03,FIBRAMQ12.MX,9,43.32,COMPRAR ★★★,EMA alcista | RSI 56 óptimo | MACD positivo | Rebote EMA50 | EMA semanal alcista
2026-09-08 16:29:03,PCG,5,249.55,OBSERVAR,Golden Cross | RSI 34 rebote | Cruce MACD | BB zona baja | Stoch 37
2026-09-08 16:29:03,EXPD,7,3164.76,COMPRAR ★★,EMA alcista | RSI 54 óptimo | Cruce MACD | EMA semanal alcista
2026-09-08 16:29:03,CIE.MC,6,500.48,COMPRAR ★★,Golden Cross | RSI 43 rebote | MACD positivo | BB zona baja | Rebote EMA50
2026-09-08 16:29:03,AENA.MC,7,502.64,COMPRAR ★★,RSI 37 rebote | Cruce MACD | Banda BB inferior | Rebote EMA50 | EMA semanal alcista
2026-09-08 16:29:03,CAG,7,257.84,COMPRAR ★★,EMA alcista | RSI 45 óptimo | Cruce MACD | Banda BB inferior
2026-09-08 16:29:03,PGR,8,3658.07,COMPRAR ★★★,EMA alcista | RSI 61 óptimo | MACD positivo | EMA semanal alcista
2026-09-08 16:29:03,SAP,8,3557.9,COMPRAR ★★★,EMA alcista | RSI 50 óptimo | Cruce MACD | BB zona baja | EMA semanal alcista
2026-09-08 16:29:03,MHK,8,2223.81,COMPRAR ★★★,EMA alcista | RSI 48 óptimo | Cruce MACD | BB zona baja | EMA semanal alcista
2026-09-08 16:29:03,EWU,7,819.77,COMPRAR ★★,EMA alcista | RSI 55 óptimo | Cruce MACD | EMA semanal alcista
2026-09-08 16:29:03,CCJ,5,1749.4,OBSERVAR,EMA alcista | RSI 61 óptimo | Cruce MACD
2026-09-08 16:29:03,VTI,8,6399.2,COMPRAR ★★★,EMA alcista | RSI 49 óptimo | Cruce MACD | BB zona baja | EMA semanal alcista
2026-09-08 16:29:03,QQQ,7,12165.52,COMPRAR ★★,EMA alcista | RSI 52 óptimo | Cruce MACD | EMA semanal alcista
2026-09-08 16:29:03,BBVA.MC,7,498.51,COMPRAR ★★,EMA alcista | RSI 58 óptimo | Cruce MACD | EMA semanal alcista
2026-09-08 16:29:03,DG,6,2159.03,COMPRAR ★★,EMA alcista | RSI 60 óptimo | MACD positivo
2026-09-08 16:29:03,IEX,9,3808.72,COMPRAR ★★★,EMA alcista | RSI 34 rebote | Cruce MACD | BB zona baja | Stoch 26 | Rebote EMA50 | EMA semanal alcista
2026-09-08 16:29:03,OXY,5,1026.11,OBSERVAR,EMA alcista | RSI 55 óptimo | Cruce MACD
2026-09-08 16:29:03,FIS,4,670.09,OBSERVAR,Golden Cross | RSI 42 rebote | Banda BB inferior
2026-09-08 16:29:03,ACX.MC,8,353.19,COMPRAR ★★★,EMA alcista | RSI 58 óptimo | MACD positivo | EMA semanal alcista
2026-09-08 16:29:03,MS,8,3681.62,COMPRAR ★★★,EMA alcista | RSI 50 óptimo | MACD positivo | EMA semanal alcista
2026-09-08 16:29:03,DDOG,7,3518.33,COMPRAR ★★,Golden Cross | RSI 30 rebote | Cruce MACD | Banda BB inferior | EMA semanal alcista
2026-09-08 16:29:03,VRTX,8,8943.09,COMPRAR ★★★,EMA alcista | RSI 50 óptimo | Cruce MACD | BB zona baja | EMA semanal alcista
2026-09-08 16:29:03,NEM,7,2177.3,COMPRAR ★★,EMA alcista | RSI 65 óptimo | Cruce MACD | EMA semanal alcista
2026-09-08 16:29:03,GAPB.MX,6,350.02,COMPRAR ★★,Golden Cross | RSI 50 óptimo | MACD positivo | BB zona baja
2026-09-08 16:29:03,LMT,4,9092.26,OBSERVAR,EMA alcista | Cruce MACD | BB zona baja
2026-09-08 16:29:03,ROK,9,7284.43,COMPRAR ★★★,Golden Cross | RSI 47 óptimo | MACD positivo | BB zona baja | Rebote EMA50 | EMA semanal alcista
2026-09-08 16:29:03,LOW,5,3418.96,OBSERVAR,Golden Cross | RSI 31 rebote | Cruce MACD | Banda BB inferior
2026-09-08 16:29:03,EEM,6,1163.62,COMPRAR ★★,EMA alcista | MACD positivo | EMA semanal alcista
2026-09-08 16:29:03,VFC,7,224.35,COMPRAR ★★,Golden Cross | RSI 33 rebote | MACD positivo | Cruce MACD | Banda BB inferior
2026-09-08 16:29:03,FDX,9,5356.6,COMPRAR ★★★,EMA alcista | RSI 38 rebote | Cruce MACD | Banda BB inferior | Rebote EMA50 | EMA semanal alcista
2026-09-08 16:29:03,CBRE,10,2430.82,COMPRAR ★★★,EMA alcista | RSI 46 óptimo | Cruce MACD | Banda BB inferior | Rebote EMA50 | EMA semanal alcista
2026-09-08 16:29:03,SAN.MC,6,254.31,COMPRAR ★★,EMA alcista | MACD positivo | EMA semanal alcista
2026-09-08 16:29:03,XLU,5,736.56,OBSERVAR,Golden Cross | RSI 45 rebote | MACD positivo | Rebote EMA50
2026-09-08 16:29:03,GD,7,6015.62,COMPRAR ★★,EMA alcista | Cruce MACD | Banda BB inferior | EMA semanal alcista
2026-09-08 16:29:03,DVN,4,819.01,OBSERVAR,EMA alcista | RSI 54 óptimo
2026-09-08 16:29:03,AC.MX,7,189.34,COMPRAR ★★,Golden Cross | RSI 47 óptimo | Banda BB inferior | EMA semanal alcista
2026-09-08 16:29:03,DBC,6,544.73,COMPRAR ★★,EMA alcista | MACD positivo | EMA semanal alcista
2026-09-08 16:29:03,OTIS,7,1193.8,COMPRAR ★★,Golden Cross | RSI 51 óptimo | Cruce MACD | Banda BB inferior | Rebote EMA50
2026-09-08 16:29:03,EWT,6,1889.52,COMPRAR ★★,EMA alcista | MACD positivo | EMA semanal alcista
2026-09-08 16:29:03,WAB,8,4828.91,COMPRAR ★★★,EMA alcista | RSI 38 rebote | Cruce MACD | BB zona baja | Stoch 38 | EMA semanal alcista
2026-09-08 16:29:03,GM,7,1455.11,COMPRAR ★★,EMA alcista | RSI 59 óptimo | Cruce MACD | EMA semanal alcista
2026-09-08 16:29:03,ACS.MC,7,2060.91,COMPRAR ★★,Golden Cross | RSI 40 rebote | MACD positivo | Cruce MACD | EMA semanal alcista
2026-09-08 16:29:03,SOXX,8,8980.46,COMPRAR ★★★,Golden Cross | RSI 50 óptimo | MACD positivo | Cruce MACD | EMA semanal alcista
2026-09-08 16:29:03,TPR,3,2000.05,EVITAR,Golden Cross | Cruce MACD | BB zona baja
2026-09-08 16:29:03,GLD,6,6812.56,COMPRAR ★★,EMA alcista | RSI 53 óptimo | Cruce MACD | BB zona baja
2026-09-08 16:29:03,CI,9,4682.28,COMPRAR ★★★,Golden Cross | RSI 48 óptimo | MACD positivo | BB zona baja | Rebote EMA50 | EMA semanal alcista
2026-09-08 16:29:03,FCX,5,1300.27,OBSERVAR,EMA alcista | Cruce MACD | EMA semanal alcista
2026-09-08 16:29:03,INFY,6,188.33,COMPRAR ★★,EMA alcista | RSI 37 rebote | Cruce MACD | Banda BB inferior
2026-09-08 16:29:03,BLK,9,18702.23,COMPRAR ★★★,EMA alcista | RSI 36 rebote | Cruce MACD | Banda BB inferior | Rebote EMA50 | EMA semanal alcista
2026-09-08 16:29:03,IBB,7,3522.3,COMPRAR ★★,EMA alcista | RSI 55 óptimo | Cruce MACD | EMA semanal alcista
2026-09-08 16:29:03,ENG.MC,8,326.83,COMPRAR ★★★,Golden Cross | RSI 40 rebote | Cruce MACD | BB zona baja | Stoch 39 | Rebote EMA50 | EMA semanal alcista
2026-09-08 16:29:03,TJX,4,2194.38,OBSERVAR,Golden Cross | Cruce MACD | Banda BB inferior
2026-09-08 16:29:03,LHX,4,4304.44,OBSERVAR,Golden Cross | Cruce MACD | Banda BB inferior
2026-09-08 16:29:03,BR,7,2842.65,COMPRAR ★★,EMA alcista | RSI 49 óptimo | Cruce MACD | Banda BB inferior
2026-09-08 16:29:03,VMC,7,4392.14,COMPRAR ★★,Golden Cross | RSI 37 rebote | Cruce MACD | Banda BB inferior | EMA semanal alcista
2026-09-08 16:29:03,HON,4,3522.58,OBSERVAR,Golden Cross | Cruce MACD | Banda BB inferior
2026-09-08 16:29:03,HLT,7,5197.7,COMPRAR ★★,Golden Cross | RSI 31 rebote | Cruce MACD | Banda BB inferior | EMA semanal alcista
2026-09-08 16:29:03,BKR,7,1086.41,COMPRAR ★★,EMA alcista | RSI 49 óptimo | Cruce MACD | EMA semanal alcista
2026-09-08 16:29:03,RHI,8,681.09,COMPRAR ★★★,EMA alcista | RSI 33 rebote | Cruce MACD | Banda BB inferior | EMA semanal alcista
2026-09-08 16:29:03,HAL,8,622.82,COMPRAR ★★★,EMA alcista | RSI 65 óptimo | MACD positivo | EMA semanal alcista
2026-09-08 16:29:03,TTWO,6,3619.72,COMPRAR ★★,Golden Cross | Cruce MACD | Banda BB inferior | EMA semanal alcista
2026-09-08 16:29:03,KRE,6,1265.94,COMPRAR ★★,EMA alcista | RSI 38 rebote | Cruce MACD | EMA semanal alcista
2026-09-08 16:29:03,PLD,9,2344.65,COMPRAR ★★★,Golden Cross | RSI 45 óptimo | Cruce MACD | BB zona baja | Stoch 30 | Rebote EMA50 | EMA semanal alcista
2026-09-08 16:29:03,BRO,10,1157.53,COMPRAR ★★★,EMA alcista | RSI 47 óptimo | Cruce MACD | Banda BB inferior | Rebote EMA50 | EMA semanal alcista
2026-09-08 16:29:03,KEY,7,371.49,COMPRAR ★★,Golden Cross | RSI 40 rebote | MACD positivo | Rebote EMA50 | EMA semanal alcista
2026-09-08 16:29:03,SPY,7,12976.67,COMPRAR ★★,EMA alcista | RSI 50 óptimo | Cruce MACD | EMA semanal alcista
2026-09-08 16:29:03,MNDY,9,1459.59,COMPRAR ★★★,EMA alcista | RSI 48 óptimo | Cruce MACD | BB zona baja | Rebote EMA50 | EMA semanal alcista
2026-09-08 16:29:03,TAN,6,833.81,COMPRAR ★★,Golden Cross | RSI 47 óptimo | MACD positivo | Cruce MACD
2026-09-08 16:29:03,AON,7,5421.12,COMPRAR ★★,Golden Cross | RSI 37 rebote | Cruce MACD | Banda BB inferior | EMA semanal alcista
2026-09-08 16:29:03,RXRX,6,59.38,COMPRAR ★★,EMA alcista | RSI 60 óptimo | MACD positivo
2026-09-08 16:29:03,GEV,8,16312.76,COMPRAR ★★★,Golden Cross | RSI 41 rebote | MACD positivo | Cruce MACD | Rebote EMA50 | EMA semanal alcista
2026-09-08 16:29:03,PINFRA.MX,4,268.93,OBSERVAR,Golden Cross | MACD positivo | Rebote EMA50
2026-09-08 16:29:03,EWH,7,387.73,COMPRAR ★★,EMA alcista | RSI 59 óptimo | Cruce MACD | EMA semanal alcista
2026-09-08 16:29:03,PSA,6,5121.26,COMPRAR ★★,Golden Cross | Cruce MACD | Banda BB inferior | EMA semanal alcista
2026-09-08 16:29:03,VOLARA.MX,9,11.63,COMPRAR ★★★,Golden Cross | RSI 34 rebote | MACD positivo | Cruce MACD | BB zona baja | Stoch 44 | EMA semanal alcista
2026-09-08 16:29:03,CUERVO.MX,7,14.36,COMPRAR ★★,Golden Cross | RSI 43 rebote | Cruce MACD | BB zona baja | Rebote EMA50 | EMA semanal alcista
2026-09-08 16:29:03,SRE,6,1447.16,COMPRAR ★★,Golden Cross | RSI 46 óptimo | MACD positivo | Rebote EMA50
2026-09-08 16:29:03,VTRS,8,280.93,COMPRAR ★★★,EMA alcista | RSI 60 óptimo | MACD positivo | EMA semanal alcista
2026-09-08 16:29:03,SNOW,7,5681.67,COMPRAR ★★,EMA alcista | RSI 54 óptimo | Cruce MACD | EMA semanal alcista
2026-09-08 16:29:03,SPG,7,3563.57,COMPRAR ★★,Golden Cross | RSI 30 rebote | Cruce MACD | Banda BB inferior | EMA semanal alcista
2026-09-08 16:29:03,ALL,7,4327.87,COMPRAR ★★,EMA alcista | RSI 45 rebote | Cruce MACD | BB zona baja | EMA semanal alcista
2026-09-08 16:29:03,JNJ,6,4551.29,COMPRAR ★★,EMA alcista | RSI 49 óptimo | EMA semanal alcista
2026-09-08 16:29:03,URA,7,812.5,COMPRAR ★★,EMA alcista | RSI 63 óptimo | MACD positivo | Cruce MACD
2026-09-08 16:29:03,CNC,8,1107.57,COMPRAR ★★★,EMA alcista | RSI 51 óptimo | MACD positivo | EMA semanal alcista
2026-09-08 16:29:03,J,9,2429.21,COMPRAR ★★★,EMA alcista | RSI 52 óptimo | Cruce MACD | Banda BB inferior | EMA semanal alcista
2026-09-08 16:29:03,EWA,7,507.9,COMPRAR ★★,EMA alcista | RSI 56 óptimo | Cruce MACD | EMA semanal alcista
2026-09-08 16:29:03,ROL,6,595.08,COMPRAR ★★,Golden Cross | RSI 39 rebote | MACD positivo | Banda BB inferior
2026-09-08 16:29:03,FSLR,7,3598.83,COMPRAR ★★,Golden Cross | RSI 43 rebote | MACD positivo | Cruce MACD | EMA semanal alcista
2026-09-08 16:29:03,RKLB,6,1122.68,COMPRAR ★★,Golden Cross | Cruce MACD | BB zona baja | Stoch 31 | EMA semanal alcista
2026-09-08 16:29:03,A,9,2496.87,COMPRAR ★★★,EMA alcista | RSI 49 óptimo | Cruce MACD | Banda BB inferior | EMA semanal alcista
2026-09-08 16:29:03,TSN,4,880.91,OBSERVAR,Golden Cross | Cruce MACD | Banda BB inferior
2026-09-08 16:29:03,NXPI,7,3820.31,COMPRAR ★★,Golden Cross | RSI 46 óptimo | MACD positivo | EMA semanal alcista
2026-09-08 16:29:03,CLX,5,1574.77,OBSERVAR,EMA alcista | Cruce MACD | Banda BB inferior
2026-09-08 16:29:03,LUV,9,661.97,COMPRAR ★★★,Golden Cross | RSI 33 rebote | MACD positivo | Cruce MACD | BB zona baja | Stoch 34 | EMA semanal alcista
2026-09-08 16:29:03,OKLO,7,742.59,COMPRAR ★★,Golden Cross | RSI 55 óptimo | MACD positivo | Cruce MACD | Rebote EMA50
2026-09-08 16:29:03,CTSH,6,1005.73,COMPRAR ★★,EMA alcista | RSI 55 óptimo | Cruce MACD | BB zona baja
2026-09-08 16:29:03,UNP,8,4913.23,COMPRAR ★★★,EMA alcista | RSI 40 rebote | Cruce MACD | BB zona baja | Rebote EMA50 | EMA semanal alcista
2026-09-08 16:29:03,DAL,7,1351.1,COMPRAR ★★,Golden Cross | RSI 34 rebote | Cruce MACD | BB zona baja | Stoch 36 | EMA semanal alcista
2026-09-08 16:29:03,HSY,5,2933.05,OBSERVAR,Golden Cross | RSI 34 rebote | Cruce MACD | Banda BB inferior
2026-09-08 16:29:03,TXT,4,1340.36,OBSERVAR,Golden Cross | Cruce MACD | Banda BB inferior
2026-09-08 16:29:03,BABA,4,1882.42,OBSERVAR,Golden Cross | Cruce MACD | Banda BB inferior
2026-09-08 16:29:03,MELI,6,32525.05,COMPRAR ★★,EMA alcista | RSI 64 óptimo | EMA semanal alcista
2026-09-08 16:29:03,DTE,6,2328.67,COMPRAR ★★,Golden Cross | RSI 41 rebote | MACD positivo | Stoch 48 | Rebote EMA50
2026-09-08 16:29:03,VRT,7,4951.96,COMPRAR ★★,Golden Cross | RSI 61 óptimo | MACD positivo | EMA semanal alcista
2026-09-08 19:33:30,SMR,6,190.04,COMPRAR ★★,EMA alcista | Golden Cross | MACD positivo | Volumen alto
2026-09-08 19:33:30,ALGN,6,2618.56,COMPRAR ★★,Golden Cross | RSI 31 rebote | Cruce MACD | BB zona baja | EMA semanal alcista
2026-09-08 19:33:30,HSIC,8,1508.62,COMPRAR ★★★,EMA alcista | RSI 50 óptimo | Cruce MACD | BB zona baja | EMA semanal alcista
2026-09-08 19:33:30,XLK,9,3180.47,COMPRAR ★★★,EMA alcista | RSI 55 óptimo | MACD positivo | Cruce MACD | EMA semanal alcista
2026-09-08 19:33:30,XLP,9,1424.3,COMPRAR ★★★,EMA alcista | RSI 43 rebote | Cruce MACD | Banda BB inferior | Rebote EMA50 | EMA semanal alcista
2026-09-08 19:33:30,NVDA,8,3819.85,COMPRAR ★★★,EMA alcista | RSI 54 óptimo | MACD positivo | EMA semanal alcista
2026-09-08 19:33:30,STT,7,3264.64,COMPRAR ★★,EMA alcista | RSI 52 óptimo | Cruce MACD | EMA semanal alcista
2026-09-08 19:33:30,TFC,7,859.52,COMPRAR ★★,EMA alcista | RSI 40 rebote | MACD positivo | EMA semanal alcista
2026-09-08 19:33:30,WALMEX.MX,7,46.54,COMPRAR ★★,Golden Cross | RSI 46 óptimo | MACD positivo | Banda BB inferior
2026-09-08 19:33:30,TLEVISACPO.MX,6,8.4,COMPRAR ★★,Golden Cross | Cruce MACD | Volumen alto | Banda BB inferior | Stoch 30
2026-09-08 19:33:30,CSCO,7,1845.39,COMPRAR ★★,Golden Cross | RSI 40 rebote | Cruce MACD | BB zona baja | Stoch 28 | EMA semanal alcista
2026-09-08 19:33:30,REGN,7,13785.48,COMPRAR ★★,EMA alcista | RSI 51 óptimo | Cruce MACD | EMA semanal alcista
2026-09-08 19:33:30,EW,9,1476.15,COMPRAR ★★★,EMA alcista | RSI 32 rebote | Cruce MACD | Banda BB inferior | Rebote EMA50 | EMA semanal alcista
2026-09-08 19:33:30,CEG,4,5070.86,OBSERVAR,EMA alcista | MACD positivo
2026-09-08 19:33:30,MGM,6,693.59,COMPRAR ★★,Golden Cross | Cruce MACD | Banda BB inferior | EMA semanal alcista
2026-09-08 19:33:30,KHC,6,422.53,COMPRAR ★★,EMA alcista | RSI 56 óptimo | EMA semanal alcista
2026-09-08 19:33:30,XEL,6,1300.74,COMPRAR ★★,Golden Cross | RSI 39 rebote | Cruce MACD | BB zona baja | Stoch 42 | Rebote EMA50
2026-09-08 19:33:30,AFL,6,1955.25,COMPRAR ★★,Golden Cross | RSI 34 rebote | BB zona baja | Rebote EMA50 | EMA semanal alcista
2026-09-08 19:33:30,PFE,7,471.54,COMPRAR ★★,EMA alcista | RSI 56 óptimo | Cruce MACD | EMA semanal alcista
2026-09-08 19:33:30,SPY,7,12974.08,COMPRAR ★★,EMA alcista | RSI 50 óptimo | Cruce MACD | EMA semanal alcista
2026-09-08 19:33:30,VRT,7,4959.91,COMPRAR ★★,Golden Cross | RSI 61 óptimo | MACD positivo | EMA semanal alcista
2026-09-08 19:33:30,IRM,7,1981.56,COMPRAR ★★,Golden Cross | RSI 31 rebote | Cruce MACD | BB zona baja | Stoch 35 | EMA semanal alcista
2026-09-08 19:33:30,RMD,6,3763.01,COMPRAR ★★,EMA alcista | RSI 54 óptimo | Cruce MACD | BB zona baja
2026-09-08 19:33:30,VWO,6,1037.04,COMPRAR ★★,EMA alcista | MACD positivo | EMA semanal alcista
2026-09-08 19:33:30,NI,6,711.77,COMPRAR ★★,Golden Cross | RSI 50 óptimo | MACD positivo | Rebote EMA50
2026-09-08 19:33:30,NTES,7,2021.14,COMPRAR ★★,Golden Cross | RSI 44 rebote | Cruce MACD | BB zona baja | Stoch 29 | EMA semanal alcista
2026-09-08 19:33:30,ORLY,5,1451.45,OBSERVAR,Golden Cross | RSI 31 rebote | Cruce MACD | Banda BB inferior
2026-09-08 19:33:30,JKHY,5,2713.46,OBSERVAR,EMA alcista | RSI 61 óptimo | Cruce MACD
2026-09-08 19:33:30,HSY,5,2945.53,OBSERVAR,Golden Cross | RSI 35 rebote | Cruce MACD | Banda BB inferior
2026-09-08 19:33:30,HBAN,7,284.59,COMPRAR ★★,Golden Cross | RSI 33 rebote | Cruce MACD | BB zona baja | Rebote EMA50 | EMA semanal alcista
2026-09-08 19:33:30,TXN,7,4350.97,COMPRAR ★★,Golden Cross | RSI 34 rebote | Cruce MACD | BB zona baja | Stoch 31 | EMA semanal alcista
2026-09-08 19:33:30,NTRS,7,3129.81,COMPRAR ★★,EMA alcista | RSI 41 rebote | Cruce MACD | BB zona baja | EMA semanal alcista
2026-09-08 19:33:30,ACHR,6,98.61,COMPRAR ★★,EMA alcista | RSI 37 rebote | Cruce MACD | BB zona baja | Stoch 33
2026-09-08 19:33:30,BIO,5,6465.14,OBSERVAR,EMA alcista | Cruce MACD | EMA semanal alcista
2026-09-08 19:33:30,COST,5,15400.5,OBSERVAR,Golden Cross | RSI 33 rebote | Cruce MACD | Banda BB inferior
2026-09-08 19:33:30,KMB,9,1752.87,COMPRAR ★★★,EMA alcista | RSI 42 rebote | Cruce MACD | Banda BB inferior | Rebote EMA50 | EMA semanal alcista
2026-09-08 19:33:30,EMN,9,1195.19,COMPRAR ★★★,EMA alcista | RSI 42 rebote | Cruce MACD | Banda BB inferior | Rebote EMA50 | EMA semanal alcista
2026-09-08 19:33:30,KEYS,7,5637.33,COMPRAR ★★,Golden Cross | RSI 45 rebote | MACD positivo | Cruce MACD | EMA semanal alcista
2026-09-08 19:33:30,TRV,8,6201.94,COMPRAR ★★★,EMA alcista | RSI 49 óptimo | Cruce MACD | BB zona baja | EMA semanal alcista
2026-09-08 19:33:30,APPN,10,588.11,COMPRAR ★★★,EMA alcista | RSI 46 óptimo | Cruce MACD | Volumen alto | Banda BB inferior | EMA semanal alcista
2026-09-08 19:33:30,VFC,7,223.7,COMPRAR ★★,Golden Cross | RSI 32 rebote | MACD positivo | Cruce MACD | Banda BB inferior
2026-09-08 19:33:30,TSN,4,883.12,OBSERVAR,Golden Cross | Cruce MACD | Banda BB inferior
2026-09-08 19:33:30,AMT,5,2984.77,OBSERVAR,EMA alcista | RSI 59 óptimo | Cruce MACD
2026-09-08 19:33:30,IDXX,5,8835.48,OBSERVAR,Golden Cross | RSI 37 rebote | Cruce MACD | Banda BB inferior
2026-09-08 19:33:30,SOFI,8,303.84,COMPRAR ★★★,EMA alcista | RSI 52 óptimo | Cruce MACD | BB zona baja | EMA semanal alcista
2026-09-08 19:33:30,FIBRAPL14.MX,7,74.13,COMPRAR ★★,Golden Cross | RSI 55 óptimo | BB zona baja | Rebote EMA50 | EMA semanal alcista
2026-09-08 19:33:30,NTAP,7,3198.74,COMPRAR ★★,EMA alcista | RSI 33 rebote | Cruce MACD | BB zona baja | EMA semanal alcista
2026-09-08 19:33:30,INCY,7,2133.54,COMPRAR ★★,EMA alcista | RSI 56 óptimo | Cruce MACD | EMA semanal alcista
2026-09-08 19:33:30,KTOS,3,820.87,EVITAR,Golden Cross | Cruce MACD | BB zona baja
2026-09-08 19:33:30,DHR,8,3493.73,COMPRAR ★★★,EMA alcista | RSI 58 óptimo | Cruce MACD | BB zona baja | EMA semanal alcista
2026-09-08 19:33:30,ORCL,4,2741.49,OBSERVAR,Golden Cross | MACD positivo | Volumen alto
2026-09-08 19:33:30,PANW,9,5688.24,COMPRAR ★★★,EMA alcista | RSI 39 rebote | Cruce MACD | BB zona baja | Stoch 23 | Rebote EMA50 | EMA semanal alcista
2026-09-08 19:33:30,PYPL,8,901.47,COMPRAR ★★★,EMA alcista | RSI 33 rebote | Cruce MACD | Banda BB inferior | EMA semanal alcista
2026-09-08 19:33:30,TJX,4,2177.94,OBSERVAR,Golden Cross | Cruce MACD | Banda BB inferior
2026-09-08 19:33:30,EWZ,7,652.91,COMPRAR ★★,EMA alcista | MACD positivo | Volumen alto | EMA semanal alcista
2026-09-08 19:33:30,DANHOS13.MX,6,29.65,COMPRAR ★★,EMA alcista | MACD positivo | EMA semanal alcista
2026-09-08 19:33:30,BAC,6,1058.78,COMPRAR ★★,EMA alcista | RSI 41 rebote | Cruce MACD | EMA semanal alcista
2026-09-08 19:33:30,GE,5,5688.41,OBSERVAR,Golden Cross | Cruce MACD | BB zona baja | EMA semanal alcista
2026-09-08 19:33:30,CTVA,6,1452.13,COMPRAR ★★,EMA alcista | MACD positivo | EMA semanal alcista
2026-09-08 19:33:30,MCO,9,8150.18,COMPRAR ★★★,EMA alcista | RSI 48 óptimo | Cruce MACD | BB zona baja | Rebote EMA50 | EMA semanal alcista
2026-09-08 19:33:30,USO,6,2455.22,COMPRAR ★★,EMA alcista | MACD positivo | EMA semanal alcista
2026-09-08 19:33:30,UHS,5,2933.77,OBSERVAR,EMA alcista | RSI 51 óptimo | Cruce MACD
2026-09-08 19:33:30,NKE,5,643.18,OBSERVAR,Golden Cross | RSI 40 rebote | Cruce MACD | Banda BB inferior
2026-09-08 19:33:30,DLTR,9,2104.95,COMPRAR ★★★,EMA alcista | RSI 42 rebote | Cruce MACD | Banda BB inferior | Rebote EMA50 | EMA semanal alcista
2026-09-08 19:33:30,ACX.MC,8,353.2,COMPRAR ★★★,EMA alcista | RSI 58 óptimo | MACD positivo | EMA semanal alcista
2026-09-08 19:33:30,IP,8,620.94,COMPRAR ★★★,EMA alcista | RSI 34 rebote | Cruce MACD | Banda BB inferior | EMA semanal alcista
2026-09-08 19:33:30,CLX,5,1556.58,OBSERVAR,EMA alcista | Cruce MACD | Banda BB inferior
2026-09-08 19:33:30,CDNS,7,4826.61,COMPRAR ★★,Golden Cross | RSI 35 rebote | Cruce MACD | Banda BB inferior | EMA semanal alcista
2026-09-08 19:33:30,ORBIA.MX,8,20.31,COMPRAR ★★★,Golden Cross | RSI 32 rebote | Cruce MACD | Banda BB inferior | Stoch 26 | EMA semanal alcista
2026-09-08 19:33:30,RSG,6,3755.91,COMPRAR ★★,EMA alcista | RSI 59 óptimo | MACD positivo
2026-09-08 19:33:30,TXT,3,1346.58,EVITAR,Golden Cross | Cruce MACD | BB zona baja
2026-09-08 19:33:30,NU,8,259.89,COMPRAR ★★★,EMA alcista | RSI 62 óptimo | MACD positivo | EMA semanal alcista
2026-09-08 19:33:30,NUE,7,4341.66,COMPRAR ★★,EMA alcista | RSI 44 rebote | MACD positivo | EMA semanal alcista
2026-09-08 19:33:30,ZBRA,7,5985.18,COMPRAR ★★,EMA alcista | RSI 42 rebote | Cruce MACD | BB zona baja | EMA semanal alcista
2026-09-08 19:33:30,DRI,8,3603.85,COMPRAR ★★★,EMA alcista | RSI 44 rebote | Cruce MACD | Banda BB inferior | EMA semanal alcista
2026-09-08 19:33:30,RCL,6,4509.21,COMPRAR ★★,Golden Cross | Cruce MACD | Banda BB inferior | EMA semanal alcista
2026-09-08 19:33:30,STZ,5,2048.45,OBSERVAR,Golden Cross | Cruce MACD | Volumen alto | Banda BB inferior
2026-09-08 19:33:30,CIE.MC,6,500.49,COMPRAR ★★,Golden Cross | RSI 43 rebote | MACD positivo | BB zona baja | Rebote EMA50
2026-09-08 19:33:30,BA,6,3576.61,COMPRAR ★★,Golden Cross | Cruce MACD | BB zona baja | Stoch 32 | EMA semanal alcista
2026-09-08 19:33:30,FUNO11.MX,9,29.57,COMPRAR ★★★,EMA alcista | RSI 61 óptimo | MACD positivo | Cruce MACD | EMA semanal alcista
2026-09-08 19:33:30,EWC,8,1042.11,COMPRAR ★★★,EMA alcista | RSI 50 óptimo | Cruce MACD | BB zona baja | EMA semanal alcista
2026-09-08 19:33:30,CHTR,8,2465.99,COMPRAR ★★★,EMA alcista | RSI 48 óptimo | Cruce MACD | Banda BB inferior | Rebote EMA50
2026-09-08 19:33:30,JBHT,7,4656.19,COMPRAR ★★,Golden Cross | RSI 51 óptimo | MACD positivo | EMA semanal alcista
2026-09-08 19:33:30,NOK,8,180.56,VENDER,Golden Cross | RSI 55 óptimo | MACD positivo | Volumen alto | EMA semanal alcista | 🛑 Stop Loss -36.1%
2026-09-08 19:33:30,EWH,7,387.94,COMPRAR ★★,EMA alcista | RSI 59 óptimo | Cruce MACD | EMA semanal alcista
2026-09-08 19:33:30,CEMEXCPO.MX,7,18.74,COMPRAR ★★,Golden Cross | RSI 58 óptimo | MACD positivo | EMA semanal alcista
2026-09-08 19:33:30,CAT,7,13952.43,COMPRAR ★★,Golden Cross | RSI 45 rebote | MACD positivo | Rebote EMA50 | EMA semanal alcista
2026-09-08 19:33:30,VALE,6,263.28,COMPRAR ★★,EMA alcista | MACD positivo | EMA semanal alcista
2026-09-08 19:33:30,PFG,8,1951.28,COMPRAR ★★★,EMA alcista | RSI 57 óptimo | MACD positivo | EMA semanal alcista
2026-09-08 19:33:30,URA,5,804.89,OBSERVAR,EMA alcista | RSI 62 óptimo | Cruce MACD
2026-09-08 19:33:30,HCA,6,6813.58,COMPRAR ★★,EMA alcista | RSI 44 rebote | Cruce MACD | BB zona baja | Rebote EMA50
2026-09-08 19:33:30,ADI,7,6111.79,COMPRAR ★★,Golden Cross | RSI 35 rebote | Cruce MACD | BB zona baja | Stoch 37 | EMA semanal alcista
2026-09-08 19:33:30,FIVN,8,530.44,COMPRAR ★★★,EMA alcista | RSI 44 rebote | Cruce MACD | Banda BB inferior | EMA semanal alcista
2026-09-08 19:33:30,TSCO,5,594.64,OBSERVAR,EMA alcista | RSI 57 óptimo | Cruce MACD
2026-09-08 19:33:30,ROBO,8,1351.57,COMPRAR ★★★,Golden Cross | RSI 41 rebote | Cruce MACD | BB zona baja | Stoch 38 | Rebote EMA50 | EMA semanal alcista
2026-09-08 19:33:30,TYL,4,5913.89,OBSERVAR,EMA alcista | RSI 58 óptimo
2026-09-08 19:33:30,LIN,6,7928.68,COMPRAR ★★,Golden Cross | RSI 41 rebote | Banda BB inferior | EMA semanal alcista
2026-09-08 19:33:30,CDW,8,2472.25,COMPRAR ★★★,EMA alcista | RSI 61 óptimo | MACD positivo | EMA semanal alcista
2026-09-08 19:33:30,AON,7,5389.11,COMPRAR ★★,Golden Cross | RSI 36 rebote | Cruce MACD | Banda BB inferior | EMA semanal alcista
2026-09-08 19:33:30,ARKW,8,2682.25,COMPRAR ★★★,EMA alcista | RSI 64 óptimo | MACD positivo | EMA semanal alcista
2026-09-08 19:33:30,RXRX,6,58.78,COMPRAR ★★,EMA alcista | RSI 59 óptimo | MACD positivo
2026-09-08 19:33:30,AMAT,6,7961.41,COMPRAR ★★,Golden Cross | RSI 32 rebote | Cruce MACD | BB zona baja | EMA semanal alcista
2026-09-08 19:33:30,JCI,7,2479.02,COMPRAR ★★,Golden Cross | RSI 44 rebote | MACD positivo | Cruce MACD | EMA semanal alcista
2026-09-08 19:33:30,MKTX,3,2762.59,EVITAR,EMA alcista | Cruce MACD
2026-09-08 19:33:30,GMEXICOB.MX,7,229.2,COMPRAR ★★,EMA alcista | RSI 64 óptimo | Cruce MACD | EMA semanal alcista
2026-09-08 19:33:30,FTNT,8,2654.42,COMPRAR ★★★,EMA alcista | RSI 49 óptimo | Cruce MACD | Stoch 34 | EMA semanal alcista
2026-09-08 19:33:30,RELY,8,420.5,COMPRAR ★★★,EMA alcista | RSI 47 óptimo | Cruce MACD | BB zona baja | EMA semanal alcista
2026-09-08 19:33:30,ELV,8,6825.93,COMPRAR ★★★,EMA alcista | RSI 54 óptimo | MACD positivo | EMA semanal alcista
2026-09-08 19:33:30,EWU,7,819.09,COMPRAR ★★,EMA alcista | RSI 54 óptimo | Cruce MACD | EMA semanal alcista
2026-09-08 19:33:30,CL,8,1498.64,COMPRAR ★★★,Golden Cross | RSI 37 rebote | Cruce MACD | Banda BB inferior | Rebote EMA50 | EMA semanal alcista
2026-09-08 19:33:30,HST,7,373.39,COMPRAR ★★,Golden Cross | RSI 34 rebote | Cruce MACD | BB zona baja | Stoch 30 | EMA semanal alcista
2026-09-08 19:33:30,META,3,10402.88,EVITAR,Golden Cross | MACD positivo
2026-09-08 19:33:30,BR,6,2873.13,COMPRAR ★★,EMA alcista | RSI 51 óptimo | Cruce MACD | BB zona baja
2026-09-08 19:33:30,DOV,7,3298.54,COMPRAR ★★,Golden Cross | RSI 38 rebote | Cruce MACD | BB zona baja | Stoch 40 | EMA semanal alcista
2026-09-08 19:33:30,MAR,6,5573.73,COMPRAR ★★,Golden Cross | Cruce MACD | Banda BB inferior | EMA semanal alcista
2026-09-08 19:33:30,HOOD,6,2003.38,COMPRAR ★★,EMA alcista | MACD positivo | EMA semanal alcista
2026-09-08 19:33:30,FIBRAMQ12.MX,9,43.33,COMPRAR ★★★,EMA alcista | RSI 56 óptimo | MACD positivo | Rebote EMA50 | EMA semanal alcista
2026-09-08 19:33:30,AIZ,7,4777.39,COMPRAR ★★,EMA alcista | RSI 54 óptimo | Cruce MACD | EMA semanal alcista
2026-09-08 19:33:30,JPM,7,5992.71,COMPRAR ★★,EMA alcista | RSI 39 rebote | Cruce MACD | BB zona baja | EMA semanal alcista
2026-09-08 19:33:30,CABK.MC,8,262.24,COMPRAR ★★★,EMA alcista | RSI 61 óptimo | MACD positivo | EMA semanal alcista
2026-09-08 19:33:30,GFNORTEO.MX,6,200.1,COMPRAR ★★,EMA alcista | MACD positivo | EMA semanal alcista
2026-09-08 19:33:30,EWG,8,738.24,COMPRAR ★★★,EMA alcista | RSI 49 óptimo | Cruce MACD | BB zona baja | EMA semanal alcista
2026-09-08 19:33:30,UPST,7,457.37,COMPRAR ★★,Golden Cross | RSI 41 rebote | Cruce MACD | Banda BB inferior | EMA semanal alcista
2026-09-08 19:33:30,CVX,8,3564.77,COMPRAR ★★★,EMA alcista | RSI 63 óptimo | MACD positivo | EMA semanal alcista
2026-09-08 19:33:30,GPN,8,1514.37,COMPRAR ★★★,EMA alcista | RSI 47 óptimo | Cruce MACD | BB zona baja | EMA semanal alcista
2026-09-08 19:33:30,ATO,6,2853.51,COMPRAR ★★,Golden Cross | RSI 48 óptimo | MACD positivo | Rebote EMA50
2026-09-08 19:33:30,MSCI,8,9334.72,COMPRAR ★★★,Golden Cross | RSI 43 rebote | MACD positivo | Banda BB inferior | EMA semanal alcista
2026-09-08 19:33:30,CF,4,2290.25,OBSERVAR,EMA alcista | MACD positivo
2026-09-08 19:33:30,TEL,8,3480.71,COMPRAR ★★★,Golden Cross | RSI 52 óptimo | MACD positivo | Rebote EMA50 | EMA semanal alcista
2026-09-08 19:33:30,NRG,6,2036.02,COMPRAR ★★,Golden Cross | RSI 57 óptimo | MACD positivo | Rebote EMA50
2026-09-08 19:33:30,CTAS,8,3394.27,COMPRAR ★★★,EMA alcista | RSI 53 óptimo | Cruce MACD | BB zona baja | EMA semanal alcista
2026-09-08 19:33:30,MCHP,7,1234.27,COMPRAR ★★,Golden Cross | RSI 35 rebote | MACD positivo | BB zona baja | EMA semanal alcista
2026-09-08 19:33:30,AAL,6,219.81,COMPRAR ★★,Golden Cross | RSI 32 rebote | Cruce MACD | BB zona baja | EMA semanal alcista
2026-09-08 19:33:30,ILMN,7,3595.39,COMPRAR ★★,EMA alcista | RSI 64 óptimo | Cruce MACD | EMA semanal alcista
2026-09-08 19:33:30,PLUG,9,38.23,VENDER,Golden Cross | RSI 55 óptimo | MACD positivo | Cruce MACD | Rebote EMA50 | EMA semanal alcista | 🛑 Stop Loss -43.8%
2026-09-08 19:33:30,WAB,8,4828.22,COMPRAR ★★★,EMA alcista | RSI 38 rebote | Cruce MACD | BB zona baja | Stoch 38 | EMA semanal alcista
2026-09-08 19:33:30,EMR,8,2586.51,COMPRAR ★★★,EMA alcista | RSI 41 rebote | Cruce MACD | BB zona baja | Stoch 49 | EMA semanal alcista
2026-09-08 19:33:30,XLV,9,2837.61,COMPRAR ★★★,EMA alcista | RSI 46 óptimo | Cruce MACD | Banda BB inferior | EMA semanal alcista
2026-09-08 19:33:30,ICLN,6,310.64,COMPRAR ★★,Golden Cross | RSI 62 óptimo | MACD positivo | Volumen alto
2026-09-08 19:33:30,GILD,4,2484.09,OBSERVAR,EMA alcista | RSI 56 óptimo
2026-09-08 19:33:30,PGR,6,3649.77,COMPRAR ★★,EMA alcista | RSI 60 óptimo | EMA semanal alcista
2026-09-08 19:33:30,KEY,7,369.76,COMPRAR ★★,Golden Cross | RSI 39 rebote | MACD positivo | Rebote EMA50 | EMA semanal alcista
2026-09-08 19:33:30,BRO,10,1153.84,COMPRAR ★★★,EMA alcista | RSI 47 óptimo | Cruce MACD | Banda BB inferior | Rebote EMA50 | EMA semanal alcista
2026-09-08 19:33:30,AOS,5,1001.27,OBSERVAR,RSI 44 rebote | Cruce MACD | Banda BB inferior | Rebote EMA50
2026-09-08 19:33:30,JNJ,8,4577.96,COMPRAR ★★★,EMA alcista | RSI 51 óptimo | MACD positivo | EMA semanal alcista
2026-09-08 19:33:30,HRL,6,358.93,COMPRAR ★★,Golden Cross | Cruce MACD | Banda BB inferior | EMA semanal alcista
2026-09-08 19:33:30,SPGI,8,7275.86,COMPRAR ★★★,EMA alcista | RSI 57 óptimo | MACD positivo | EMA semanal alcista
2026-09-08 19:33:30,ECL,8,4713.2,COMPRAR ★★★,EMA alcista | RSI 48 óptimo | Cruce MACD | BB zona baja | EMA semanal alcista
2026-09-08 19:33:30,EXPE,9,4609.04,COMPRAR ★★★,EMA alcista | RSI 30 rebote | Cruce MACD | Volumen alto | Banda BB inferior | EMA semanal alcista
2026-09-08 19:33:30,XLF,8,971.92,COMPRAR ★★★,EMA alcista | RSI 47 óptimo | Cruce MACD | BB zona baja | EMA semanal alcista
2026-09-08 19:33:30,CTSH,6,1013.02,COMPRAR ★★,EMA alcista | RSI 57 óptimo | Cruce MACD | BB zona baja
2026-09-08 19:33:30,EIX,5,1008.2,OBSERVAR,Golden Cross | RSI 33 rebote | Cruce MACD | BB zona baja | Stoch 30
2026-09-08 19:33:30,MTB,7,4053.1,COMPRAR ★★,EMA alcista | RSI 36 rebote | Cruce MACD | Stoch 44 | EMA semanal alcista
2026-09-08 19:33:30,CINF,9,2871.44,COMPRAR ★★★,Golden Cross | RSI 46 óptimo | MACD positivo | BB zona baja | Rebote EMA50 | EMA semanal alcista
2026-09-08 19:33:30,PG,5,2468.87,OBSERVAR,Golden Cross | RSI 58 óptimo | MACD positivo
2026-09-08 19:33:30,AEP,6,2128.12,COMPRAR ★★,Golden Cross | RSI 48 óptimo | MACD positivo | Rebote EMA50
2026-09-08 19:33:30,PH,8,16211.56,COMPRAR ★★★,EMA alcista | Cruce MACD | Banda BB inferior | Rebote EMA50 | EMA semanal alcista
2026-09-08 19:33:30,ODFL,7,3169.48,COMPRAR ★★,Golden Cross | Cruce MACD | Banda BB inferior | Stoch 24 | EMA semanal alcista
2026-09-08 19:33:30,RIVN,8,273.6,COMPRAR ★★★,Golden Cross | RSI 62 óptimo | MACD positivo | Cruce MACD | EMA semanal alcista
2026-09-08 19:33:30,NEE,5,1424.89,OBSERVAR,Golden Cross | RSI 42 rebote | MACD positivo | Rebote EMA50
2026-09-08 19:33:30,AWK,6,2388.86,COMPRAR ★★,EMA alcista | RSI 62 óptimo | MACD positivo
2026-09-08 19:33:30,LOG.MC,9,697.35,COMPRAR ★★★,EMA alcista | RSI 49 óptimo | Cruce MACD | BB zona baja | Stoch 34 | EMA semanal alcista
2026-09-08 19:33:30,XLI,7,2959.99,COMPRAR ★★,Golden Cross | Cruce MACD | BB zona baja | Stoch 26 | Rebote EMA50 | EMA semanal alcista
2026-09-08 19:33:30,TPR,3,1990.18,EVITAR,Golden Cross | Cruce MACD | BB zona baja
2026-09-08 19:33:30,ED,5,1841.59,OBSERVAR,Golden Cross | RSI 52 óptimo | MACD positivo
2026-09-08 19:33:30,MA,8,9647.81,COMPRAR ★★★,EMA alcista | RSI 47 óptimo | Cruce MACD | BB zona baja | EMA semanal alcista
2026-09-08 19:33:30,IT,8,2941.72,COMPRAR ★★★,EMA alcista | RSI 45 rebote | Cruce MACD | Banda BB inferior | EMA semanal alcista
2026-09-08 19:33:30,AJG,8,4270.75,COMPRAR ★★★,EMA alcista | RSI 53 óptimo | Cruce MACD | BB zona baja | EMA semanal alcista
2026-09-08 19:33:30,ANA.MC,8,4228.13,COMPRAR ★★★,Golden Cross | RSI 56 óptimo | MACD positivo | Volumen alto | EMA semanal alcista
2026-09-08 19:33:30,C,8,2321.2,COMPRAR ★★★,EMA alcista | RSI 49 óptimo | MACD positivo | EMA semanal alcista
2026-09-08 19:33:30,AXON,8,8582.18,COMPRAR ★★★,EMA alcista | RSI 31 rebote | Cruce MACD | Banda BB inferior | EMA semanal alcista
2026-09-08 19:33:30,AXP,8,5528.74,COMPRAR ★★★,Golden Cross | RSI 35 rebote | Cruce MACD | Banda BB inferior | Rebote EMA50 | EMA semanal alcista
2026-09-08 19:33:30,ZS,9,2754.73,COMPRAR ★★★,EMA alcista | RSI 38 rebote | Cruce MACD | Banda BB inferior | Rebote EMA50 | EMA semanal alcista
2026-09-08 19:33:30,SHW,8,5527.81,COMPRAR ★★★,EMA alcista | RSI 32 rebote | Cruce MACD | Banda BB inferior | EMA semanal alcista
2026-09-08 19:33:30,ARE,6,863.07,COMPRAR ★★,EMA alcista | MACD positivo | EMA semanal alcista
2026-09-08 19:33:30,PCTY,8,2435.72,COMPRAR ★★★,EMA alcista | RSI 45 rebote | Cruce MACD | Banda BB inferior | EMA semanal alcista
2026-09-08 19:33:30,FTV,7,958.73,COMPRAR ★★,Golden Cross | RSI 35 rebote | Cruce MACD | Banda BB inferior | EMA semanal alcista
2026-09-08 19:33:30,NET,8,4836.25,COMPRAR ★★★,EMA alcista | RSI 45 rebote | Cruce MACD | BB zona baja | Stoch 41 | EMA semanal alcista
2026-09-08 19:33:30,SWK,9,1598.95,COMPRAR ★★★,EMA alcista | RSI 39 rebote | Cruce MACD | Banda BB inferior | Rebote EMA50 | EMA semanal alcista
2026-09-08 19:33:30,DUK,7,2055.14,COMPRAR ★★,Golden Cross | RSI 40 rebote | MACD positivo | Cruce MACD | Stoch 41 | Rebote EMA50
2026-09-08 19:33:30,DG,6,2170.66,COMPRAR ★★,EMA alcista | RSI 61 óptimo | MACD positivo
2026-09-08 19:33:30,ACN,6,3025.19,COMPRAR ★★,EMA alcista | RSI 56 óptimo | Cruce MACD | BB zona baja
2026-09-08 19:33:30,XLRE,7,745.18,COMPRAR ★★,Golden Cross | RSI 41 rebote | Cruce MACD | BB zona baja | Rebote EMA50 | EMA semanal alcista
2026-09-08 19:33:30,FEMSAUBD.MX,8,201.5,COMPRAR ★★★,Golden Cross | RSI 52 óptimo | MACD positivo | BB zona baja | EMA semanal alcista
2026-09-08 19:33:30,ZION,7,1164.75,COMPRAR ★★,EMA alcista | RSI 40 rebote | MACD positivo | EMA semanal alcista
2026-09-08 19:33:30,SYK,5,4668.8,OBSERVAR,Golden Cross | Cruce MACD | Volumen alto | Banda BB inferior
2026-09-08 19:33:30,AI,8,177.52,COMPRAR ★★★,EMA alcista | RSI 58 óptimo | MACD positivo | EMA semanal alcista
2026-09-08 19:33:30,BBVA.MC,7,498.53,COMPRAR ★★,EMA alcista | RSI 58 óptimo | Cruce MACD | EMA semanal alcista
2026-09-08 19:33:30,PCAR,9,2078.31,COMPRAR ★★★,EMA alcista | RSI 35 rebote | Cruce MACD | Banda BB inferior | Rebote EMA50 | EMA semanal alcista
2026-09-08 19:33:30,GD,7,6044.13,COMPRAR ★★,EMA alcista | Cruce MACD | Banda BB inferior | EMA semanal alcista
2026-09-08 19:33:30,EWX,6,1245.77,COMPRAR ★★,EMA alcista | MACD positivo | EMA semanal alcista
2026-09-08 19:33:30,NOW,6,2261.83,COMPRAR ★★,EMA alcista | RSI 60 óptimo | EMA semanal alcista
2026-09-08 19:33:30,GWW,8,21777.76,COMPRAR ★★★,Golden Cross | RSI 44 rebote | Volumen alto | Banda BB inferior | Rebote EMA50 | EMA semanal alcista
2026-09-08 19:33:30,HD,7,5319.67,COMPRAR ★★,Golden Cross | RSI 31 rebote | Cruce MACD | Banda BB inferior | EMA semanal alcista
2026-09-08 19:33:30,MAS,7,1207.37,COMPRAR ★★,Golden Cross | RSI 44 rebote | Cruce MACD | Banda BB inferior | EMA semanal alcista
2026-09-08 19:33:30,BWXT,5,2727.5,OBSERVAR,Golden Cross | RSI 46 óptimo | MACD positivo
2026-09-08 19:33:30,ELE.MC,9,813.77,COMPRAR ★★★,EMA alcista | RSI 50 óptimo | Cruce MACD | BB zona baja | Stoch 31 | EMA semanal alcista
2026-09-08 19:33:30,KMI,5,540.42,OBSERVAR,Golden Cross | RSI 42 rebote | MACD positivo | Cruce MACD
2026-09-08 19:33:30,CSX,8,832.12,COMPRAR ★★★,EMA alcista | RSI 42 rebote | Cruce MACD | BB zona baja | Rebote EMA50 | EMA semanal alcista
2026-09-08 19:33:30,BBY,8,1511.16,COMPRAR ★★★,EMA alcista | RSI 53 óptimo | MACD positivo | EMA semanal alcista
2026-09-08 19:33:30,BKNG,8,3049.04,COMPRAR ★★★,EMA alcista | Cruce MACD | Volumen alto | Banda BB inferior | EMA semanal alcista
2026-09-08 19:33:30,AENA.MC,7,502.66,COMPRAR ★★,RSI 37 rebote | Cruce MACD | Banda BB inferior | Rebote EMA50 | EMA semanal alcista
2026-09-08 19:33:30,STLD,7,4065.03,COMPRAR ★★,Golden Cross | RSI 44 rebote | MACD positivo | Rebote EMA50 | EMA semanal alcista
2026-09-08 19:33:30,AMZN,8,4341.16,COMPRAR ★★★,EMA alcista | RSI 47 óptimo | Cruce MACD | BB zona baja | EMA semanal alcista
2026-09-08 19:33:30,SYY,7,1356.56,COMPRAR ★★,EMA alcista | RSI 40 rebote | Cruce MACD | Banda BB inferior | Rebote EMA50
2026-09-08 19:33:30,RHI,8,663.31,COMPRAR ★★★,EMA alcista | Cruce MACD | Banda BB inferior | Rebote EMA50 | EMA semanal alcista
2026-09-08 19:33:30,CIBR,7,1589.98,COMPRAR ★★,EMA alcista | RSI 44 rebote | Cruce MACD | BB zona baja | EMA semanal alcista
2026-09-08 19:33:30,EWT,6,1890.13,COMPRAR ★★,EMA alcista | MACD positivo | EMA semanal alcista
2026-09-08 19:33:30,MO,8,1154.51,COMPRAR ★★★,Golden Cross | RSI 63 óptimo | MACD positivo | Rebote EMA50 | EMA semanal alcista
2026-09-08 19:33:30,HLT,7,5185.2,COMPRAR ★★,Golden Cross | RSI 31 rebote | Cruce MACD | Banda BB inferior | EMA semanal alcista
2026-09-08 19:33:30,MDB,8,6037.7,COMPRAR ★★★,EMA alcista | RSI 33 rebote | Cruce MACD | Banda BB inferior | EMA semanal alcista
2026-09-08 19:33:30,XYL,6,1845.9,COMPRAR ★★,Golden Cross | RSI 39 rebote | Cruce MACD | Volumen alto | BB zona baja | Stoch 33
2026-09-08 19:33:30,PNW,6,1663.05,COMPRAR ★★,Golden Cross | RSI 38 rebote | MACD positivo | Stoch 41 | Rebote EMA50
2026-09-08 19:33:30,ASML,8,29919.74,COMPRAR ★★★,EMA alcista | Golden Cross | RSI 45 óptimo | Cruce MACD | EMA semanal alcista
2026-09-08 19:33:30,LRCX,8,5421.16,COMPRAR ★★★,Golden Cross | RSI 46 óptimo | MACD positivo | Cruce MACD | EMA semanal alcista
2026-09-08 19:33:30,XOM,7,2726.48,COMPRAR ★★,EMA alcista | RSI 42 rebote | Cruce MACD | Stoch 44 | EMA semanal alcista
2026-09-08 19:33:30,IQV,5,4411.69,OBSERVAR,EMA alcista | Cruce MACD | EMA semanal alcista
2026-09-08 19:33:30,ROST,6,3859.09,COMPRAR ★★,RSI 40 rebote | Cruce MACD | BB zona baja | Rebote EMA50 | EMA semanal alcista
2026-09-08 19:33:30,FATE,7,42.37,COMPRAR ★★,EMA alcista | RSI 47 óptimo | Cruce MACD | EMA semanal alcista
2026-09-08 19:33:30,VOLARA.MX,9,11.65,COMPRAR ★★★,Golden Cross | RSI 34 rebote | MACD positivo | Cruce MACD | BB zona baja | Stoch 45 | EMA semanal alcista
2026-09-08 19:33:30,ARKG,7,792.54,COMPRAR ★★,EMA alcista | RSI 62 óptimo | Cruce MACD | EMA semanal alcista
2026-09-08 19:33:30,ADBE,10,4341.66,COMPRAR ★★★,EMA alcista | RSI 46 óptimo | Cruce MACD | Banda BB inferior | Rebote EMA50 | EMA semanal alcista
2026-09-08 19:33:30,CLNX.MC,5,499.51,OBSERVAR,Golden Cross | RSI 38 rebote | Cruce MACD | Banda BB inferior
2026-09-08 19:33:30,ARKF,8,777.74,COMPRAR ★★★,EMA alcista | RSI 64 óptimo | MACD positivo | EMA semanal alcista
2026-09-08 19:33:30,LDOS,6,2196.04,COMPRAR ★★,EMA alcista | Cruce MACD | Banda BB inferior | Rebote EMA50
2026-09-08 19:33:30,DHI,7,2354.78,COMPRAR ★★,Golden Cross | RSI 41 rebote | Cruce MACD | Banda BB inferior | EMA semanal alcista
2026-09-08 19:33:30,DBC,6,546.85,COMPRAR ★★,EMA alcista | MACD positivo | EMA semanal alcista
2026-09-08 19:33:30,APD,9,5058.0,COMPRAR ★★★,EMA alcista | RSI 44 rebote | Cruce MACD | Banda BB inferior | Rebote EMA50 | EMA semanal alcista
2026-09-08 19:33:30,MDT,7,1572.05,COMPRAR ★★,EMA alcista | RSI 53 óptimo | Cruce MACD | EMA semanal alcista
2026-09-08 19:33:30,HWM,7,3973.43,COMPRAR ★★,Golden Cross | Cruce MACD | Volumen alto | Banda BB inferior | EMA semanal alcista
2026-09-08 19:33:30,DPZ,7,5682.15,COMPRAR ★★,EMA alcista | RSI 50 óptimo | Cruce MACD | BB zona baja | Rebote EMA50
2026-09-08 19:33:30,WDC,8,8210.83,COMPRAR ★★★,Golden Cross | RSI 47 óptimo | MACD positivo | Rebote EMA50 | EMA semanal alcista
2026-09-08 19:33:30,BSX,5,765.39,OBSERVAR,Golden Cross | RSI 35 rebote | Cruce MACD | Banda BB inferior
2026-09-08 19:33:30,SO,6,1509.81,COMPRAR ★★,Golden Cross | RSI 35 rebote | Cruce MACD | BB zona baja | Stoch 37 | Rebote EMA50
2026-09-08 19:33:30,CBOE,7,4992.8,COMPRAR ★★,EMA alcista | RSI 53 óptimo | Cruce MACD | EMA semanal alcista
2026-09-08 19:33:30,PEP,6,2344.8,COMPRAR ★★,Golden Cross | RSI 50 óptimo | Cruce MACD | Stoch 22 | Rebote EMA50
2026-09-08 19:33:30,SOXX,8,8945.59,COMPRAR ★★★,Golden Cross | RSI 49 óptimo | MACD positivo | Cruce MACD | EMA semanal alcista
2026-09-08 19:33:30,VESTA.MX,7,57.76,COMPRAR ★★,Golden Cross | RSI 50 óptimo | BB zona baja | Rebote EMA50 | EMA semanal alcista
2026-09-08 19:33:30,FMC,4,218.1,OBSERVAR,EMA alcista | MACD positivo
2026-09-08 19:33:30,ABT,8,1789.74,COMPRAR ★★★,EMA alcista | RSI 33 rebote | Cruce MACD | Banda BB inferior | EMA semanal alcista
2026-09-08 19:33:30,CMCSA,5,444.69,OBSERVAR,EMA alcista | RSI 51 óptimo | Cruce MACD
2026-09-08 19:33:30,XLE,8,1098.38,COMPRAR ★★★,EMA alcista | RSI 59 óptimo | MACD positivo | EMA semanal alcista
2026-09-08 19:33:30,CCJ,6,1731.15,COMPRAR ★★,EMA alcista | RSI 59 óptimo | Cruce MACD | Stoch 47
2026-09-08 19:33:30,LNT,6,1163.31,COMPRAR ★★,Golden Cross | RSI 40 rebote | MACD positivo | Stoch 45 | Rebote EMA50
2026-09-08 19:33:30,T,5,434.28,OBSERVAR,EMA alcista | RSI 63 óptimo | Cruce MACD
2026-09-08 19:33:30,FIS,4,670.08,OBSERVAR,Golden Cross | RSI 42 rebote | Banda BB inferior
2026-09-08 19:33:30,WY,7,385.23,COMPRAR ★★,Golden Cross | RSI 40 rebote | Cruce MACD | Banda BB inferior | EMA semanal alcista
2026-09-08 19:33:30,XLB,8,882.1,COMPRAR ★★★,EMA alcista | RSI 53 óptimo | Cruce MACD | BB zona baja | EMA semanal alcista
2026-09-08 19:33:30,VRTX,8,8956.59,COMPRAR ★★★,EMA alcista | RSI 51 óptimo | Cruce MACD | BB zona baja | EMA semanal alcista
2026-09-08 19:33:30,GL,8,2891.15,COMPRAR ★★★,EMA alcista | RSI 37 rebote | Cruce MACD | BB zona baja | Rebote EMA50 | EMA semanal alcista
2026-09-08 19:33:30,JETS,6,480.21,COMPRAR ★★,Golden Cross | RSI 32 rebote | Cruce MACD | BB zona baja | EMA semanal alcista
2026-09-08 19:33:30,AEE,8,1809.03,COMPRAR ★★★,Golden Cross | RSI 35 rebote | MACD positivo | Cruce MACD | BB zona baja | Stoch 36 | Rebote EMA50
2026-09-08 19:33:30,AES,9,250.51,COMPRAR ★★★,EMA alcista | RSI 61 óptimo | MACD positivo | Cruce MACD | EMA semanal alcista
2026-09-08 19:33:30,POOL,5,3024.86,OBSERVAR,Golden Cross | RSI 39 rebote | Cruce MACD | Banda BB inferior
2026-09-08 19:33:30,TMUS,6,3067.4,COMPRAR ★★,Golden Cross | RSI 49 óptimo | MACD positivo | Rebote EMA50
2026-09-08 19:33:30,ZBH,11,1604.53,COMPRAR ★★★,EMA alcista | RSI 37 rebote | Cruce MACD | Volumen alto | Banda BB inferior | Stoch 27 | Rebote EMA50 | EMA semanal alcista
2026-09-08 19:33:30,MLM,6,8709.04,COMPRAR ★★,Golden Cross | RSI 46 óptimo | Cruce MACD | BB zona baja | Stoch 32
2026-09-08 19:33:30,RVTY,6,2166.43,COMPRAR ★★,EMA alcista | MACD positivo | EMA semanal alcista
2026-09-08 19:33:30,FDS,7,4931.48,COMPRAR ★★,EMA alcista | RSI 54 óptimo | Cruce MACD | EMA semanal alcista
2026-09-08 19:33:30,PBR,6,352.67,COMPRAR ★★,EMA alcista | MACD positivo | EMA semanal alcista
2026-09-08 19:33:30,EOG,7,2467.01,COMPRAR ★★,EMA alcista | RSI 44 rebote | Cruce MACD | Stoch 28 | EMA semanal alcista
2026-09-08 19:33:30,PSX,6,4396.47,COMPRAR ★★,EMA alcista | MACD positivo | EMA semanal alcista
2026-09-08 19:33:30,BDX,9,3049.21,COMPRAR ★★★,EMA alcista | RSI 49 óptimo | Cruce MACD | Banda BB inferior | EMA semanal alcista
2026-09-08 19:33:30,PM,10,3149.86,COMPRAR ★★★,EMA alcista | RSI 48 óptimo | Cruce MACD | BB zona baja | Stoch 28 | Rebote EMA50 | EMA semanal alcista
2026-09-08 19:33:30,HERDEZ.MX,7,50.2,COMPRAR ★★,Golden Cross | RSI 51 óptimo | MACD positivo | BB zona baja | Stoch 48
2026-09-08 19:33:30,PRU,7,2029.09,COMPRAR ★★,EMA alcista | RSI 42 rebote | Cruce MACD | BB zona baja | EMA semanal alcista
2026-09-08 19:33:30,AME,9,4042.11,COMPRAR ★★★,EMA alcista | RSI 36 rebote | Cruce MACD | BB zona baja | Stoch 40 | Rebote EMA50 | EMA semanal alcista
2026-09-08 19:33:30,EQIX,9,17687.28,COMPRAR ★★★,EMA alcista | RSI 39 rebote | Cruce MACD | BB zona baja | Stoch 44 | Rebote EMA50 | EMA semanal alcista
2026-09-08 19:33:30,ALPEKA.MX,7,13.38,COMPRAR ★★,EMA alcista | MACD positivo | Volumen alto | EMA semanal alcista
2026-09-08 19:33:30,EBAY,9,1769.62,COMPRAR ★★★,Golden Cross | RSI 56 óptimo | MACD positivo | Stoch 49 | Rebote EMA50 | EMA semanal alcista
2026-09-08 19:33:30,BILL,8,801.25,COMPRAR ★★★,EMA alcista | RSI 44 rebote | Cruce MACD | Banda BB inferior | EMA semanal alcista
2026-09-08 19:33:30,COO,7,1152.14,COMPRAR ★★,EMA alcista | Cruce MACD | Banda BB inferior | EMA semanal alcista
2026-09-08 19:33:30,REP.MC,9,557.13,COMPRAR ★★★,EMA alcista | RSI 58 óptimo | MACD positivo | Cruce MACD | EMA semanal alcista
2026-09-08 19:33:30,KIM,8,402.15,COMPRAR ★★★,Golden Cross | RSI 46 óptimo | MACD positivo | Rebote EMA50 | EMA semanal alcista
2026-09-08 19:33:30,PDD,4,1351.32,OBSERVAR,Golden Cross | Cruce MACD | Banda BB inferior
2026-09-08 19:33:30,DVA,7,3081.18,COMPRAR ★★,Golden Cross | RSI 58 óptimo | MACD positivo | EMA semanal alcista
2026-09-08 19:33:30,CUERVO.MX,9,14.6,COMPRAR ★★★,Golden Cross | RSI 49 óptimo | Cruce MACD | BB zona baja | Stoch 49 | Rebote EMA50 | EMA semanal alcista
2026-09-08 19:33:30,DUOL,8,2481.89,COMPRAR ★★★,EMA alcista | RSI 58 óptimo | MACD positivo | EMA semanal alcista
2026-09-08 19:33:30,PNR,4,995.6,OBSERVAR,Golden Cross | Cruce MACD | Banda BB inferior
2026-09-08 19:33:30,DD,8,2229.27,COMPRAR ★★★,Golden Cross | RSI 31 rebote | Cruce MACD | Banda BB inferior | Stoch 23 | EMA semanal alcista
2026-09-08 19:33:30,SMCI,9,685.3,COMPRAR ★★★,EMA alcista | RSI 60 óptimo | MACD positivo | Cruce MACD | EMA semanal alcista
2026-09-08 19:33:30,JD,6,468.45,COMPRAR ★★,Golden Cross | RSI 36 rebote | Cruce MACD | BB zona baja | EMA semanal alcista
2026-09-08 19:33:30,OKE,8,1653.67,COMPRAR ★★★,EMA alcista | RSI 53 óptimo | MACD positivo | EMA semanal alcista
2026-09-08 19:33:30,GOOG,7,5651.54,COMPRAR ★★,Golden Cross | RSI 42 rebote | Cruce MACD | Banda BB inferior | EMA semanal alcista
2026-09-08 19:33:30,APP,5,5284.15,OBSERVAR,Golden Cross | RSI 53 óptimo | MACD positivo
2026-09-08 19:33:30,GEV,8,16424.76,COMPRAR ★★★,Golden Cross | RSI 43 rebote | MACD positivo | Cruce MACD | Rebote EMA50 | EMA semanal alcista
2026-09-08 19:33:30,IEX,9,3823.91,COMPRAR ★★★,EMA alcista | RSI 36 rebote | Cruce MACD | BB zona baja | Stoch 32 | Rebote EMA50 | EMA semanal alcista
2026-09-08 19:33:30,QQQ,7,12158.62,COMPRAR ★★,EMA alcista | RSI 51 óptimo | Cruce MACD | EMA semanal alcista
2026-09-08 19:33:30,CE,6,760.15,COMPRAR ★★,Golden Cross | RSI 51 óptimo | MACD positivo | Stoch 26
2026-09-08 19:33:30,FITB,8,924.13,COMPRAR ★★★,Golden Cross | RSI 33 rebote | Cruce MACD | BB zona baja | Stoch 38 | Rebote EMA50 | EMA semanal alcista
2026-09-08 19:33:30,MDLZ,9,1045.41,COMPRAR ★★★,EMA alcista | RSI 44 rebote | Cruce MACD | BB zona baja | Stoch 26 | Rebote EMA50 | EMA semanal alcista
2026-09-08 19:33:30,AC.MX,9,191.75,COMPRAR ★★★,Golden Cross | RSI 53 óptimo | MACD positivo | BB zona baja | Rebote EMA50 | EMA semanal alcista
2026-09-08 19:33:30,OTIS,7,1189.53,COMPRAR ★★,Golden Cross | RSI 50 óptimo | Cruce MACD | Banda BB inferior | Rebote EMA50
2026-09-08 19:33:30,AMGN,10,6678.26,COMPRAR ★★★,EMA alcista | RSI 38 rebote | Cruce MACD | Volumen alto | Banda BB inferior | Rebote EMA50 | EMA semanal alcista
2026-09-08 19:33:30,AVY,8,2903.58,COMPRAR ★★★,EMA alcista | RSI 42 rebote | Cruce MACD | Banda BB inferior | EMA semanal alcista
2026-09-08 19:33:30,CMG,6,626.27,COMPRAR ★★,EMA alcista | MACD positivo | EMA semanal alcista
2026-09-08 19:33:30,SNPS,5,6661.69,OBSERVAR,Golden Cross | RSI 47 óptimo | Cruce MACD | BB zona baja
2026-09-08 19:33:30,CVS,8,1630.92,COMPRAR ★★★,Golden Cross | RSI 56 óptimo | MACD positivo | Rebote EMA50 | EMA semanal alcista
2026-09-08 19:33:30,CB,8,5727.49,COMPRAR ★★★,EMA alcista | RSI 42 rebote | Banda BB inferior | Rebote EMA50 | EMA semanal alcista
2026-09-08 19:33:30,ARKK,8,1459.23,COMPRAR ★★★,EMA alcista | RSI 64 óptimo | MACD positivo | EMA semanal alcista
2026-09-08 19:33:30,MNDY,9,1433.27,COMPRAR ★★★,EMA alcista | RSI 46 óptimo | Cruce MACD | Banda BB inferior | EMA semanal alcista
2026-09-08 19:33:30,AAPL,8,5346.99,COMPRAR ★★★,EMA alcista | RSI 56 óptimo | MACD positivo | EMA semanal alcista
2026-09-08 19:33:30,VTR,8,1528.68,COMPRAR ★★★,EMA alcista | RSI 45 rebote | Cruce MACD | BB zona baja | Rebote EMA50 | EMA semanal alcista
2026-09-08 19:33:30,NDAQ,9,1613.49,COMPRAR ★★★,EMA alcista | RSI 45 óptimo | Cruce MACD | Banda BB inferior | EMA semanal alcista
2026-09-08 19:33:30,IBN,7,498.98,COMPRAR ★★,EMA alcista | RSI 49 óptimo | BB zona baja | EMA semanal alcista
2026-09-08 19:33:30,LW,9,837.95,COMPRAR ★★★,EMA alcista | RSI 38 rebote | Cruce MACD | Banda BB inferior | Rebote EMA50 | EMA semanal alcista
2026-09-08 19:33:30,MAA,7,2176.41,COMPRAR ★★,Golden Cross | RSI 44 rebote | Cruce MACD | BB zona baja | Rebote EMA50 | EMA semanal alcista
2026-09-08 19:33:30,TECL,8,3515.8,COMPRAR ★★★,EMA alcista | RSI 54 óptimo | MACD positivo | EMA semanal alcista
2026-09-08 19:33:30,EME,7,13079.12,COMPRAR ★★,Golden Cross | RSI 37 rebote | Cruce MACD | Stoch 47 | Rebote EMA50 | EMA semanal alcista
2026-09-08 19:33:30,GRF.MC,8,196.58,COMPRAR ★★★,EMA alcista | RSI 60 óptimo | Cruce MACD | Volumen alto | EMA semanal alcista
2026-09-08 19:33:30,SBUX,9,1728.68,COMPRAR ★★★,EMA alcista | RSI 40 rebote | Cruce MACD | Banda BB inferior | Rebote EMA50 | EMA semanal alcista
2026-09-08 19:33:30,UPS,7,1707.54,COMPRAR ★★,Golden Cross | RSI 46 óptimo | Banda BB inferior | EMA semanal alcista
2026-09-08 19:33:30,MEL.MC,8,194.4,COMPRAR ★★★,Golden Cross | RSI 44 rebote | MACD positivo | Banda BB inferior | EMA semanal alcista
2026-09-08 19:33:30,UNG,6,176.62,COMPRAR ★★,Golden Cross | RSI 61 óptimo | MACD positivo | Rebote EMA50
2026-09-08 19:33:30,MNST,6,730.04,COMPRAR ★★,Golden Cross | Cruce MACD | Banda BB inferior | EMA semanal alcista
2026-09-08 19:33:30,KR,6,965.49,COMPRAR ★★,Golden Cross | RSI 54 óptimo | MACD positivo | Rebote EMA50
2026-09-08 19:33:30,LUV,9,658.74,COMPRAR ★★★,Golden Cross | RSI 32 rebote | MACD positivo | Cruce MACD | BB zona baja | Stoch 30 | EMA semanal alcista
2026-09-08 19:33:30,MMM,8,2837.61,COMPRAR ★★★,EMA alcista | Cruce MACD | Banda BB inferior | Rebote EMA50 | EMA semanal alcista
2026-09-08 19:33:30,PWR,9,10918.82,COMPRAR ★★★,Golden Cross | RSI 35 rebote | MACD positivo | Cruce MACD | Stoch 46 | Rebote EMA50 | EMA semanal alcista
2026-09-08 19:33:30,TCEHY,5,935.38,OBSERVAR,Golden Cross | RSI 45 rebote | Cruce MACD | Banda BB inferior
2026-09-08 19:33:30,TEF.MC,7,71.25,COMPRAR ★★,EMA alcista | RSI 43 rebote | BB zona baja | Rebote EMA50 | EMA semanal alcista
2026-09-08 19:33:30,EXPD,7,3148.08,COMPRAR ★★,EMA alcista | RSI 51 óptimo | Cruce MACD | EMA semanal alcista
2026-09-08 19:33:30,PCG,5,251.1,OBSERVAR,Golden Cross | RSI 35 rebote | Cruce MACD | BB zona baja | Stoch 39
2026-09-08 19:33:30,NVCR,10,281.38,COMPRAR ★★★,EMA alcista | RSI 45 óptimo | Cruce MACD | Banda BB inferior | Rebote EMA50 | EMA semanal alcista
2026-09-08 19:33:30,HUM,6,6867.37,COMPRAR ★★,EMA alcista | MACD positivo | EMA semanal alcista
2026-09-08 19:33:30,IR,5,1276.89,OBSERVAR,Golden Cross | RSI 32 rebote | Cruce MACD | Banda BB inferior
2026-09-08 19:33:30,ESS,8,4723.01,COMPRAR ★★★,Golden Cross | RSI 44 rebote | Cruce MACD | BB zona baja | Stoch 21 | Rebote EMA50 | EMA semanal alcista
2026-09-08 19:33:30,ITW,7,4548.36,COMPRAR ★★,EMA alcista | Cruce MACD | Banda BB inferior | EMA semanal alcista
2026-09-08 19:33:30,FDX,9,5361.11,COMPRAR ★★★,EMA alcista | RSI 38 rebote | Cruce MACD | Banda BB inferior | Rebote EMA50 | EMA semanal alcista
2026-09-08 19:33:30,FE,5,790.0,OBSERVAR,Golden Cross | RSI 44 rebote | MACD positivo | Rebote EMA50
2026-09-08 19:33:30,APA,7,738.75,COMPRAR ★★,EMA alcista | RSI 56 óptimo | Cruce MACD | EMA semanal alcista
2026-09-08 19:33:30,PLD,9,2347.93,COMPRAR ★★★,Golden Cross | RSI 46 óptimo | Cruce MACD | BB zona baja | Stoch 33 | Rebote EMA50 | EMA semanal alcista
2026-09-08 19:33:30,OMC,9,1375.84,COMPRAR ★★★,EMA alcista | RSI 36 rebote | Cruce MACD | Banda BB inferior | Rebote EMA50 | EMA semanal alcista
2026-09-08 19:33:30,MCD,5,4331.69,OBSERVAR,Golden Cross | RSI 35 rebote | Cruce MACD | Banda BB inferior
2026-09-08 19:33:30,FLR,8,961.94,COMPRAR ★★★,EMA alcista | RSI 62 óptimo | MACD positivo | EMA semanal alcista
2026-09-08 19:33:30,VRSN,7,4785.85,COMPRAR ★★,EMA alcista | RSI 57 óptimo | BB zona baja | EMA semanal alcista
2026-09-08 19:33:30,TSM,6,7415.32,COMPRAR ★★,EMA alcista | MACD positivo | EMA semanal alcista
2026-09-08 19:33:30,UNH,7,6801.32,COMPRAR ★★,Golden Cross | RSI 57 óptimo | MACD positivo | EMA semanal alcista
2026-09-08 19:33:30,PEG,5,1259.21,OBSERVAR,Golden Cross | RSI 42 rebote | MACD positivo | Rebote EMA50
2026-09-08 19:33:30,HDB,6,380.67,COMPRAR ★★,Golden Cross | RSI 42 rebote | MACD positivo | Banda BB inferior
2026-09-08 19:33:30,Q.MX,6,155.37,COMPRAR ★★,Golden Cross | RSI 62 óptimo | MACD positivo | Rebote EMA50
2026-09-08 19:33:30,ZM,8,1641.15,COMPRAR ★★★,EMA alcista | RSI 41 rebote | Cruce MACD | BB zona baja | Rebote EMA50 | EMA semanal alcista
2026-09-08 19:33:30,ANET,7,3302.68,COMPRAR ★★,EMA alcista | RSI 52 óptimo | Cruce MACD | EMA semanal alcista
2026-09-08 19:33:30,STX,10,15493.02,COMPRAR ★★★,EMA alcista | Golden Cross | RSI 52 óptimo | MACD positivo | Cruce MACD | EMA semanal alcista
2026-09-08 19:33:30,GS,8,17511.96,COMPRAR ★★★,EMA alcista | RSI 50 óptimo | MACD positivo | EMA semanal alcista
2026-09-08 19:33:30,VIS.MC,7,1115.05,COMPRAR ★★,RSI 53 óptimo | Cruce MACD | BB zona baja | Rebote EMA50 | EMA semanal alcista
2026-09-08 19:33:30,INFY,6,188.94,COMPRAR ★★,EMA alcista | RSI 38 rebote | Cruce MACD | Banda BB inferior
2026-09-08 19:33:30,LIT,9,1249.15,COMPRAR ★★★,Golden Cross | RSI 49 óptimo | Cruce MACD | Banda BB inferior | Rebote EMA50 | EMA semanal alcista
2026-09-08 19:33:30,ACS.MC,7,2060.97,COMPRAR ★★,Golden Cross | RSI 40 rebote | MACD positivo | Cruce MACD | EMA semanal alcista
2026-09-08 19:33:30,AKAM,7,1783.32,COMPRAR ★★,Golden Cross | RSI 32 rebote | Cruce MACD | BB zona baja | Stoch 29 | EMA semanal alcista
2026-09-08 19:33:30,KRE,8,1262.01,COMPRAR ★★★,EMA alcista | RSI 37 rebote | Cruce MACD | BB zona baja | Rebote EMA50 | EMA semanal alcista
2026-09-08 19:33:30,ADP,9,4537.88,COMPRAR ★★★,EMA alcista | RSI 49 óptimo | Cruce MACD | Banda BB inferior | EMA semanal alcista
2026-09-08 19:33:30,VTI,8,6397.39,COMPRAR ★★★,EMA alcista | RSI 48 óptimo | Cruce MACD | BB zona baja | EMA semanal alcista
2026-09-08 19:33:30,BWA,8,1126.01,COMPRAR ★★★,EMA alcista | RSI 46 óptimo | MACD positivo | EMA semanal alcista
2026-09-08 19:33:30,BBAJIOO.MX,6,57.67,COMPRAR ★★,EMA alcista | MACD positivo | EMA semanal alcista
2026-09-08 19:33:30,DLR,6,3212.95,COMPRAR ★★,EMA alcista | RSI 42 rebote | Cruce MACD | EMA semanal alcista
2026-09-08 19:33:30,TDG,6,19436.51,COMPRAR ★★,Golden Cross | Cruce MACD | Banda BB inferior | EMA semanal alcista
2026-09-08 19:33:30,TAN,6,835.08,COMPRAR ★★,Golden Cross | RSI 47 óptimo | MACD positivo | Cruce MACD
2026-09-08 19:33:30,SAP,8,3564.69,COMPRAR ★★★,EMA alcista | RSI 50 óptimo | Cruce MACD | BB zona baja | EMA semanal alcista
2026-09-08 19:33:30,LEN,6,1360.28,COMPRAR ★★,Golden Cross | RSI 39 rebote | Cruce MACD | Volumen alto | Banda BB inferior
2026-09-08 19:33:30,EXC,5,746.87,OBSERVAR,Golden Cross | RSI 42 rebote | MACD positivo | Rebote EMA50
2026-09-08 19:33:30,APH,8,1393.43,COMPRAR ★★★,EMA alcista | RSI 57 óptimo | MACD positivo | EMA semanal alcista
2026-09-08 19:33:30,AMD,8,8552.24,COMPRAR ★★★,Golden Cross | RSI 57 óptimo | MACD positivo | Volumen alto | EMA semanal alcista
2026-09-08 19:33:30,RJF,7,2999.57,COMPRAR ★★,EMA alcista | RSI 47 óptimo | Cruce MACD | EMA semanal alcista
2026-09-08 19:33:30,WU,6,118.99,COMPRAR ★★,Golden Cross | RSI 41 rebote | MACD positivo | Banda BB inferior
2026-09-08 19:33:30,XLU,6,737.57,COMPRAR ★★,Golden Cross | RSI 46 óptimo | MACD positivo | Rebote EMA50
2026-09-08 19:33:30,VZ,3,855.46,EVITAR,EMA alcista | Cruce MACD
2026-09-08 19:33:30,COP,7,2286.19,COMPRAR ★★,EMA alcista | RSI 62 óptimo | Cruce MACD | EMA semanal alcista
2026-09-08 19:33:30,INVH,6,479.53,COMPRAR ★★,Golden Cross | Cruce MACD | Banda BB inferior | EMA semanal alcista
2026-09-08 19:33:30,ACHC,7,469.38,COMPRAR ★★,Golden Cross | RSI 52 óptimo | Cruce MACD | BB zona baja | EMA semanal alcista
2026-09-08 19:33:30,LYV,8,2897.57,COMPRAR ★★★,EMA alcista | RSI 37 rebote | Cruce MACD | Banda BB inferior | EMA semanal alcista
2026-09-08 19:33:30,DAL,7,1343.87,COMPRAR ★★,Golden Cross | RSI 34 rebote | Cruce MACD | BB zona baja | Stoch 32 | EMA semanal alcista
2026-09-08 19:33:30,SNA,7,6440.78,COMPRAR ★★,Golden Cross | RSI 31 rebote | Cruce MACD | Banda BB inferior | EMA semanal alcista
2026-09-08 19:33:30,MRK,7,2521.05,COMPRAR ★★,EMA alcista | RSI 64 óptimo | Cruce MACD | EMA semanal alcista
2026-09-08 19:33:30,BALL,10,1040.08,COMPRAR ★★★,EMA alcista | RSI 50 óptimo | Cruce MACD | Banda BB inferior | Rebote EMA50 | EMA semanal alcista
2026-09-08 19:33:30,MHK,8,2214.64,COMPRAR ★★★,EMA alcista | RSI 47 óptimo | Cruce MACD | BB zona baja | EMA semanal alcista
2026-09-08 19:33:30,MU,8,17041.22,COMPRAR ★★★,EMA alcista | RSI 62 óptimo | MACD positivo | EMA semanal alcista
2026-09-08 19:33:30,NFLX,7,1296.77,COMPRAR ★★,EMA alcista | RSI 47 óptimo | Cruce MACD | BB zona baja | Rebote EMA50
2026-09-08 19:33:30,HPQ,8,527.06,COMPRAR ★★★,EMA alcista | RSI 56 óptimo | MACD positivo | EMA semanal alcista
2026-09-08 19:33:30,TER,5,6302.08,OBSERVAR,Golden Cross | RSI 39 rebote | Cruce MACD | EMA semanal alcista
2026-09-08 19:33:30,TMO,7,10269.59,COMPRAR ★★,EMA alcista | RSI 58 óptimo | Cruce MACD | EMA semanal alcista
2026-09-08 19:33:30,MS,8,3677.59,COMPRAR ★★★,EMA alcista | RSI 50 óptimo | MACD positivo | EMA semanal alcista
2026-09-08 19:33:30,RTX,7,3371.61,COMPRAR ★★,EMA alcista | Cruce MACD | Banda BB inferior | EMA semanal alcista
2026-09-08 19:33:30,SLV,5,1005.72,OBSERVAR,EMA alcista | RSI 56 óptimo | Cruce MACD
2026-09-08 19:33:30,ABBV,9,4223.26,COMPRAR ★★★,EMA alcista | RSI 40 rebote | Cruce MACD | Banda BB inferior | Rebote EMA50 | EMA semanal alcista
2026-09-08 19:33:30,LKQ,6,420.92,COMPRAR ★★,Golden Cross | RSI 50 óptimo | Cruce MACD | BB zona baja | Rebote EMA50
2026-09-08 19:33:30,INDA,10,831.57,COMPRAR ★★★,EMA alcista | RSI 47 óptimo | Cruce MACD | Banda BB inferior | Rebote EMA50 | EMA semanal alcista
2026-09-08 19:33:30,AIG,8,1279.0,COMPRAR ★★★,Golden Cross | RSI 47 óptimo | Banda BB inferior | Rebote EMA50 | EMA semanal alcista
2026-09-08 19:33:30,ICE,5,2675.06,OBSERVAR,EMA alcista | RSI 54 óptimo | Cruce MACD
2026-09-08 19:33:30,UAL,6,1839.98,COMPRAR ★★,Golden Cross | RSI 36 rebote | Cruce MACD | BB zona baja | EMA semanal alcista
2026-09-08 19:33:30,XHB,7,1714.14,COMPRAR ★★,Golden Cross | RSI 36 rebote | Cruce MACD | Banda BB inferior | EMA semanal alcista
2026-09-08 19:33:30,HON,3,3526.55,EVITAR,Golden Cross | Cruce MACD | BB zona baja
2026-09-08 19:33:30,SMSNN.MX,8,85029.85,COMPRAR ★★★,EMA alcista | Golden Cross | MACD positivo | Volumen alto | EMA semanal alcista
2026-09-08 19:33:30,VNO,6,598.44,COMPRAR ★★,RSI 36 rebote | Cruce MACD | Banda BB inferior | EMA semanal alcista
2026-09-08 19:33:30,MOS,4,449.17,OBSERVAR,EMA alcista | MACD positivo
2026-09-08 19:33:30,FANG,7,3391.4,COMPRAR ★★,EMA alcista | RSI 34 rebote | Cruce MACD | BB zona baja | EMA semanal alcista
2026-09-08 19:33:30,A,9,2492.21,COMPRAR ★★★,EMA alcista | RSI 48 óptimo | Cruce MACD | Banda BB inferior | EMA semanal alcista
2026-09-08 19:33:30,FER.MC,4,983.29,OBSERVAR,Golden Cross | Cruce MACD | Volumen alto | BB zona baja
2026-09-08 19:33:30,GCC.MX,7,189.62,COMPRAR ★★,Golden Cross | RSI 46 óptimo | Cruce MACD | BB zona baja | EMA semanal alcista
2026-09-08 19:33:30,TTWO,6,3610.27,COMPRAR ★★,Golden Cross | Cruce MACD | Banda BB inferior | EMA semanal alcista
2026-09-08 19:33:30,TROW,8,1854.36,COMPRAR ★★★,RSI 47 óptimo | Cruce MACD | Banda BB inferior | Rebote EMA50 | EMA semanal alcista
2026-09-08 19:33:30,LABB.MX,4,12.81,OBSERVAR,Golden Cross | Cruce MACD | Banda BB inferior
2026-09-08 19:33:30,CAG,6,260.13,COMPRAR ★★,EMA alcista | RSI 48 óptimo | Cruce MACD | BB zona baja
2026-09-08 19:33:30,LMT,4,9078.61,OBSERVAR,EMA alcista | Cruce MACD | BB zona baja
2026-09-08 19:33:30,ALLE,8,2647.95,COMPRAR ★★★,EMA alcista | RSI 42 rebote | Cruce MACD | BB zona baja | Stoch 35 | EMA semanal alcista
2026-09-08 19:33:30,KWEB,5,429.97,OBSERVAR,Golden Cross | RSI 33 rebote | Cruce MACD | Banda BB inferior
2026-09-08 19:33:30,GAPB.MX,6,348.17,COMPRAR ★★,Golden Cross | RSI 49 óptimo | MACD positivo | BB zona baja
2026-09-08 19:33:30,VTRS,8,281.88,COMPRAR ★★★,EMA alcista | RSI 61 óptimo | MACD positivo | EMA semanal alcista
2026-09-08 19:33:30,MAP.MC,8,87.24,COMPRAR ★★★,EMA alcista | RSI 54 óptimo | MACD positivo | EMA semanal alcista
2026-09-08 19:33:30,XLC,4,1886.67,OBSERVAR,EMA alcista | RSI 54 óptimo
2026-09-08 19:33:30,KOFUBL.MX,9,185.42,COMPRAR ★★★,EMA alcista | RSI 47 óptimo | Cruce MACD | BB zona baja | Rebote EMA50 | EMA semanal alcista
2026-09-08 19:33:30,CRL,8,4790.07,COMPRAR ★★★,EMA alcista | RSI 53 óptimo | Cruce MACD | BB zona baja | EMA semanal alcista
2026-09-08 19:33:30,ENG.MC,8,326.84,COMPRAR ★★★,Golden Cross | RSI 40 rebote | Cruce MACD | BB zona baja | Stoch 39 | Rebote EMA50 | EMA semanal alcista
2026-09-08 19:33:30,AVB,6,1152.57,COMPRAR ★★,Golden Cross | RSI 52 óptimo | MACD positivo | Volumen alto
2026-09-08 19:33:30,GPC,7,2274.86,COMPRAR ★★,EMA alcista | RSI 57 óptimo | Cruce MACD | EMA semanal alcista
2026-09-08 19:33:30,WEC,7,1818.16,COMPRAR ★★,Golden Cross | RSI 37 rebote | MACD positivo | Cruce MACD | Stoch 39 | Rebote EMA50
2026-09-08 19:33:30,BMY,8,1097.17,COMPRAR ★★★,EMA alcista | RSI 45 óptimo | Cruce MACD | BB zona baja | EMA semanal alcista
2026-09-08 19:33:30,CELH,6,500.25,COMPRAR ★★,EMA alcista | RSI 49 óptimo | Cruce MACD | BB zona baja
2026-09-08 19:33:30,CNP,6,680.82,COMPRAR ★★,Golden Cross | RSI 50 óptimo | MACD positivo | Rebote EMA50
2026-09-08 19:33:30,BAX,8,421.09,COMPRAR ★★★,EMA alcista | RSI 39 rebote | Cruce MACD | Banda BB inferior | EMA semanal alcista
2026-09-08 19:33:30,KLAC,6,3164.91,COMPRAR ★★,Golden Cross | RSI 41 rebote | MACD positivo | EMA semanal alcista
2026-09-08 19:33:30,BBWI,6,317.32,COMPRAR ★★,Golden Cross | RSI 42 rebote | MACD positivo | EMA semanal alcista
2026-09-08 19:33:30,BIIB,7,3616.45,COMPRAR ★★,EMA alcista | RSI 51 óptimo | BB zona baja | EMA semanal alcista
2026-09-08 19:33:30,ZTS,4,1252.36,OBSERVAR,Golden Cross | RSI 50 óptimo | BB zona baja
2026-09-08 19:33:30,L,8,1835.92,COMPRAR ★★★,Golden Cross | RSI 32 rebote | Cruce MACD | Banda BB inferior | Rebote EMA50 | EMA semanal alcista
2026-09-08 19:33:30,AZO,5,50153.61,OBSERVAR,Golden Cross | RSI 38 rebote | Cruce MACD | BB zona baja | Rebote EMA50
2026-09-08 19:33:30,APTV,5,778.08,OBSERVAR,Golden Cross | RSI 40 rebote | MACD positivo | BB zona baja
2026-09-08 19:33:30,SRE,6,1455.51,COMPRAR ★★,Golden Cross | RSI 47 óptimo | MACD positivo | Rebote EMA50
2026-09-08 19:33:30,NEMAKA.MX,3,3.09,EVITAR,Golden Cross | MACD positivo
2026-09-08 19:33:30,HAL,6,628.13,COMPRAR ★★,EMA alcista | MACD positivo | EMA semanal alcista
2026-09-08 19:33:30,PPL,5,595.06,OBSERVAR,Golden Cross | RSI 44 rebote | MACD positivo | Rebote EMA50
2026-09-08 19:33:30,WMT,5,1796.51,OBSERVAR,Golden Cross | RSI 33 rebote | MACD positivo | BB zona baja
2026-09-08 19:33:30,XLY,7,1929.54,COMPRAR ★★,RSI 43 rebote | Cruce MACD | Banda BB inferior | Rebote EMA50 | EMA semanal alcista
2026-09-08 19:33:30,QCOM,6,2921.85,COMPRAR ★★,Golden Cross | MACD positivo | Volumen alto | EMA semanal alcista
2026-09-08 19:33:30,CHD,9,1634.72,COMPRAR ★★★,EMA alcista | RSI 41 rebote | Cruce MACD | Banda BB inferior | Rebote EMA50 | EMA semanal alcista
2026-09-08 19:33:30,CBRE,9,2419.65,COMPRAR ★★★,EMA alcista | RSI 45 rebote | Cruce MACD | Banda BB inferior | Rebote EMA50 | EMA semanal alcista
2026-09-08 19:33:30,ALK,7,694.18,COMPRAR ★★,Golden Cross | RSI 44 rebote | MACD positivo | BB zona baja | EMA semanal alcista
2026-09-08 19:33:30,IAG.MC,8,97.33,COMPRAR ★★★,Golden Cross | RSI 48 óptimo | Cruce MACD | BB zona baja | Rebote EMA50 | EMA semanal alcista
2026-09-08 19:33:30,WST,9,5728.59,COMPRAR ★★★,EMA alcista | RSI 40 rebote | Cruce MACD | Banda BB inferior | Rebote EMA50 | EMA semanal alcista
2026-09-08 19:33:30,WMB,8,1278.5,COMPRAR ★★★,EMA alcista | RSI 52 óptimo | MACD positivo | EMA semanal alcista
2026-09-08 19:33:30,IBM,7,3934.7,COMPRAR ★★,Golden Cross | RSI 50 óptimo | MACD positivo | BB zona baja | Rebote EMA50
2026-09-08 19:33:30,GOLD,5,793.64,OBSERVAR,EMA alcista | RSI 63 óptimo | Cruce MACD
2026-09-08 19:33:30,BIDU,7,1560.47,COMPRAR ★★,Golden Cross | RSI 53 óptimo | MACD positivo | Volumen alto | BB zona baja
2026-09-08 19:33:30,PAYX,8,1978.01,COMPRAR ★★★,EMA alcista | RSI 43 rebote | Cruce MACD | Banda BB inferior | EMA semanal alcista
2026-09-08 19:33:30,PATH,8,236.97,COMPRAR ★★★,EMA alcista | RSI 41 rebote | Cruce MACD | Banda BB inferior | EMA semanal alcista
2026-09-08 19:33:30,SPG,8,3591.16,COMPRAR ★★★,Golden Cross | RSI 34 rebote | Cruce MACD | BB zona baja | Stoch 27 | Rebote EMA50 | EMA semanal alcista
2026-09-08 19:33:30,WFC,8,1493.82,COMPRAR ★★★,EMA alcista | RSI 54 óptimo | MACD positivo | EMA semanal alcista
2026-09-08 19:33:30,MRVL,8,3843.53,VENDER,EMA alcista | RSI 54 óptimo | Cruce MACD | Stoch 49 | EMA semanal alcista | 🛑 Stop Loss -28.8%
2026-09-08 19:33:30,URI,6,17292.57,COMPRAR ★★,Golden Cross | Cruce MACD | BB zona baja | Stoch 34 | EMA semanal alcista
2026-09-08 19:33:30,CHPT,7,159.08,COMPRAR ★★,EMA alcista | MACD positivo | Volumen alto | EMA semanal alcista
2026-09-08 19:33:30,LCID,3,79.08,EVITAR,Golden Cross | Cruce MACD | BB zona baja
2026-09-08 19:33:30,IVVPESO.MX,10,156.19,COMPRAR ★★★,EMA alcista | RSI 46 óptimo | Cruce MACD | Volumen alto | BB zona baja | Stoch 41 | EMA semanal alcista
2026-09-08 19:33:30,FICO,6,15756.38,COMPRAR ★★,Golden Cross | RSI 34 rebote | Cruce MACD | Volumen alto | Banda BB inferior
2026-09-08 19:33:30,BABA,3,1906.29,EVITAR,Golden Cross | Cruce MACD | BB zona baja
2026-09-08 19:33:30,RKLB,6,1113.33,COMPRAR ★★,Golden Cross | Cruce MACD | BB zona baja | Stoch 27 | EMA semanal alcista
2026-09-08 19:33:30,GM,7,1455.76,COMPRAR ★★,EMA alcista | RSI 59 óptimo | Cruce MACD | EMA semanal alcista
2026-09-08 19:33:30,BLK,9,18550.52,COMPRAR ★★★,EMA alcista | RSI 34 rebote | Cruce MACD | Banda BB inferior | Rebote EMA50 | EMA semanal alcista
2026-09-08 19:33:30,CMS,6,1169.06,COMPRAR ★★,Golden Cross | RSI 35 rebote | MACD positivo | Stoch 43 | Rebote EMA50
2026-09-08 19:33:30,MTS.MC,6,1316.42,COMPRAR ★★,EMA alcista | MACD positivo | EMA semanal alcista
2026-09-08 19:33:30,ETR,7,1838.37,COMPRAR ★★,Golden Cross | RSI 53 óptimo | MACD positivo | EMA semanal alcista
2026-09-08 19:33:30,SCHW,8,1820.7,COMPRAR ★★★,EMA alcista | RSI 40 rebote | Cruce MACD | Banda BB inferior | EMA semanal alcista
2026-09-08 19:33:30,MCK,6,15174.01,COMPRAR ★★,EMA alcista | RSI 58 óptimo | MACD positivo
2026-09-08 19:33:30,SNOW,7,5693.19,COMPRAR ★★,EMA alcista | RSI 54 óptimo | Cruce MACD | EMA semanal alcista
2026-09-08 19:33:30,WDAY,8,3152.9,COMPRAR ★★★,EMA alcista | RSI 47 óptimo | Cruce MACD | BB zona baja | EMA semanal alcista
2026-09-08 19:33:30,CFG,8,1189.61,COMPRAR ★★★,EMA alcista | RSI 36 rebote | Cruce MACD | BB zona baja | Stoch 43 | EMA semanal alcista
2026-09-08 19:33:30,AVGO,5,6233.4,OBSERVAR,Golden Cross | RSI 43 rebote | Cruce MACD | EMA semanal alcista
2026-09-08 19:33:30,TSLA,5,6223.26,OBSERVAR,Golden Cross | RSI 60 óptimo | MACD positivo
2026-09-08 19:33:30,OMAB.MX,6,211.61,COMPRAR ★★,Golden Cross | RSI 45 óptimo | Cruce MACD | BB zona baja | Stoch 29
2026-09-08 19:33:30,IFF,5,1455.93,OBSERVAR,EMA alcista | Cruce MACD | EMA semanal alcista
2026-09-08 19:33:30,SYF,6,1332.37,COMPRAR ★★,EMA alcista | RSI 45 rebote | Cruce MACD | EMA semanal alcista
2026-09-08 19:33:30,UNP,8,4898.5,COMPRAR ★★★,EMA alcista | RSI 38 rebote | Cruce MACD | BB zona baja | Rebote EMA50 | EMA semanal alcista
2026-09-08 19:33:30,YPF,8,897.32,COMPRAR ★★★,EMA alcista | RSI 62 óptimo | MACD positivo | EMA semanal alcista
2026-09-08 19:33:30,O,6,1033.49,COMPRAR ★★,Golden Cross | RSI 42 rebote | Cruce MACD | Banda BB inferior | Rebote EMA50
2026-09-08 19:33:30,PSA,6,5115.77,COMPRAR ★★,Golden Cross | Cruce MACD | Banda BB inferior | EMA semanal alcista
2026-09-08 19:33:30,ON,7,1210.92,COMPRAR ★★,Golden Cross | RSI 31 rebote | MACD positivo | BB zona baja | EMA semanal alcista
2026-09-08 19:33:30,FMTY14.MX,8,14.04,COMPRAR ★★★,Golden Cross | RSI 49 óptimo | Banda BB inferior | Rebote EMA50 | EMA semanal alcista
2026-09-08 19:33:30,LYB,5,1102.5,OBSERVAR,EMA alcista | RSI 52 óptimo | Cruce MACD
2026-09-08 19:33:30,NSC,9,5558.34,COMPRAR ★★★,EMA alcista | RSI 39 rebote | Cruce MACD | Banda BB inferior | Rebote EMA50 | EMA semanal alcista
2026-09-08 19:33:30,KO,7,1495.85,COMPRAR ★★,EMA alcista | RSI 48 óptimo | Cruce MACD | EMA semanal alcista
2026-09-08 19:33:30,INTU,6,5379.89,COMPRAR ★★,EMA alcista | RSI 34 rebote | Cruce MACD | Banda BB inferior
2026-09-08 19:33:30,TDY,5,10279.32,OBSERVAR,Golden Cross | Cruce MACD | BB zona baja | EMA semanal alcista
2026-09-08 19:33:30,MSFT,7,8348.42,COMPRAR ★★,EMA alcista | RSI 58 óptimo | Cruce MACD | EMA semanal alcista
2026-09-08 19:33:30,EL,4,1726.82,OBSERVAR,EMA alcista | EMA semanal alcista
2026-09-08 19:33:30,PINFRA.MX,3,270.42,EVITAR,Golden Cross | MACD positivo
2026-09-08 19:33:30,USB,6,1061.4,COMPRAR ★★,EMA alcista | RSI 39 rebote | Cruce MACD | EMA semanal alcista
2026-09-08 19:33:30,MPWR,7,20649.8,COMPRAR ★★,Golden Cross | Cruce MACD | Banda BB inferior | Stoch 21 | EMA semanal alcista
2026-09-08 19:33:30,GOOGL,8,5707.19,COMPRAR ★★★,Golden Cross | RSI 43 rebote | Cruce MACD | Banda BB inferior | Rebote EMA50 | EMA semanal alcista
2026-09-08 19:33:30,IWM,8,4993.73,COMPRAR ★★★,EMA alcista | RSI 41 rebote | Cruce MACD | BB zona baja | Rebote EMA50 | EMA semanal alcista
2026-09-08 19:33:30,OKLO,7,732.9,COMPRAR ★★,Golden Cross | RSI 54 óptimo | MACD positivo | Cruce MACD | Volumen alto
2026-09-08 19:33:30,AFRM,9,1210.25,COMPRAR ★★★,EMA alcista | RSI 46 óptimo | Cruce MACD | Banda BB inferior | EMA semanal alcista
2026-09-08 19:33:30,MKC,7,882.52,COMPRAR ★★,EMA alcista | RSI 35 rebote | Cruce MACD | Banda BB inferior | Rebote EMA50
2026-09-08 19:33:30,EWJ,6,1660.18,COMPRAR ★★,EMA alcista | MACD positivo | EMA semanal alcista
2026-09-08 19:33:30,CPB,9,366.12,COMPRAR ★★★,EMA alcista | RSI 39 rebote | Cruce MACD | Banda BB inferior | Stoch 27 | EMA semanal alcista
2026-09-08 19:33:30,IBE.MC,8,390.95,COMPRAR ★★★,Golden Cross | RSI 40 rebote | Cruce MACD | BB zona baja | Stoch 41 | Rebote EMA50 | EMA semanal alcista
2026-09-08 19:33:30,GRMN,8,4670.32,COMPRAR ★★★,EMA alcista | Cruce MACD | Banda BB inferior | Rebote EMA50 | EMA semanal alcista
2026-09-08 19:33:30,ADM,8,1431.74,COMPRAR ★★★,EMA alcista | RSI 58 óptimo | MACD positivo | EMA semanal alcista
2026-09-08 19:33:30,CNC,9,1097.26,COMPRAR ★★★,EMA alcista | RSI 49 óptimo | MACD positivo | BB zona baja | EMA semanal alcista
2026-09-08 19:33:30,MSI,7,7830.74,COMPRAR ★★,EMA alcista | RSI 45 óptimo | Cruce MACD | Banda BB inferior
2026-09-08 19:33:30,ROL,6,592.86,COMPRAR ★★,Golden Cross | RSI 38 rebote | MACD positivo | Banda BB inferior
2026-09-08 19:33:30,GNRC,7,3248.98,COMPRAR ★★,Golden Cross | RSI 32 rebote | Cruce MACD | BB zona baja | Stoch 40 | EMA semanal alcista
2026-09-08 19:33:30,ULTA,6,9313.4,COMPRAR ★★,EMA alcista | RSI 62 óptimo | MACD positivo
2026-09-08 19:33:30,FIBRAHD15.MX,7,2.16,VENDER,Golden Cross | RSI 49 óptimo | MACD positivo | BB zona baja | Rebote EMA50 | 🛑 Stop Loss -7.7%
2026-09-08 19:33:30,ROP,8,6691.62,COMPRAR ★★★,EMA alcista | RSI 51 óptimo | Cruce MACD | BB zona baja | EMA semanal alcista
2026-09-08 19:33:30,STE,8,3717.09,COMPRAR ★★★,EMA alcista | Cruce MACD | Banda BB inferior | Rebote EMA50 | EMA semanal alcista
2026-09-08 19:33:30,GIS,10,644.03,COMPRAR ★★★,EMA alcista | RSI 50 óptimo | Cruce MACD | Banda BB inferior | Stoch 27 | EMA semanal alcista
2026-09-08 19:33:30,NXPI,7,3768.09,COMPRAR ★★,Golden Cross | RSI 43 rebote | MACD positivo | BB zona baja | EMA semanal alcista
2026-09-08 19:33:30,ENPH,7,655.28,VENDER,Golden Cross | RSI 54 óptimo | MACD positivo | Cruce MACD | Volumen alto | 🛑 Stop Loss -26.1%
2026-09-08 19:33:30,MRNA,4,2402.72,OBSERVAR,EMA alcista | EMA semanal alcista
2026-09-08 19:33:30,EWY,6,3217.68,COMPRAR ★★,EMA alcista | MACD positivo | EMA semanal alcista
2026-09-08 19:33:30,HAS,7,1531.8,COMPRAR ★★,EMA alcista | RSI 37 rebote | Cruce MACD | Banda BB inferior | Rebote EMA50
2026-09-08 19:33:30,YUM,4,2527.9,OBSERVAR,Golden Cross | RSI 58 óptimo | Rebote EMA50
2026-09-08 19:33:30,PHM,7,2048.2,COMPRAR ★★,Golden Cross | RSI 41 rebote | Cruce MACD | Banda BB inferior | EMA semanal alcista
2026-09-08 19:33:30,NVR,6,104102.02,COMPRAR ★★,Golden Cross | RSI 45 óptimo | Cruce MACD | Banda BB inferior
2026-09-08 19:33:30,ITX.MC,11,1111.51,COMPRAR ★★★,EMA alcista | RSI 47 óptimo | Cruce MACD | Volumen alto | Banda BB inferior | Rebote EMA50 | EMA semanal alcista
2026-09-08 19:33:30,SBAC,4,3209.23,OBSERVAR,EMA alcista | MACD positivo
2026-09-08 19:33:30,LHX,3,4331.13,EVITAR,Golden Cross | Cruce MACD | BB zona baja
2026-09-08 19:33:30,WHR,5,640.98,OBSERVAR,Golden Cross | RSI 44 rebote | Cruce MACD | Banda BB inferior
2026-09-08 19:33:30,D,8,1125.42,COMPRAR ★★★,Golden Cross | RSI 39 rebote | MACD positivo | Cruce MACD | Rebote EMA50 | EMA semanal alcista
2026-09-08 19:33:30,OXY,5,1029.51,OBSERVAR,EMA alcista | RSI 56 óptimo | Cruce MACD
2026-09-08 19:33:30,BOTZ,8,603.26,COMPRAR ★★★,Golden Cross | RSI 42 rebote | Cruce MACD | BB zona baja | Stoch 49 | Rebote EMA50 | EMA semanal alcista
2026-09-08 19:33:30,VLO,6,6486.79,COMPRAR ★★,EMA alcista | MACD positivo | EMA semanal alcista
2026-09-08 19:33:30,HUBS,4,4138.52,OBSERVAR,EMA alcista | RSI 60 óptimo
2026-09-08 19:33:30,ADSK,6,3592.85,COMPRAR ★★,EMA alcista | RSI 31 rebote | Cruce MACD | Banda BB inferior
2026-09-08 19:33:30,PAYC,8,3725.8,COMPRAR ★★★,EMA alcista | RSI 55 óptimo | Cruce MACD | BB zona baja | EMA semanal alcista
2026-09-08 19:33:30,CME,5,4726.31,OBSERVAR,EMA alcista | RSI 59 óptimo | Cruce MACD
2026-09-08 19:33:30,MPC,6,6734.25,COMPRAR ★★,EMA alcista | MACD positivo | EMA semanal alcista
2026-09-08 19:33:30,RF,7,510.84,COMPRAR ★★,EMA alcista | RSI 37 rebote | Cruce MACD | BB zona baja | EMA semanal alcista
2026-09-08 19:33:30,CI,9,4689.09,COMPRAR ★★★,Golden Cross | RSI 48 óptimo | MACD positivo | BB zona baja | Rebote EMA50 | EMA semanal alcista
2026-09-08 19:33:30,F,10,236.38,COMPRAR ★★★,EMA alcista | RSI 51 óptimo | MACD positivo | BB zona baja | Rebote EMA50 | EMA semanal alcista
2026-09-08 19:33:30,VMC,7,4385.47,COMPRAR ★★,Golden Cross | RSI 37 rebote | Cruce MACD | Banda BB inferior | EMA semanal alcista
2026-09-08 19:33:30,LULU,6,1745.51,COMPRAR ★★,Golden Cross | RSI 36 rebote | Cruce MACD | Volumen alto | Banda BB inferior
2026-09-08 19:33:30,HPE,7,944.36,COMPRAR ★★,EMA alcista | RSI 50 óptimo | Cruce MACD | EMA semanal alcista
2026-09-08 19:33:30,SMH,7,9704.47,COMPRAR ★★,Golden Cross | RSI 52 óptimo | MACD positivo | EMA semanal alcista
2026-09-08 19:33:30,MET,8,1618.74,COMPRAR ★★★,EMA alcista | RSI 47 óptimo | Cruce MACD | BB zona baja | EMA semanal alcista
2026-09-08 19:33:30,ARM,8,4437.06,VENDER,Golden Cross | RSI 55 óptimo | MACD positivo | Rebote EMA50 | EMA semanal alcista | 🛑 Stop Loss -26.2%
2026-09-08 19:33:30,AMP,7,9447.28,COMPRAR ★★,EMA alcista | RSI 48 óptimo | Cruce MACD | EMA semanal alcista
2026-09-08 19:33:30,EFX,6,2912.88,COMPRAR ★★,EMA alcista | RSI 41 rebote | Cruce MACD | Banda BB inferior
2026-09-08 19:33:30,IVZ,7,549.81,COMPRAR ★★,EMA alcista | RSI 51 óptimo | Cruce MACD | EMA semanal alcista
2026-09-08 19:33:30,FCX,5,1298.88,OBSERVAR,EMA alcista | Cruce MACD | EMA semanal alcista
2026-09-08 19:33:30,SAN.MC,6,254.32,COMPRAR ★★,EMA alcista | MACD positivo | EMA semanal alcista
2026-09-08 19:33:30,FXI,7,592.86,COMPRAR ★★,EMA alcista | RSI 50 óptimo | Cruce MACD | BB zona baja | Rebote EMA50
2026-09-08 19:33:30,GLD,6,6766.22,COMPRAR ★★,EMA alcista | RSI 51 óptimo | Cruce MACD | BB zona baja
2026-09-08 19:33:30,DDOG,7,3525.7,COMPRAR ★★,Golden Cross | RSI 30 rebote | Cruce MACD | Banda BB inferior | EMA semanal alcista
2026-09-08 19:33:30,LOW,5,3418.88,OBSERVAR,Golden Cross | RSI 31 rebote | Cruce MACD | Banda BB inferior
2026-09-08 19:33:30,SLB,6,969.47,COMPRAR ★★,EMA alcista | MACD positivo | EMA semanal alcista
2026-09-08 19:33:30,BKR,7,1086.26,COMPRAR ★★,EMA alcista | RSI 49 óptimo | Cruce MACD | EMA semanal alcista
2026-09-08 19:33:30,CRM,6,4216.67,COMPRAR ★★,EMA alcista | MACD positivo | EMA semanal alcista
2026-09-08 19:33:30,NOC,4,8801.14,OBSERVAR,Golden Cross | Cruce MACD | Banda BB inferior
2026-09-08 19:33:30,ALL,7,4317.65,COMPRAR ★★,EMA alcista | RSI 44 rebote | Cruce MACD | BB zona baja | EMA semanal alcista
2026-09-08 19:33:30,TGT,7,2754.9,COMPRAR ★★,EMA alcista | RSI 63 óptimo | Cruce MACD | EMA semanal alcista
2026-09-08 19:33:30,PLTR,8,2887.51,VENDER,EMA alcista | RSI 49 óptimo | Cruce MACD | BB zona baja | EMA semanal alcista | 🎯 Take Profit +26.5%
2026-09-08 19:33:30,DIA,9,8941.45,COMPRAR ★★★,EMA alcista | RSI 46 óptimo | Cruce MACD | Banda BB inferior | EMA semanal alcista
2026-09-08 19:33:30,DTE,5,2332.37,OBSERVAR,Golden Cross | RSI 42 rebote | MACD positivo | Rebote EMA50
2026-09-08 19:33:30,TFX,6,2324.93,COMPRAR ★★,EMA alcista | RSI 62 óptimo | EMA semanal alcista
2026-09-08 19:33:30,EWA,8,507.78,COMPRAR ★★★,EMA alcista | RSI 56 óptimo | Cruce MACD | Volumen alto | EMA semanal alcista
2026-09-08 19:33:30,EXR,6,2366.79,COMPRAR ★★,Golden Cross | Cruce MACD | Banda BB inferior | EMA semanal alcista
2026-09-08 19:33:30,FSLR,8,3613.57,COMPRAR ★★★,Golden Cross | RSI 44 rebote | MACD positivo | Cruce MACD | Rebote EMA50 | EMA semanal alcista
2026-09-08 19:33:30,IBB,7,3518.69,COMPRAR ★★,EMA alcista | RSI 55 óptimo | Cruce MACD | EMA semanal alcista
2026-09-08 19:33:30,FISV,6,859.1,COMPRAR ★★,Golden Cross | RSI 45 rebote | Cruce MACD | Volumen alto | Banda BB inferior
2026-09-08 19:33:30,DXCM,8,1432.08,COMPRAR ★★★,EMA alcista | RSI 33 rebote | Cruce MACD | Banda BB inferior | EMA semanal alcista
2026-09-08 19:33:30,ROK,8,7293.62,COMPRAR ★★★,Golden Cross | RSI 48 óptimo | MACD positivo | Rebote EMA50 | EMA semanal alcista
2026-09-08 19:33:30,LVS,4,749.24,OBSERVAR,Golden Cross | RSI 44 rebote | Cruce MACD | BB zona baja
2026-09-08 19:33:30,ISRG,4,5935.71,OBSERVAR,Golden Cross | Cruce MACD | Banda BB inferior
2026-09-08 19:33:30,MTD,8,22514.14,COMPRAR ★★★,EMA alcista | Cruce MACD | Banda BB inferior | Rebote EMA50 | EMA semanal alcista
2026-09-08 19:33:30,UDR,7,612.23,COMPRAR ★★,Golden Cross | RSI 38 rebote | Cruce MACD | Banda BB inferior | EMA semanal alcista
2026-09-08 19:33:30,AMCR,9,754.73,COMPRAR ★★★,EMA alcista | RSI 46 óptimo | Cruce MACD | Banda BB inferior | EMA semanal alcista
2026-09-08 19:33:30,ETN,8,7184.52,COMPRAR ★★★,EMA alcista | Golden Cross | RSI 47 óptimo | Cruce MACD | EMA semanal alcista
2026-09-08 19:33:30,ALB,7,2206.44,COMPRAR ★★,Golden Cross | RSI 48 óptimo | Cruce MACD | Volumen alto | BB zona baja | Stoch 37
2026-09-08 19:33:30,EWQ,9,773.26,COMPRAR ★★★,EMA alcista | RSI 32 rebote | Cruce MACD | Banda BB inferior | Rebote EMA50 | EMA semanal alcista
2026-09-08 19:33:30,ASURB.MX,5,432.86,OBSERVAR,Golden Cross | RSI 39 rebote | MACD positivo | BB zona baja
2026-09-08 19:33:30,DE,6,11574.39,COMPRAR ★★,EMA alcista | MACD positivo | EMA semanal alcista
2026-09-08 19:33:30,LH,8,5521.97,COMPRAR ★★★,EMA alcista | RSI 56 óptimo | Cruce MACD | BB zona baja | EMA semanal alcista
2026-09-08 19:33:30,DVN,4,822.56,OBSERVAR,EMA alcista | RSI 55 óptimo
2026-09-08 19:33:30,MELI,6,32512.42,COMPRAR ★★,EMA alcista | RSI 64 óptimo | EMA semanal alcista
2026-09-08 19:33:30,CRWD,6,3529.42,COMPRAR ★★,EMA alcista | RSI 48 óptimo | EMA semanal alcista
2026-09-08 19:33:30,TRMB,5,995.51,OBSERVAR,EMA alcista | RSI 58 óptimo | Cruce MACD
2026-09-08 19:33:30,J,8,2447.56,COMPRAR ★★★,EMA alcista | RSI 55 óptimo | Cruce MACD | BB zona baja | EMA semanal alcista
2026-09-08 19:33:30,INTC,7,1776.04,COMPRAR ★★,Golden Cross | RSI 62 óptimo | MACD positivo | EMA semanal alcista
2026-09-08 19:33:30,WYNN,4,1560.02,OBSERVAR,Golden Cross | Cruce MACD | BB zona baja | Stoch 23
2026-09-08 19:33:30,FAST,8,837.62,COMPRAR ★★★,EMA alcista | RSI 40 rebote | Cruce MACD | BB zona baja | Stoch 42 | EMA semanal alcista
2026-09-08 19:33:30,EEM,6,1164.58,COMPRAR ★★,EMA alcista | MACD positivo | EMA semanal alcista
2026-09-08 19:33:30,NEM,7,2159.16,COMPRAR ★★,EMA alcista | RSI 64 óptimo | Cruce MACD | EMA semanal alcista
2026-09-08 19:33:30,DOW,4,502.96,OBSERVAR,Golden Cross | RSI 43 rebote | Cruce MACD | BB zona baja
2026-09-09 19:40:24,TDY,6,10094.17,COMPRAR ★★,Golden Cross | Cruce MACD | Banda BB inferior | EMA semanal alcista
2026-09-09 19:40:24,REGN,7,13633.44,COMPRAR ★★,EMA alcista | RSI 40 rebote | Cruce MACD | BB zona baja | EMA semanal alcista
2026-09-09 19:40:24,LCID,4,71.76,OBSERVAR,Golden Cross | Cruce MACD | Banda BB inferior
2026-09-09 19:40:24,ICE,6,2650.52,COMPRAR ★★,EMA alcista | RSI 49 óptimo | Cruce MACD | BB zona baja
2026-09-09 19:40:24,IR,4,1250.58,OBSERVAR,Golden Cross | Cruce MACD | Banda BB inferior
2026-09-09 19:40:24,USO,6,2528.04,COMPRAR ★★,EMA alcista | MACD positivo | EMA semanal alcista
2026-09-09 19:40:24,WYNN,4,1522.74,OBSERVAR,Golden Cross | Cruce MACD | Banda BB inferior
2026-09-09 19:40:24,WALMEX.MX,4,45.87,OBSERVAR,Golden Cross | RSI 43 rebote | Banda BB inferior
2026-09-09 19:40:24,ASML,9,29157.79,COMPRAR ★★★,EMA alcista | RSI 46 óptimo | Cruce MACD | BB zona baja | Rebote EMA50 | EMA semanal alcista
2026-09-09 19:40:24,JCI,8,2455.95,COMPRAR ★★★,Golden Cross | RSI 51 óptimo | MACD positivo | Cruce MACD | EMA semanal alcista
2026-09-09 19:40:24,MLM,5,8516.83,OBSERVAR,Golden Cross | RSI 33 rebote | Cruce MACD | Banda BB inferior
2026-09-09 19:40:24,KOFUBL.MX,9,184.75,COMPRAR ★★★,EMA alcista | RSI 37 rebote | Cruce MACD | Banda BB inferior | Rebote EMA50 | EMA semanal alcista
2026-09-09 19:40:24,EWH,7,385.0,COMPRAR ★★,EMA alcista | RSI 47 óptimo | Cruce MACD | EMA semanal alcista
2026-09-09 19:40:24,XEL,5,1283.8,OBSERVAR,Golden Cross | RSI 34 rebote | Cruce MACD | BB zona baja | Rebote EMA50
2026-09-09 19:40:24,HST,5,371.56,OBSERVAR,Golden Cross | Cruce MACD | BB zona baja | EMA semanal alcista
2026-09-09 19:40:24,LMT,3,8901.49,EVITAR,Cruce MACD | Banda BB inferior
2026-09-09 19:40:24,XLY,7,1904.61,COMPRAR ★★,Golden Cross | RSI 31 rebote | Cruce MACD | Banda BB inferior | EMA semanal alcista
2026-09-09 19:40:24,AVGO,7,6154.53,COMPRAR ★★,Golden Cross | RSI 51 óptimo | Cruce MACD | BB zona baja | EMA semanal alcista
2026-09-09 19:40:24,FUNO11.MX,8,29.57,COMPRAR ★★★,EMA alcista | RSI 61 óptimo | MACD positivo | EMA semanal alcista
2026-09-09 19:40:24,XLV,7,2818.46,COMPRAR ★★,EMA alcista | Cruce MACD | Banda BB inferior | EMA semanal alcista
2026-09-09 19:40:24,YUM,6,2458.91,COMPRAR ★★,Golden Cross | RSI 49 óptimo | Cruce MACD | Banda BB inferior
2026-09-09 19:40:24,KEYS,7,5597.37,COMPRAR ★★,Golden Cross | RSI 61 óptimo | MACD positivo | EMA semanal alcista
2026-09-09 19:40:24,FCX,7,1295.38,COMPRAR ★★,EMA alcista | RSI 65 óptimo | Cruce MACD | EMA semanal alcista
2026-09-09 19:40:24,FATE,8,41.33,COMPRAR ★★★,EMA alcista | RSI 39 rebote | Cruce MACD | BB zona baja | Rebote EMA50 | EMA semanal alcista
2026-09-09 19:40:24,EWX,6,1245.68,COMPRAR ★★,EMA alcista | MACD positivo | EMA semanal alcista
2026-09-09 19:40:24,EW,7,1451.41,COMPRAR ★★,EMA alcista | Cruce MACD | Banda BB inferior | EMA semanal alcista
2026-09-09 19:40:24,PPL,6,585.31,COMPRAR ★★,Golden Cross | RSI 40 rebote | MACD positivo | BB zona baja | Rebote EMA50
2026-09-09 19:40:24,ZBH,10,1602.87,COMPRAR ★★★,EMA alcista | RSI 32 rebote | Cruce MACD | Banda BB inferior | Stoch 27 | Rebote EMA50 | EMA semanal alcista
2026-09-09 19:40:24,DDOG,8,3796.72,COMPRAR ★★★,Golden Cross | RSI 45 óptimo | Cruce MACD | BB zona baja | Stoch 44 | EMA semanal alcista
2026-09-09 19:40:24,UAL,6,1815.53,COMPRAR ★★,Golden Cross | RSI 37 rebote | Cruce MACD | BB zona baja | EMA semanal alcista
2026-09-09 19:40:24,XLC,7,1875.28,COMPRAR ★★,EMA alcista | RSI 49 óptimo | Cruce MACD | BB zona baja | Rebote EMA50
2026-09-09 19:40:24,ACHR,6,94.33,COMPRAR ★★,EMA alcista | Cruce MACD | Banda BB inferior | Rebote EMA50
2026-09-09 19:40:24,WHR,5,621.07,OBSERVAR,Golden Cross | RSI 36 rebote | Cruce MACD | Banda BB inferior
2026-09-09 19:40:24,PRU,8,1989.64,COMPRAR ★★★,EMA alcista | RSI 42 rebote | Cruce MACD | Banda BB inferior | EMA semanal alcista
2026-09-09 19:40:24,TSN,4,876.24,OBSERVAR,Golden Cross | Cruce MACD | Banda BB inferior
2026-09-09 19:40:24,OXY,5,1039.36,OBSERVAR,EMA alcista | RSI 57 óptimo | Cruce MACD
2026-09-09 19:40:24,LRCX,7,5327.67,COMPRAR ★★,Golden Cross | RSI 54 óptimo | MACD positivo | EMA semanal alcista
2026-09-09 19:40:24,BIO,7,6402.6,COMPRAR ★★,EMA alcista | RSI 63 óptimo | Cruce MACD | EMA semanal alcista
2026-09-09 19:40:24,QCOM,5,2969.08,OBSERVAR,Golden Cross | MACD positivo | EMA semanal alcista
2026-09-09 19:40:24,DLTR,8,2011.36,COMPRAR ★★★,EMA alcista | RSI 35 rebote | Cruce MACD | Banda BB inferior | EMA semanal alcista
2026-09-09 19:40:24,AI,6,175.64,COMPRAR ★★,EMA alcista | RSI 50 óptimo | EMA semanal alcista
2026-09-09 19:40:24,TRV,7,6209.64,COMPRAR ★★,EMA alcista | RSI 56 óptimo | Cruce MACD | EMA semanal alcista
2026-09-09 19:40:24,EWA,8,501.21,COMPRAR ★★★,EMA alcista | RSI 45 óptimo | Cruce MACD | BB zona baja | EMA semanal alcista
2026-09-09 19:40:24,FITB,8,917.06,COMPRAR ★★★,Golden Cross | RSI 44 rebote | Cruce MACD | BB zona baja | Stoch 47 | Rebote EMA50 | EMA semanal alcista
2026-09-09 19:40:24,TXN,8,4404.26,COMPRAR ★★★,Golden Cross | RSI 42 rebote | MACD positivo | Cruce MACD | BB zona baja | EMA semanal alcista
2026-09-09 19:40:24,ROST,7,3818.18,COMPRAR ★★,Golden Cross | RSI 39 rebote | Cruce MACD | Banda BB inferior | EMA semanal alcista
2026-09-09 19:40:24,GAPB.MX,7,351.0,COMPRAR ★★,Golden Cross | RSI 51 óptimo | MACD positivo | BB zona baja | Stoch 35
2026-09-09 19:40:24,BABA,4,1850.77,OBSERVAR,Golden Cross | Cruce MACD | Banda BB inferior
2026-09-09 19:40:24,LKQ,5,413.31,OBSERVAR,Golden Cross | RSI 38 rebote | Cruce MACD | Banda BB inferior
2026-09-09 19:40:24,CLNX.MC,5,489.09,OBSERVAR,Golden Cross | RSI 34 rebote | Cruce MACD | Banda BB inferior
2026-09-09 19:40:24,UHS,5,2989.19,OBSERVAR,EMA alcista | RSI 58 óptimo | Cruce MACD
2026-09-09 19:40:24,FIBRAHD15.MX,5,2.15,VENDER,Golden Cross | RSI 49 óptimo | BB zona baja | Rebote EMA50 | 🛑 Stop Loss -8.1%
2026-09-09 19:40:24,WEC,7,1794.4,COMPRAR ★★,Golden Cross | RSI 37 rebote | MACD positivo | BB zona baja | Stoch 26 | Rebote EMA50
2026-09-09 19:40:24,PGR,7,3639.08,COMPRAR ★★,EMA alcista | RSI 47 óptimo | Cruce MACD | EMA semanal alcista
2026-09-09 19:40:24,ZS,9,2826.32,COMPRAR ★★★,EMA alcista | RSI 41 rebote | Cruce MACD | Banda BB inferior | Stoch 26 | EMA semanal alcista
2026-09-09 19:40:24,PAYX,9,1946.37,COMPRAR ★★★,EMA alcista | RSI 33 rebote | Cruce MACD | Banda BB inferior | Rebote EMA50 | EMA semanal alcista
2026-09-09 19:40:24,AJG,9,4136.24,COMPRAR ★★★,EMA alcista | RSI 41 rebote | Cruce MACD | Banda BB inferior | Rebote EMA50 | EMA semanal alcista
2026-09-09 19:40:24,BR,6,2849.23,COMPRAR ★★,EMA alcista | RSI 40 rebote | Cruce MACD | Banda BB inferior
2026-09-09 19:40:24,VRT,9,4437.39,COMPRAR ★★★,Golden Cross | RSI 51 óptimo | MACD positivo | Volumen alto | BB zona baja | EMA semanal alcista
2026-09-09 19:40:24,ADP,8,4487.93,COMPRAR ★★★,EMA alcista | RSI 35 rebote | Cruce MACD | Banda BB inferior | EMA semanal alcista
2026-09-09 19:40:24,SPGI,8,7114.53,COMPRAR ★★★,EMA alcista | RSI 47 óptimo | BB zona baja | Rebote EMA50 | EMA semanal alcista
2026-09-09 19:40:24,VTI,8,6352.74,COMPRAR ★★★,EMA alcista | RSI 42 rebote | Cruce MACD | Banda BB inferior | EMA semanal alcista
2026-09-09 19:40:24,AMCR,8,730.18,COMPRAR ★★★,EMA alcista | Cruce MACD | Banda BB inferior | Rebote EMA50 | EMA semanal alcista
2026-09-09 19:40:24,AMP,8,9350.64,COMPRAR ★★★,EMA alcista | RSI 46 óptimo | Cruce MACD | BB zona baja | EMA semanal alcista
2026-09-09 19:40:24,YPF,7,927.63,COMPRAR ★★,EMA alcista | MACD positivo | Volumen alto | EMA semanal alcista
2026-09-09 19:40:24,KRE,8,1241.03,COMPRAR ★★★,EMA alcista | RSI 40 rebote | Cruce MACD | BB zona baja | Rebote EMA50 | EMA semanal alcista
2026-09-09 19:40:24,GRMN,8,4604.24,COMPRAR ★★★,EMA alcista | Cruce MACD | Banda BB inferior | Rebote EMA50 | EMA semanal alcista
2026-09-09 19:40:24,A,8,2453.24,COMPRAR ★★★,EMA alcista | RSI 33 rebote | Cruce MACD | Banda BB inferior | EMA semanal alcista
2026-09-09 19:40:24,FEMSAUBD.MX,8,200.3,COMPRAR ★★★,Golden Cross | RSI 48 óptimo | MACD positivo | BB zona baja | EMA semanal alcista
2026-09-09 19:40:24,BIIB,7,3568.34,COMPRAR ★★,EMA alcista | RSI 37 rebote | Cruce MACD | BB zona baja | EMA semanal alcista
2026-09-09 19:40:24,ALB,5,2148.12,OBSERVAR,Golden Cross | RSI 42 rebote | Cruce MACD | Banda BB inferior
2026-09-09 19:40:24,SAP,7,3541.88,COMPRAR ★★,EMA alcista | RSI 43 rebote | Cruce MACD | BB zona baja | EMA semanal alcista
2026-09-09 19:40:24,FISV,5,828.4,OBSERVAR,Golden Cross | RSI 36 rebote | Cruce MACD | Banda BB inferior
2026-09-09 19:40:24,ANET,7,3253.24,COMPRAR ★★,EMA alcista | RSI 56 óptimo | Cruce MACD | EMA semanal alcista
2026-09-09 19:40:24,MAS,6,1176.96,COMPRAR ★★,Golden Cross | Cruce MACD | Banda BB inferior | EMA semanal alcista
2026-09-09 19:40:24,PCG,4,241.65,OBSERVAR,Golden Cross | RSI 33 rebote | Cruce MACD | BB zona baja
2026-09-09 19:40:24,PDD,4,1332.48,OBSERVAR,Golden Cross | Cruce MACD | Banda BB inferior
2026-09-09 19:40:24,AMT,5,2959.36,OBSERVAR,EMA alcista | RSI 51 óptimo | Cruce MACD
2026-09-09 19:40:24,LHX,4,4252.2,OBSERVAR,Golden Cross | Cruce MACD | Banda BB inferior
2026-09-09 19:40:24,XHB,6,1678.85,COMPRAR ★★,Golden Cross | Cruce MACD | Banda BB inferior | EMA semanal alcista
2026-09-09 19:40:24,DVN,5,829.16,OBSERVAR,EMA alcista | RSI 56 óptimo | Cruce MACD
2026-09-09 19:40:24,CVS,8,1618.57,COMPRAR ★★★,Golden Cross | RSI 59 óptimo | MACD positivo | Rebote EMA50 | EMA semanal alcista
2026-09-09 19:40:24,MTB,8,4027.8,COMPRAR ★★★,EMA alcista | RSI 42 rebote | Cruce MACD | BB zona baja | Rebote EMA50 | EMA semanal alcista
2026-09-09 19:40:24,DHI,6,2343.3,COMPRAR ★★,Golden Cross | Cruce MACD | Banda BB inferior | EMA semanal alcista
2026-09-09 19:40:24,TJX,4,2133.33,OBSERVAR,Golden Cross | Cruce MACD | Banda BB inferior
2026-09-09 19:40:24,AFL,7,1943.32,COMPRAR ★★,Golden Cross | RSI 44 rebote | Cruce MACD | Banda BB inferior | EMA semanal alcista
2026-09-09 19:40:24,KWEB,4,420.16,OBSERVAR,Golden Cross | Cruce MACD | Banda BB inferior
2026-09-09 19:40:24,MAA,7,2151.75,COMPRAR ★★,Golden Cross | RSI 32 rebote | Cruce MACD | Banda BB inferior | EMA semanal alcista
2026-09-09 19:40:24,VTRS,9,278.33,COMPRAR ★★★,EMA alcista | RSI 56 óptimo | MACD positivo | Rebote EMA50 | EMA semanal alcista
2026-09-09 19:40:24,ARE,7,853.67,COMPRAR ★★,EMA alcista | RSI 50 óptimo | Rebote EMA50 | EMA semanal alcista
2026-09-09 19:40:24,LNT,5,1147.13,OBSERVAR,Golden Cross | RSI 32 rebote | MACD positivo | BB zona baja
2026-09-09 19:40:24,RELY,9,406.55,COMPRAR ★★★,EMA alcista | RSI 45 rebote | Cruce MACD | Banda BB inferior | Rebote EMA50 | EMA semanal alcista
2026-09-09 19:40:24,PM,9,3139.05,COMPRAR ★★★,EMA alcista | RSI 43 rebote | Cruce MACD | BB zona baja | Stoch 30 | Rebote EMA50 | EMA semanal alcista
2026-09-09 19:40:24,EXR,6,2294.76,COMPRAR ★★,Golden Cross | Cruce MACD | Banda BB inferior | EMA semanal alcista
2026-09-09 19:40:24,ISRG,4,5958.78,OBSERVAR,Golden Cross | Cruce MACD | Banda BB inferior
2026-09-09 19:40:24,INDA,9,823.33,COMPRAR ★★★,EMA alcista | RSI 39 rebote | Cruce MACD | Banda BB inferior | Rebote EMA50 | EMA semanal alcista
2026-09-09 19:40:24,MTD,7,21866.78,COMPRAR ★★,EMA alcista | Cruce MACD | Banda BB inferior | EMA semanal alcista
2026-09-09 19:40:24,MA,8,9624.66,COMPRAR ★★★,EMA alcista | RSI 47 óptimo | Cruce MACD | BB zona baja | EMA semanal alcista
2026-09-09 19:40:24,RTX,7,3351.45,COMPRAR ★★,EMA alcista | Cruce MACD | Banda BB inferior | EMA semanal alcista
2026-09-09 19:40:24,VNO,6,585.74,COMPRAR ★★,Golden Cross | Cruce MACD | Banda BB inferior | EMA semanal alcista
2026-09-09 19:40:24,CNP,6,672.96,COMPRAR ★★,Golden Cross | RSI 47 óptimo | MACD positivo | Rebote EMA50
2026-09-09 19:40:24,GE,7,5517.75,COMPRAR ★★,Golden Cross | RSI 31 rebote | Cruce MACD | Banda BB inferior | EMA semanal alcista
2026-09-09 19:40:24,IWM,9,4911.98,COMPRAR ★★★,EMA alcista | RSI 32 rebote | Cruce MACD | Banda BB inferior | Rebote EMA50 | EMA semanal alcista
2026-09-09 19:40:24,CHPT,6,151.72,COMPRAR ★★,EMA alcista | MACD positivo | EMA semanal alcista
2026-09-09 19:40:24,CRWD,7,3517.13,COMPRAR ★★,EMA alcista | RSI 52 óptimo | Cruce MACD | EMA semanal alcista
2026-09-09 19:40:24,VESTA.MX,9,57.3,COMPRAR ★★★,Golden Cross | RSI 48 óptimo | Cruce MACD | Banda BB inferior | Rebote EMA50 | EMA semanal alcista
2026-09-09 19:40:24,L,8,1836.32,COMPRAR ★★★,Golden Cross | RSI 38 rebote | Cruce MACD | BB zona baja | Stoch 26 | Rebote EMA50 | EMA semanal alcista
2026-09-09 19:40:24,SYK,5,4653.09,OBSERVAR,Golden Cross | Cruce MACD | Volumen alto | Banda BB inferior
2026-09-09 19:40:24,O,4,1016.12,OBSERVAR,Golden Cross | Cruce MACD | Banda BB inferior
2026-09-09 19:40:24,IVZ,7,544.66,COMPRAR ★★,EMA alcista | RSI 50 óptimo | Cruce MACD | EMA semanal alcista
2026-09-09 19:40:24,KMB,8,1662.63,COMPRAR ★★★,EMA alcista | Cruce MACD | Volumen alto | Banda BB inferior | EMA semanal alcista
2026-09-09 19:40:24,TFC,8,849.95,COMPRAR ★★★,EMA alcista | RSI 45 óptimo | BB zona baja | Rebote EMA50 | EMA semanal alcista
2026-09-09 19:40:24,LOW,4,3357.54,OBSERVAR,Golden Cross | Cruce MACD | Banda BB inferior
2026-09-09 19:40:24,FTNT,7,2650.77,COMPRAR ★★,EMA alcista | RSI 53 óptimo | Cruce MACD | EMA semanal alcista
2026-09-09 19:40:24,TSCO,7,576.35,COMPRAR ★★,EMA alcista | RSI 40 rebote | Cruce MACD | Volumen alto | Banda BB inferior
2026-09-09 19:40:24,ACX.MC,6,351.49,COMPRAR ★★,EMA alcista | RSI 57 óptimo | EMA semanal alcista
2026-09-09 19:40:24,AES,6,250.61,COMPRAR ★★,EMA alcista | MACD positivo | EMA semanal alcista
2026-09-09 19:40:24,GIS,9,627.91,COMPRAR ★★★,EMA alcista | RSI 34 rebote | Cruce MACD | Banda BB inferior | Rebote EMA50 | EMA semanal alcista
2026-09-09 19:40:24,ARKG,6,783.18,COMPRAR ★★,EMA alcista | RSI 43 rebote | Cruce MACD | EMA semanal alcista
2026-09-09 19:40:24,PFG,8,1923.8,COMPRAR ★★★,EMA alcista | RSI 57 óptimo | MACD positivo | EMA semanal alcista
2026-09-09 19:40:24,DIA,9,8870.3,COMPRAR ★★★,EMA alcista | RSI 40 rebote | Cruce MACD | Banda BB inferior | Rebote EMA50 | EMA semanal alcista
2026-09-09 19:40:24,XLRE,7,734.16,COMPRAR ★★,Golden Cross | Cruce MACD | Banda BB inferior | Rebote EMA50 | EMA semanal alcista
2026-09-09 19:40:24,CTSH,5,993.38,OBSERVAR,EMA alcista | RSI 42 rebote | Cruce MACD | BB zona baja
2026-09-09 19:40:24,SNOW,7,5623.57,COMPRAR ★★,EMA alcista | RSI 53 óptimo | Cruce MACD | EMA semanal alcista
2026-09-09 19:40:24,ENG.MC,8,324.16,COMPRAR ★★★,Golden Cross | RSI 38 rebote | Cruce MACD | Banda BB inferior | Rebote EMA50 | EMA semanal alcista
2026-09-09 19:40:24,AMZN,9,4261.42,COMPRAR ★★★,EMA alcista | RSI 36 rebote | Cruce MACD | Banda BB inferior | Rebote EMA50 | EMA semanal alcista
2026-09-09 19:40:24,VLO,6,6554.74,COMPRAR ★★,EMA alcista | MACD positivo | EMA semanal alcista
2026-09-09 19:40:24,SYY,9,1380.75,COMPRAR ★★★,EMA alcista | RSI 46 óptimo | Cruce MACD | Volumen alto | BB zona baja | Stoch 38 | Rebote EMA50
2026-09-09 19:40:24,NFLX,7,1285.24,COMPRAR ★★,EMA alcista | RSI 38 rebote | Cruce MACD | Banda BB inferior | Rebote EMA50
2026-09-09 19:40:24,AAL,7,218.49,COMPRAR ★★,Golden Cross | RSI 34 rebote | Cruce MACD | Banda BB inferior | EMA semanal alcista
2026-09-09 19:40:24,TFX,8,2295.95,COMPRAR ★★★,EMA alcista | RSI 50 óptimo | Cruce MACD | BB zona baja | EMA semanal alcista
2026-09-09 19:40:24,LVS,5,730.61,OBSERVAR,Golden Cross | RSI 32 rebote | Cruce MACD | Banda BB inferior
2026-09-09 19:40:24,MEL.MC,8,194.42,COMPRAR ★★★,Golden Cross | RSI 43 rebote | MACD positivo | Volumen alto | BB zona baja | EMA semanal alcista
2026-09-09 19:40:24,GD,5,5964.85,OBSERVAR,Cruce MACD | Banda BB inferior | EMA semanal alcista
2026-09-09 19:40:24,WDAY,8,3130.85,COMPRAR ★★★,EMA alcista | RSI 40 rebote | Cruce MACD | Banda BB inferior | EMA semanal alcista
2026-09-09 19:40:24,BKNG,8,2921.24,COMPRAR ★★★,EMA alcista | Cruce MACD | Volumen alto | Banda BB inferior | EMA semanal alcista
2026-09-09 19:40:24,RF,10,505.95,COMPRAR ★★★,EMA alcista | RSI 45 óptimo | Cruce MACD | BB zona baja | Stoch 46 | Rebote EMA50 | EMA semanal alcista
2026-09-09 19:40:24,DOV,7,3238.87,COMPRAR ★★,Golden Cross | RSI 35 rebote | Cruce MACD | Banda BB inferior | EMA semanal alcista
2026-09-09 19:40:24,JBHT,8,4526.64,COMPRAR ★★★,Golden Cross | RSI 46 óptimo | MACD positivo | Rebote EMA50 | EMA semanal alcista
2026-09-09 19:40:24,MRK,6,2499.98,COMPRAR ★★,EMA alcista | RSI 43 rebote | Cruce MACD | EMA semanal alcista
2026-09-09 19:40:24,NSC,8,5473.79,COMPRAR ★★★,EMA alcista | Cruce MACD | Banda BB inferior | Rebote EMA50 | EMA semanal alcista
2026-09-09 19:40:24,IRM,7,1947.8,COMPRAR ★★,Golden Cross | RSI 35 rebote | Cruce MACD | BB zona baja | Stoch 30 | EMA semanal alcista
2026-09-09 19:40:24,T,6,425.4,COMPRAR ★★,EMA alcista | RSI 51 óptimo | Cruce MACD | BB zona baja
2026-09-09 19:40:24,C,8,2339.81,COMPRAR ★★★,EMA alcista | RSI 64 óptimo | MACD positivo | EMA semanal alcista
2026-09-09 19:40:24,GRF.MC,7,195.72,COMPRAR ★★,EMA alcista | RSI 43 rebote | Cruce MACD | Volumen alto | EMA semanal alcista
2026-09-09 19:40:24,NEE,6,1403.91,COMPRAR ★★,Golden Cross | RSI 37 rebote | MACD positivo | BB zona baja | Rebote EMA50
2026-09-09 19:40:24,ULTA,6,9204.08,COMPRAR ★★,EMA alcista | RSI 56 óptimo | MACD positivo
2026-09-09 19:40:24,DAL,7,1337.98,COMPRAR ★★,Golden Cross | RSI 38 rebote | Cruce MACD | BB zona baja | Stoch 35 | EMA semanal alcista
2026-09-09 19:40:24,VRTX,7,8814.43,COMPRAR ★★,EMA alcista | RSI 33 rebote | Cruce MACD | BB zona baja | EMA semanal alcista
2026-09-09 19:40:24,GILD,5,2462.2,OBSERVAR,EMA alcista | RSI 46 óptimo | Cruce MACD
2026-09-09 19:40:24,PCTY,8,2392.98,COMPRAR ★★★,EMA alcista | RSI 38 rebote | Cruce MACD | Banda BB inferior | EMA semanal alcista
2026-09-09 19:40:24,UDR,7,599.68,COMPRAR ★★,Golden Cross | Cruce MACD | Volumen alto | Banda BB inferior | EMA semanal alcista
2026-09-09 19:40:24,CAT,7,13837.22,COMPRAR ★★,Golden Cross | RSI 51 óptimo | MACD positivo | EMA semanal alcista
2026-09-09 19:40:24,TER,8,6475.55,COMPRAR ★★★,Golden Cross | RSI 51 óptimo | MACD positivo | Cruce MACD | EMA semanal alcista
2026-09-09 19:40:24,CABK.MC,9,259.09,COMPRAR ★★★,EMA alcista | RSI 64 óptimo | MACD positivo | Volumen alto | EMA semanal alcista
2026-09-09 19:40:24,TMO,7,10283.84,COMPRAR ★★,EMA alcista | RSI 47 óptimo | Cruce MACD | EMA semanal alcista
2026-09-09 19:40:24,UPS,7,1680.29,COMPRAR ★★,Golden Cross | RSI 36 rebote | Cruce MACD | Banda BB inferior | EMA semanal alcista
2026-09-09 19:40:24,ACS.MC,7,1991.37,COMPRAR ★★,Golden Cross | RSI 36 rebote | MACD positivo | BB zona baja | EMA semanal alcista
2026-09-09 19:40:24,SNA,6,6392.55,COMPRAR ★★,Golden Cross | Cruce MACD | Banda BB inferior | EMA semanal alcista
2026-09-09 19:40:24,HLT,7,5192.68,COMPRAR ★★,Golden Cross | Cruce MACD | Banda BB inferior | Stoch 21 | EMA semanal alcista
2026-09-09 19:40:24,TDG,6,19045.78,COMPRAR ★★,Golden Cross | Cruce MACD | Banda BB inferior | EMA semanal alcista
2026-09-09 19:40:24,JD,6,457.94,COMPRAR ★★,Golden Cross | Cruce MACD | Banda BB inferior | EMA semanal alcista
2026-09-09 19:40:24,WAB,9,4764.23,COMPRAR ★★★,EMA alcista | RSI 36 rebote | Cruce MACD | Banda BB inferior | Rebote EMA50 | EMA semanal alcista
2026-09-09 19:40:24,HUBS,5,3905.75,OBSERVAR,EMA alcista | RSI 44 rebote | Cruce MACD | BB zona baja
2026-09-09 19:40:24,TLEVISACPO.MX,5,8.13,OBSERVAR,Golden Cross | Cruce MACD | Volumen alto | Banda BB inferior
2026-09-09 19:40:24,CUERVO.MX,8,14.9,COMPRAR ★★★,Golden Cross | RSI 53 óptimo | MACD positivo | Cruce MACD | EMA semanal alcista
2026-09-09 19:40:24,SHW,7,5424.35,COMPRAR ★★,EMA alcista | Cruce MACD | Banda BB inferior | EMA semanal alcista
2026-09-09 19:40:24,PLUG,7,37.11,VENDER,Golden Cross | RSI 47 óptimo | MACD positivo | EMA semanal alcista | 🛑 Stop Loss -45.4%
2026-09-09 19:40:24,AENA.MC,7,488.7,COMPRAR ★★,Golden Cross | Cruce MACD | Volumen alto | Banda BB inferior | EMA semanal alcista
2026-09-09 19:40:24,RMD,6,3711.43,COMPRAR ★★,EMA alcista | RSI 36 rebote | Cruce MACD | Banda BB inferior
2026-09-09 19:40:24,UNH,10,6643.15,COMPRAR ★★★,Golden Cross | RSI 53 óptimo | MACD positivo | Volumen alto | BB zona baja | Rebote EMA50 | EMA semanal alcista
2026-09-09 19:40:24,EL,7,1672.35,COMPRAR ★★,EMA alcista | RSI 52 óptimo | Cruce MACD | EMA semanal alcista
2026-09-09 19:40:24,TSM,8,7334.96,COMPRAR ★★★,EMA alcista | RSI 64 óptimo | MACD positivo | EMA semanal alcista
2026-09-09 19:40:24,FMTY14.MX,8,14.12,COMPRAR ★★★,Golden Cross | RSI 51 óptimo | Cruce MACD | BB zona baja | Rebote EMA50 | EMA semanal alcista
2026-09-09 19:40:24,IFF,8,1425.88,COMPRAR ★★★,EMA alcista | RSI 55 óptimo | Cruce MACD | BB zona baja | EMA semanal alcista
2026-09-09 19:40:24,SNPS,5,6654.56,OBSERVAR,Golden Cross | RSI 48 óptimo | Cruce MACD | BB zona baja
2026-09-09 19:40:24,SCHW,8,1803.86,COMPRAR ★★★,EMA alcista | RSI 40 rebote | Cruce MACD | Banda BB inferior | EMA semanal alcista
2026-09-09 19:40:24,GPC,7,2289.52,COMPRAR ★★,EMA alcista | RSI 54 óptimo | Cruce MACD | EMA semanal alcista
2026-09-09 19:40:24,AIZ,8,4751.3,COMPRAR ★★★,EMA alcista | RSI 55 óptimo | Cruce MACD | BB zona baja | EMA semanal alcista
2026-09-09 19:40:24,TAN,5,807.69,OBSERVAR,Golden Cross | RSI 37 rebote | MACD positivo | BB zona baja
2026-09-09 19:40:24,EME,7,12789.83,COMPRAR ★★,Golden Cross | RSI 38 rebote | Cruce MACD | BB zona baja | Stoch 40 | EMA semanal alcista
2026-09-09 19:40:24,MCHP,7,1231.31,COMPRAR ★★,Golden Cross | RSI 37 rebote | MACD positivo | BB zona baja | EMA semanal alcista
2026-09-09 19:40:24,APA,7,753.76,COMPRAR ★★,EMA alcista | RSI 55 óptimo | Cruce MACD | EMA semanal alcista
2026-09-09 19:40:24,LABB.MX,6,12.89,COMPRAR ★★,Golden Cross | RSI 34 rebote | Cruce MACD | Banda BB inferior | Stoch 25
2026-09-09 19:40:24,AFRM,6,1158.29,COMPRAR ★★,RSI 33 rebote | Cruce MACD | Banda BB inferior | EMA semanal alcista
2026-09-09 19:40:24,ATO,7,2816.01,COMPRAR ★★,Golden Cross | RSI 40 rebote | MACD positivo | Banda BB inferior | Rebote EMA50
2026-09-09 19:40:24,QQQ,7,12103.68,COMPRAR ★★,EMA alcista | RSI 50 óptimo | Cruce MACD | EMA semanal alcista
2026-09-09 19:40:24,DLR,7,3210.47,COMPRAR ★★,EMA alcista | RSI 46 óptimo | Cruce MACD | EMA semanal alcista
2026-09-09 19:40:24,NTES,7,1956.25,COMPRAR ★★,Golden Cross | RSI 38 rebote | Cruce MACD | Banda BB inferior | EMA semanal alcista
2026-09-09 19:40:24,GS,8,17440.21,COMPRAR ★★★,EMA alcista | RSI 54 óptimo | MACD positivo | EMA semanal alcista
2026-09-09 19:40:24,MSFT,7,8306.96,COMPRAR ★★,EMA alcista | RSI 55 óptimo | Cruce MACD | EMA semanal alcista
2026-09-09 19:40:24,SMR,7,183.33,COMPRAR ★★,EMA alcista | Golden Cross | RSI 64 óptimo | MACD positivo
2026-09-09 19:40:24,CMCSA,7,414.07,COMPRAR ★★,EMA alcista | RSI 32 rebote | Cruce MACD | Volumen alto | Banda BB inferior
2026-09-09 19:40:24,DG,6,2120.82,COMPRAR ★★,EMA alcista | RSI 55 óptimo | MACD positivo
2026-09-09 19:40:24,TECL,8,3498.61,COMPRAR ★★★,EMA alcista | RSI 58 óptimo | MACD positivo | EMA semanal alcista
2026-09-09 19:40:24,EMN,7,1158.96,COMPRAR ★★,EMA alcista | Cruce MACD | Banda BB inferior | EMA semanal alcista
2026-09-09 19:40:24,MCO,9,8054.24,COMPRAR ★★★,EMA alcista | RSI 39 rebote | Cruce MACD | Banda BB inferior | Rebote EMA50 | EMA semanal alcista
2026-09-09 19:40:24,TROW,7,1826.85,COMPRAR ★★,Golden Cross | RSI 31 rebote | Cruce MACD | Banda BB inferior | EMA semanal alcista
2026-09-09 19:40:24,SBAC,6,3143.62,COMPRAR ★★,EMA alcista | RSI 58 óptimo | MACD positivo
2026-09-09 19:40:24,EWQ,8,758.84,COMPRAR ★★★,EMA alcista | Cruce MACD | Banda BB inferior | Rebote EMA50 | EMA semanal alcista
2026-09-09 19:40:24,CI,8,4683.5,COMPRAR ★★★,Golden Cross | RSI 51 óptimo | MACD positivo | Rebote EMA50 | EMA semanal alcista
2026-09-09 19:40:24,BRO,8,1127.44,COMPRAR ★★★,EMA alcista | RSI 35 rebote | Cruce MACD | Banda BB inferior | EMA semanal alcista
2026-09-09 19:40:24,AMGN,8,6625.4,COMPRAR ★★★,EMA alcista | Cruce MACD | Banda BB inferior | Rebote EMA50 | EMA semanal alcista
2026-09-09 19:40:24,FTV,7,945.63,COMPRAR ★★,Golden Cross | RSI 35 rebote | Cruce MACD | Banda BB inferior | EMA semanal alcista
2026-09-09 19:40:24,NKE,4,631.17,OBSERVAR,Golden Cross | Cruce MACD | Banda BB inferior
2026-09-09 19:40:24,ADSK,5,3498.27,OBSERVAR,EMA alcista | Cruce MACD | Banda BB inferior
2026-09-09 19:40:24,VIS.MC,9,1104.79,COMPRAR ★★★,Golden Cross | RSI 44 rebote | Cruce MACD | Volumen alto | Banda BB inferior | Rebote EMA50 | EMA semanal alcista
2026-09-09 19:40:24,MGM,6,685.3,COMPRAR ★★,Golden Cross | Cruce MACD | Banda BB inferior | EMA semanal alcista
2026-09-09 19:40:24,DVA,7,3106.51,COMPRAR ★★,Golden Cross | RSI 60 óptimo | MACD positivo | EMA semanal alcista
2026-09-09 19:40:24,CAG,5,256.52,OBSERVAR,EMA alcista | Cruce MACD | Banda BB inferior
2026-09-09 19:40:24,IVVPESO.MX,10,156.19,COMPRAR ★★★,EMA alcista | RSI 46 óptimo | Cruce MACD | Volumen alto | BB zona baja | Stoch 41 | EMA semanal alcista
2026-09-09 19:40:24,KO,7,1482.85,COMPRAR ★★,EMA alcista | RSI 36 rebote | Cruce MACD | BB zona baja | EMA semanal alcista
2026-09-09 19:40:24,PFE,7,470.2,COMPRAR ★★,EMA alcista | RSI 45 óptimo | Cruce MACD | EMA semanal alcista
2026-09-09 19:40:24,HON,4,3468.6,OBSERVAR,Golden Cross | Cruce MACD | Banda BB inferior
2026-09-09 19:40:24,PBR,6,353.55,COMPRAR ★★,EMA alcista | MACD positivo | EMA semanal alcista
2026-09-09 19:40:24,MCD,5,4300.55,OBSERVAR,Golden Cross | RSI 32 rebote | Cruce MACD | Banda BB inferior
2026-09-09 19:40:24,DD,6,2168.24,COMPRAR ★★,Golden Cross | Cruce MACD | Banda BB inferior | EMA semanal alcista
2026-09-09 19:40:24,PYPL,7,885.53,COMPRAR ★★,EMA alcista | Cruce MACD | Banda BB inferior | EMA semanal alcista
2026-09-09 19:40:24,ENPH,5,621.57,VENDER,Golden Cross | RSI 41 rebote | MACD positivo | BB zona baja | 🛑 Stop Loss -29.9%
2026-09-09 19:40:24,GOOGL,7,5584.18,COMPRAR ★★,Golden Cross | RSI 37 rebote | Cruce MACD | Banda BB inferior | EMA semanal alcista
2026-09-09 19:40:24,ETR,8,1816.2,COMPRAR ★★★,Golden Cross | RSI 48 óptimo | MACD positivo | Rebote EMA50 | EMA semanal alcista
2026-09-09 19:40:24,BILL,8,810.23,COMPRAR ★★★,EMA alcista | RSI 51 óptimo | Cruce MACD | BB zona baja | EMA semanal alcista
2026-09-09 19:40:24,MDB,8,6114.38,COMPRAR ★★★,EMA alcista | RSI 33 rebote | Cruce MACD | Banda BB inferior | EMA semanal alcista
2026-09-09 19:40:24,MRNA,6,2309.98,COMPRAR ★★,EMA alcista | RSI 36 rebote | Cruce MACD | EMA semanal alcista
2026-09-09 19:40:24,IDXX,4,8697.96,OBSERVAR,Golden Cross | Cruce MACD | Banda BB inferior
2026-09-09 19:40:24,PG,8,2414.45,COMPRAR ★★★,Golden Cross | RSI 46 óptimo | MACD positivo | Banda BB inferior | Rebote EMA50
2026-09-09 19:40:24,CFG,9,1173.16,COMPRAR ★★★,EMA alcista | RSI 42 rebote | Cruce MACD | BB zona baja | Stoch 49 | Rebote EMA50 | EMA semanal alcista
2026-09-09 19:40:24,NTAP,7,3125.11,COMPRAR ★★,EMA alcista | RSI 38 rebote | Cruce MACD | BB zona baja | EMA semanal alcista
2026-09-09 19:40:24,DTE,6,2299.84,COMPRAR ★★,Golden Cross | RSI 38 rebote | MACD positivo | BB zona baja | Stoch 31
2026-09-09 19:40:24,WDC,8,8164.46,COMPRAR ★★★,Golden Cross | RSI 57 óptimo | MACD positivo | Rebote EMA50 | EMA semanal alcista
2026-09-09 19:40:24,WST,8,5713.33,COMPRAR ★★★,EMA alcista | Cruce MACD | Banda BB inferior | Rebote EMA50 | EMA semanal alcista
2026-09-09 19:40:24,CPB,8,369.44,COMPRAR ★★★,EMA alcista | Cruce MACD | Banda BB inferior | Stoch 33 | EMA semanal alcista
2026-09-09 19:40:24,INCY,7,2138.91,COMPRAR ★★,EMA alcista | RSI 46 óptimo | Cruce MACD | EMA semanal alcista
2026-09-09 19:40:24,GEV,6,16129.19,COMPRAR ★★,Golden Cross | RSI 43 rebote | MACD positivo | EMA semanal alcista
2026-09-09 19:40:24,NOK,7,182.4,VENDER,Golden Cross | RSI 62 óptimo | MACD positivo | EMA semanal alcista | 🛑 Stop Loss -35.5%
2026-09-09 19:40:24,XLB,9,870.66,COMPRAR ★★★,EMA alcista | RSI 40 rebote | Cruce MACD | Banda BB inferior | Rebote EMA50 | EMA semanal alcista
2026-09-09 19:40:24,AC.MX,8,193.6,COMPRAR ★★★,Golden Cross | RSI 61 óptimo | MACD positivo | Rebote EMA50 | EMA semanal alcista
2026-09-09 19:40:24,LYB,6,1094.39,COMPRAR ★★,EMA alcista | RSI 48 óptimo | Cruce MACD | Stoch 47
2026-09-09 19:40:24,OMC,7,1329.53,COMPRAR ★★,EMA alcista | Cruce MACD | Banda BB inferior | EMA semanal alcista
2026-09-09 19:40:24,GL,11,2875.94,COMPRAR ★★★,EMA alcista | RSI 47 óptimo | Cruce MACD | Banda BB inferior | Stoch 26 | Rebote EMA50 | EMA semanal alcista
2026-09-09 19:40:24,ELV,8,6738.58,COMPRAR ★★★,EMA alcista | RSI 50 óptimo | MACD positivo | EMA semanal alcista
2026-09-09 19:40:24,DE,6,11447.45,COMPRAR ★★,EMA alcista | MACD positivo | EMA semanal alcista
2026-09-09 19:40:24,FDS,8,4764.83,COMPRAR ★★★,EMA alcista | RSI 41 rebote | Cruce MACD | Banda BB inferior | EMA semanal alcista
2026-09-09 19:40:24,ADI,7,6130.87,COMPRAR ★★,Golden Cross | RSI 39 rebote | Cruce MACD | BB zona baja | Stoch 41 | EMA semanal alcista
2026-09-09 19:40:24,ADM,8,1446.96,COMPRAR ★★★,EMA alcista | RSI 65 óptimo | MACD positivo | EMA semanal alcista
2026-09-09 19:40:24,CELH,6,471.46,COMPRAR ★★,EMA alcista | RSI 32 rebote | Cruce MACD | Banda BB inferior
2026-09-09 19:40:24,MDT,6,1559.0,COMPRAR ★★,EMA alcista | RSI 44 rebote | Cruce MACD | EMA semanal alcista
2026-09-09 19:40:24,TYL,6,5806.47,COMPRAR ★★,EMA alcista | RSI 48 óptimo | Cruce MACD | BB zona baja
2026-09-09 19:40:24,BA,5,3510.52,OBSERVAR,Golden Cross | Cruce MACD | BB zona baja | EMA semanal alcista
2026-09-09 19:40:24,URI,8,17512.3,COMPRAR ★★★,Golden Cross | RSI 32 rebote | Cruce MACD | BB zona baja | Stoch 45 | Rebote EMA50 | EMA semanal alcista
2026-09-09 19:40:24,GPN,8,1482.6,COMPRAR ★★★,EMA alcista | RSI 38 rebote | Cruce MACD | Banda BB inferior | EMA semanal alcista
2026-09-09 19:40:24,LOG.MC,9,686.07,COMPRAR ★★★,EMA alcista | RSI 39 rebote | Cruce MACD | Banda BB inferior | Rebote EMA50 | EMA semanal alcista
2026-09-09 19:40:24,EWC,8,1031.33,COMPRAR ★★★,EMA alcista | RSI 44 rebote | Cruce MACD | Banda BB inferior | EMA semanal alcista
2026-09-09 19:40:24,IT,9,2864.27,COMPRAR ★★★,EMA alcista | RSI 34 rebote | Cruce MACD | Banda BB inferior | Rebote EMA50 | EMA semanal alcista
2026-09-09 19:40:24,AVY,8,2879.99,COMPRAR ★★★,EMA alcista | Cruce MACD | Banda BB inferior | Rebote EMA50 | EMA semanal alcista
2026-09-09 19:40:24,HBAN,6,281.37,COMPRAR ★★,Golden Cross | RSI 38 rebote | Cruce MACD | BB zona baja | EMA semanal alcista
2026-09-09 19:40:24,TTWO,6,3574.08,COMPRAR ★★,Golden Cross | Cruce MACD | Banda BB inferior | EMA semanal alcista
2026-09-09 19:40:24,MELI,8,31784.89,COMPRAR ★★★,EMA alcista | RSI 47 óptimo | Cruce MACD | BB zona baja | EMA semanal alcista
2026-09-09 19:40:24,RXRX,5,54.69,OBSERVAR,EMA alcista | RSI 43 rebote | BB zona baja | Rebote EMA50
2026-09-09 19:40:24,POOL,4,3017.09,OBSERVAR,Golden Cross | Cruce MACD | Banda BB inferior
2026-09-09 19:40:24,PH,9,16122.68,COMPRAR ★★★,EMA alcista | RSI 31 rebote | Cruce MACD | Banda BB inferior | Rebote EMA50 | EMA semanal alcista
2026-09-09 19:40:24,IEX,9,3806.01,COMPRAR ★★★,EMA alcista | RSI 34 rebote | Cruce MACD | BB zona baja | Stoch 27 | Rebote EMA50 | EMA semanal alcista
2026-09-09 19:40:24,ALPEKA.MX,7,13.78,COMPRAR ★★,EMA alcista | MACD positivo | Volumen alto | EMA semanal alcista
2026-09-09 19:40:24,XLI,6,2910.25,COMPRAR ★★,Golden Cross | Cruce MACD | Banda BB inferior | EMA semanal alcista
2026-09-09 19:40:24,CDNS,7,4803.54,COMPRAR ★★,Golden Cross | RSI 35 rebote | Cruce MACD | Banda BB inferior | EMA semanal alcista
2026-09-09 19:40:24,ITW,5,4472.55,OBSERVAR,Cruce MACD | Banda BB inferior | EMA semanal alcista
2026-09-09 19:40:24,APTV,6,755.45,COMPRAR ★★,Golden Cross | RSI 35 rebote | MACD positivo | Banda BB inferior
2026-09-09 19:40:24,DOW,5,499.61,OBSERVAR,Golden Cross | RSI 38 rebote | Cruce MACD | Banda BB inferior
2026-09-09 19:40:24,TXT,5,1361.14,OBSERVAR,Golden Cross | Cruce MACD | Volumen alto | BB zona baja | Stoch 28
2026-09-09 19:40:24,BLK,8,18170.05,COMPRAR ★★★,EMA alcista | Cruce MACD | Banda BB inferior | Rebote EMA50 | EMA semanal alcista
2026-09-09 19:40:24,ORLY,6,1460.7,COMPRAR ★★,Golden Cross | RSI 31 rebote | Cruce MACD | Banda BB inferior | Stoch 24
2026-09-09 19:40:24,JPM,9,6005.01,COMPRAR ★★★,EMA alcista | RSI 47 óptimo | Cruce MACD | BB zona baja | Stoch 46 | EMA semanal alcista
2026-09-09 19:40:24,BIDU,6,1562.98,COMPRAR ★★,Golden Cross | RSI 49 óptimo | MACD positivo | BB zona baja
2026-09-09 19:40:24,HAL,8,628.93,COMPRAR ★★★,EMA alcista | RSI 65 óptimo | MACD positivo | EMA semanal alcista
2026-09-09 19:40:24,ARM,8,4468.49,VENDER,Golden Cross | RSI 59 óptimo | MACD positivo | Rebote EMA50 | EMA semanal alcista | 🛑 Stop Loss -25.7%
2026-09-09 19:40:24,SPG,6,3475.53,COMPRAR ★★,Golden Cross | Cruce MACD | Banda BB inferior | EMA semanal alcista
2026-09-09 19:40:24,AME,9,4005.4,COMPRAR ★★★,EMA alcista | RSI 40 rebote | Cruce MACD | BB zona baja | Stoch 41 | Rebote EMA50 | EMA semanal alcista
2026-09-09 19:40:24,GWW,7,21664.26,COMPRAR ★★,Golden Cross | RSI 44 rebote | Banda BB inferior | Rebote EMA50 | EMA semanal alcista
2026-09-09 19:40:24,MKC,6,867.95,COMPRAR ★★,EMA alcista | Cruce MACD | Banda BB inferior | Rebote EMA50
2026-09-09 19:40:24,SBUX,8,1699.9,COMPRAR ★★★,EMA alcista | RSI 38 rebote | Cruce MACD | Banda BB inferior | EMA semanal alcista
2026-09-09 19:40:24,RKLB,6,1073.77,COMPRAR ★★,Golden Cross | Cruce MACD | Volumen alto | BB zona baja | EMA semanal alcista
2026-09-09 19:40:24,BSX,4,760.19,OBSERVAR,Golden Cross | Cruce MACD | Banda BB inferior
2026-09-09 19:40:24,KMI,5,533.16,OBSERVAR,Golden Cross | RSI 45 rebote | BB zona baja | Stoch 47 | Rebote EMA50
2026-09-09 19:40:24,MAP.MC,9,85.91,COMPRAR ★★★,EMA alcista | RSI 51 óptimo | Volumen alto | BB zona baja | Rebote EMA50 | EMA semanal alcista
2026-09-09 19:40:24,REP.MC,9,566.35,COMPRAR ★★★,EMA alcista | RSI 56 óptimo | MACD positivo | Volumen alto | EMA semanal alcista
2026-09-09 19:40:24,FER.MC,4,955.98,OBSERVAR,Golden Cross | Cruce MACD | Banda BB inferior
2026-09-09 19:40:24,PSA,6,4975.41,COMPRAR ★★,Golden Cross | Cruce MACD | Banda BB inferior | EMA semanal alcista
2026-09-09 19:40:24,AOS,4,979.1,OBSERVAR,Golden Cross | Cruce MACD | Banda BB inferior
2026-09-09 19:40:24,SO,7,1495.87,COMPRAR ★★,Golden Cross | RSI 30 rebote | MACD positivo | Cruce MACD | BB zona baja | Stoch 25
2026-09-09 19:40:24,KHC,8,416.61,COMPRAR ★★★,EMA alcista | RSI 42 rebote | Cruce MACD | BB zona baja | Rebote EMA50 | EMA semanal alcista
2026-09-09 19:40:24,NEM,7,2182.18,COMPRAR ★★,EMA alcista | RSI 56 óptimo | Cruce MACD | EMA semanal alcista
2026-09-09 19:40:24,DPZ,6,5469.74,COMPRAR ★★,EMA alcista | RSI 43 rebote | Cruce MACD | Banda BB inferior
2026-09-09 19:40:24,FIBRAPL14.MX,8,75.24,COMPRAR ★★★,Golden Cross | RSI 57 óptimo | Cruce MACD | Stoch 42 | Rebote EMA50 | EMA semanal alcista
2026-09-09 19:40:24,CRL,8,4693.41,COMPRAR ★★★,EMA alcista | RSI 39 rebote | Cruce MACD | Banda BB inferior | EMA semanal alcista
2026-09-09 19:40:24,PAYC,8,3630.71,COMPRAR ★★★,EMA alcista | RSI 43 rebote | Cruce MACD | Banda BB inferior | EMA semanal alcista
2026-09-09 19:40:24,WMB,8,1274.08,COMPRAR ★★★,EMA alcista | RSI 59 óptimo | MACD positivo | EMA semanal alcista
2026-09-09 19:40:24,MCK,4,15119.92,OBSERVAR,EMA alcista | RSI 61 óptimo
2026-09-09 19:40:24,ILMN,8,3461.92,COMPRAR ★★★,EMA alcista | RSI 50 óptimo | Cruce MACD | BB zona baja | EMA semanal alcista
2026-09-09 19:40:24,HSIC,8,1489.27,COMPRAR ★★★,EMA alcista | RSI 44 rebote | Cruce MACD | Banda BB inferior | EMA semanal alcista
2026-09-09 19:40:24,TMUS,4,3004.58,OBSERVAR,Golden Cross | RSI 44 rebote | BB zona baja | Rebote EMA50
2026-09-09 19:40:24,ICLN,6,305.21,COMPRAR ★★,Golden Cross | RSI 54 óptimo | MACD positivo | Rebote EMA50
2026-09-09 19:40:24,PCAR,8,2057.58,COMPRAR ★★★,EMA alcista | RSI 34 rebote | Cruce MACD | Banda BB inferior | EMA semanal alcista
2026-09-09 19:40:24,BBY,8,1494.17,COMPRAR ★★★,EMA alcista | RSI 49 óptimo | MACD positivo | EMA semanal alcista
2026-09-09 19:40:24,PATH,8,230.49,COMPRAR ★★★,EMA alcista | RSI 38 rebote | Cruce MACD | Banda BB inferior | EMA semanal alcista
2026-09-09 19:40:24,XLP,9,1404.16,COMPRAR ★★★,EMA alcista | RSI 32 rebote | Cruce MACD | Banda BB inferior | Rebote EMA50 | EMA semanal alcista
2026-09-09 19:40:24,FE,6,781.23,COMPRAR ★★,Golden Cross | RSI 40 rebote | MACD positivo | BB zona baja | Rebote EMA50
2026-09-09 19:40:24,COP,7,2317.75,COMPRAR ★★,EMA alcista | RSI 64 óptimo | Cruce MACD | EMA semanal alcista
2026-09-09 19:40:24,CMS,6,1155.41,COMPRAR ★★,Golden Cross | RSI 31 rebote | MACD positivo | BB zona baja | Stoch 31
2026-09-09 19:40:24,ETN,8,7038.63,COMPRAR ★★★,EMA alcista | Golden Cross | RSI 46 óptimo | Cruce MACD | EMA semanal alcista
2026-09-09 19:40:24,GM,8,1430.28,COMPRAR ★★★,EMA alcista | RSI 49 óptimo | Cruce MACD | BB zona baja | EMA semanal alcista
2026-09-09 19:40:24,ADBE,9,4312.67,COMPRAR ★★★,EMA alcista | RSI 39 rebote | Cruce MACD | Banda BB inferior | Rebote EMA50 | EMA semanal alcista
2026-09-09 19:40:24,ED,6,1817.55,COMPRAR ★★,Golden Cross | RSI 48 óptimo | MACD positivo | Rebote EMA50
2026-09-09 19:40:24,ROK,7,7221.37,COMPRAR ★★,Golden Cross | RSI 45 rebote | MACD positivo | BB zona baja | EMA semanal alcista
2026-09-09 19:40:24,PINFRA.MX,4,267.92,OBSERVAR,Golden Cross | MACD positivo | Rebote EMA50
2026-09-09 19:40:24,FIVN,8,514.74,COMPRAR ★★★,EMA alcista | RSI 39 rebote | Cruce MACD | Banda BB inferior | EMA semanal alcista
2026-09-09 19:40:24,NU,8,255.93,COMPRAR ★★★,EMA alcista | RSI 56 óptimo | MACD positivo | EMA semanal alcista
2026-09-09 19:40:24,OTIS,5,1171.64,OBSERVAR,Golden Cross | RSI 34 rebote | Cruce MACD | Banda BB inferior
2026-09-09 19:40:24,RSG,4,3741.56,OBSERVAR,EMA alcista | RSI 51 óptimo
2026-09-09 19:40:24,SMH,7,9689.91,COMPRAR ★★,Golden Cross | RSI 56 óptimo | MACD positivo | EMA semanal alcista
2026-09-09 19:40:24,CSX,9,819.18,COMPRAR ★★★,EMA alcista | RSI 33 rebote | Cruce MACD | Banda BB inferior | Rebote EMA50 | EMA semanal alcista
2026-09-09 19:40:24,GFNORTEO.MX,6,198.46,COMPRAR ★★,EMA alcista | MACD positivo | EMA semanal alcista
2026-09-09 19:40:24,LH,7,5438.72,COMPRAR ★★,EMA alcista | RSI 39 rebote | Cruce MACD | BB zona baja | EMA semanal alcista
2026-09-09 19:40:24,SWK,9,1557.65,COMPRAR ★★★,EMA alcista | RSI 31 rebote | Cruce MACD | Banda BB inferior | Rebote EMA50 | EMA semanal alcista
2026-09-09 19:40:24,ARKW,8,2652.63,COMPRAR ★★★,EMA alcista | RSI 59 óptimo | MACD positivo | EMA semanal alcista
2026-09-09 19:40:24,FIBRAMQ12.MX,9,42.83,COMPRAR ★★★,EMA alcista | RSI 53 óptimo | Cruce MACD | BB zona baja | Rebote EMA50 | EMA semanal alcista
2026-09-09 19:40:24,ACHC,8,481.44,COMPRAR ★★★,Golden Cross | RSI 55 óptimo | Cruce MACD | Stoch 30 | Rebote EMA50 | EMA semanal alcista
2026-09-09 19:40:24,MDLZ,7,1054.66,COMPRAR ★★,EMA alcista | RSI 37 rebote | Cruce MACD | Stoch 38 | EMA semanal alcista
2026-09-09 19:40:24,WFC,8,1518.01,COMPRAR ★★★,EMA alcista | RSI 64 óptimo | MACD positivo | EMA semanal alcista
2026-09-09 19:40:24,ORCL,5,2741.36,OBSERVAR,EMA alcista | Golden Cross | MACD positivo
2026-09-09 19:40:24,XLK,8,3174.3,COMPRAR ★★★,EMA alcista | RSI 59 óptimo | MACD positivo | EMA semanal alcista
2026-09-09 19:40:24,HSY,4,2896.22,OBSERVAR,Golden Cross | Cruce MACD | Banda BB inferior
2026-09-09 19:40:24,RHI,8,649.8,COMPRAR ★★★,EMA alcista | Cruce MACD | Banda BB inferior | Rebote EMA50 | EMA semanal alcista
2026-09-09 19:40:24,NET,8,5310.84,COMPRAR ★★★,EMA alcista | RSI 56 óptimo | Cruce MACD | Volumen alto | EMA semanal alcista
2026-09-09 19:40:24,GLD,5,6814.14,OBSERVAR,EMA alcista | RSI 43 rebote | Cruce MACD | BB zona baja
2026-09-09 19:40:24,ALL,8,4288.63,COMPRAR ★★★,EMA alcista | RSI 44 rebote | Cruce MACD | Banda BB inferior | EMA semanal alcista
2026-09-09 19:40:24,EMR,7,2555.43,COMPRAR ★★,EMA alcista | RSI 39 rebote | Cruce MACD | BB zona baja | EMA semanal alcista
2026-09-09 19:40:24,FLR,8,931.01,COMPRAR ★★★,EMA alcista | RSI 53 óptimo | MACD positivo | EMA semanal alcista
2026-09-09 19:40:24,EFX,5,2850.33,OBSERVAR,EMA alcista | Cruce MACD | Banda BB inferior
2026-09-09 19:40:24,URA,7,795.69,COMPRAR ★★,EMA alcista | RSI 57 óptimo | MACD positivo | Cruce MACD
2026-09-09 19:40:24,Q.MX,5,154.0,OBSERVAR,Golden Cross | RSI 61 óptimo | MACD positivo
2026-09-09 19:40:24,EIX,4,976.39,OBSERVAR,Golden Cross | RSI 32 rebote | Cruce MACD | BB zona baja
2026-09-09 19:40:24,PSX,6,4416.68,COMPRAR ★★,EMA alcista | MACD positivo | EMA semanal alcista
2026-09-09 19:40:24,JKHY,5,2680.69,OBSERVAR,EMA alcista | RSI 43 rebote | Cruce MACD | BB zona baja
2026-09-09 19:40:24,APD,9,5008.59,COMPRAR ★★★,EMA alcista | RSI 41 rebote | Cruce MACD | Banda BB inferior | Rebote EMA50 | EMA semanal alcista
2026-09-09 19:40:24,CNC,8,1085.6,COMPRAR ★★★,EMA alcista | RSI 48 óptimo | BB zona baja | Rebote EMA50 | EMA semanal alcista
2026-09-09 19:40:24,CIE.MC,6,497.35,COMPRAR ★★,Golden Cross | RSI 38 rebote | MACD positivo | BB zona baja | Rebote EMA50
2026-09-09 19:40:24,AIG,9,1264.53,COMPRAR ★★★,Golden Cross | RSI 45 rebote | Cruce MACD | Banda BB inferior | Stoch 22 | Rebote EMA50 | EMA semanal alcista
2026-09-09 19:40:24,SMSNN.MX,8,85029.85,COMPRAR ★★★,EMA alcista | Golden Cross | MACD positivo | Volumen alto | EMA semanal alcista
2026-09-09 19:40:24,CINF,9,2861.74,COMPRAR ★★★,Golden Cross | RSI 52 óptimo | MACD positivo | BB zona baja | Rebote EMA50 | EMA semanal alcista
2026-09-09 19:40:24,MNDY,8,1374.32,COMPRAR ★★★,EMA alcista | RSI 38 rebote | Cruce MACD | Banda BB inferior | EMA semanal alcista
2026-09-09 19:40:24,AXON,7,8259.71,COMPRAR ★★,EMA alcista | Cruce MACD | Banda BB inferior | EMA semanal alcista
2026-09-09 19:40:24,UNP,8,4821.96,COMPRAR ★★★,EMA alcista | Cruce MACD | Banda BB inferior | Rebote EMA50 | EMA semanal alcista
2026-09-09 19:40:24,NVCR,8,271.31,COMPRAR ★★★,EMA alcista | RSI 32 rebote | Cruce MACD | Banda BB inferior | EMA semanal alcista
2026-09-09 19:40:24,LYV,7,2868.67,COMPRAR ★★,EMA alcista | Cruce MACD | Banda BB inferior | EMA semanal alcista
2026-09-09 19:40:24,TEL,6,3457.46,COMPRAR ★★,Golden Cross | RSI 52 óptimo | Rebote EMA50 | EMA semanal alcista
2026-09-09 19:40:24,GMEXICOB.MX,7,228.08,COMPRAR ★★,EMA alcista | RSI 61 óptimo | Cruce MACD | EMA semanal alcista
2026-09-09 19:40:24,ZBRA,8,5846.03,COMPRAR ★★★,EMA alcista | RSI 44 rebote | Cruce MACD | Banda BB inferior | EMA semanal alcista
2026-09-09 19:40:24,SPY,8,12893.79,COMPRAR ★★★,EMA alcista | RSI 44 rebote | Cruce MACD | Banda BB inferior | EMA semanal alcista
2026-09-09 19:40:24,ALK,7,684.63,COMPRAR ★★,Golden Cross | RSI 46 óptimo | Cruce MACD | BB zona baja | EMA semanal alcista
2026-09-09 19:40:24,ACN,5,2995.79,OBSERVAR,EMA alcista | RSI 43 rebote | Cruce MACD | BB zona baja
2026-09-09 19:40:24,PANW,8,5641.15,COMPRAR ★★★,EMA alcista | RSI 42 rebote | Cruce MACD | BB zona baja | Rebote EMA50 | EMA semanal alcista
2026-09-09 19:40:24,ZION,10,1151.86,COMPRAR ★★★,EMA alcista | RSI 49 óptimo | MACD positivo | BB zona baja | Rebote EMA50 | EMA semanal alcista
2026-09-09 19:40:24,PWR,8,10637.61,COMPRAR ★★★,Golden Cross | RSI 35 rebote | MACD positivo | Cruce MACD | Stoch 42 | EMA semanal alcista
2026-09-09 19:40:24,SLV,6,1027.28,COMPRAR ★★,EMA alcista | RSI 52 óptimo | Cruce MACD | Stoch 45
2026-09-09 19:40:24,NVDA,8,3782.43,COMPRAR ★★★,EMA alcista | RSI 54 óptimo | MACD positivo | EMA semanal alcista
2026-09-09 19:40:24,PNR,4,974.54,OBSERVAR,Golden Cross | Cruce MACD | Banda BB inferior
2026-09-09 19:40:24,D,8,1107.23,COMPRAR ★★★,Golden Cross | RSI 34 rebote | MACD positivo | BB zona baja | Rebote EMA50 | EMA semanal alcista
2026-09-09 19:40:24,STX,8,15099.15,COMPRAR ★★★,EMA alcista | RSI 60 óptimo | MACD positivo | EMA semanal alcista
2026-09-09 19:40:24,STT,7,3261.52,COMPRAR ★★,EMA alcista | RSI 62 óptimo | Cruce MACD | EMA semanal alcista
2026-09-09 19:40:24,LUV,9,655.89,COMPRAR ★★★,Golden Cross | RSI 36 rebote | MACD positivo | Cruce MACD | BB zona baja | Stoch 33 | EMA semanal alcista
2026-09-09 19:40:24,VZ,5,841.58,OBSERVAR,EMA alcista | RSI 54 óptimo | Cruce MACD
2026-09-09 19:40:24,META,4,11089.5,OBSERVAR,Golden Cross | MACD positivo | Volumen alto
2026-09-09 19:40:24,ZTS,5,1239.26,OBSERVAR,Golden Cross | RSI 39 rebote | Cruce MACD | Banda BB inferior
2026-09-09 19:40:24,VTR,9,1510.91,COMPRAR ★★★,EMA alcista | RSI 35 rebote | Cruce MACD | Banda BB inferior | Rebote EMA50 | EMA semanal alcista
2026-09-09 19:40:24,WY,6,382.63,COMPRAR ★★,Golden Cross | Cruce MACD | Banda BB inferior | EMA semanal alcista
2026-09-09 19:40:24,COO,6,1067.09,COMPRAR ★★,Cruce MACD | Volumen alto | Banda BB inferior | EMA semanal alcista
2026-09-09 19:40:24,MPC,6,6770.36,COMPRAR ★★,EMA alcista | MACD positivo | EMA semanal alcista
2026-09-09 19:40:24,CVX,8,3613.56,COMPRAR ★★★,EMA alcista | RSI 65 óptimo | MACD positivo | EMA semanal alcista
2026-09-09 19:40:24,FDX,8,5243.36,COMPRAR ★★★,EMA alcista | RSI 34 rebote | Cruce MACD | Banda BB inferior | EMA semanal alcista
2026-09-09 19:40:24,SMCI,6,659.78,COMPRAR ★★,EMA alcista | RSI 58 óptimo | EMA semanal alcista
2026-09-09 19:40:24,CTAS,7,3370.22,COMPRAR ★★,EMA alcista | RSI 41 rebote | Cruce MACD | BB zona baja | EMA semanal alcista
2026-09-09 19:40:24,CHD,8,1618.25,COMPRAR ★★★,EMA alcista | RSI 38 rebote | Cruce MACD | Banda BB inferior | EMA semanal alcista
2026-09-09 19:40:24,IBN,10,490.99,COMPRAR ★★★,EMA alcista | RSI 46 óptimo | Cruce MACD | Banda BB inferior | Rebote EMA50 | EMA semanal alcista
2026-09-09 19:40:24,IBB,7,3475.87,COMPRAR ★★,EMA alcista | RSI 33 rebote | Cruce MACD | BB zona baja | EMA semanal alcista
2026-09-09 19:40:24,DUOL,6,2356.3,COMPRAR ★★,EMA alcista | RSI 43 rebote | BB zona baja | EMA semanal alcista
2026-09-09 19:40:24,XOM,7,2775.86,COMPRAR ★★,EMA alcista | RSI 49 óptimo | Cruce MACD | EMA semanal alcista
2026-09-09 19:40:24,WU,4,117.65,OBSERVAR,Golden Cross | RSI 39 rebote | Banda BB inferior
2026-09-09 19:40:24,LIT,9,1249.4,COMPRAR ★★★,Golden Cross | RSI 46 óptimo | Cruce MACD | Banda BB inferior | Rebote EMA50 | EMA semanal alcista
2026-09-09 19:40:24,VWO,8,1030.07,COMPRAR ★★★,EMA alcista | RSI 62 óptimo | MACD positivo | EMA semanal alcista
2026-09-09 19:40:24,ALLE,8,2566.67,COMPRAR ★★★,EMA alcista | Cruce MACD | Banda BB inferior | Rebote EMA50 | EMA semanal alcista
2026-09-09 19:40:24,IBM,5,4071.41,OBSERVAR,Golden Cross | RSI 54 óptimo | MACD positivo
2026-09-09 19:40:24,GOLD,7,831.19,COMPRAR ★★,EMA alcista | RSI 60 óptimo | MACD positivo | Cruce MACD
2026-09-09 19:40:24,EWJ,8,1639.64,COMPRAR ★★★,EMA alcista | RSI 63 óptimo | MACD positivo | EMA semanal alcista
2026-09-09 19:40:24,SOXX,7,8974.68,COMPRAR ★★,Golden Cross | RSI 56 óptimo | MACD positivo | EMA semanal alcista
2026-09-09 19:40:24,CIBR,9,1596.11,COMPRAR ★★★,EMA alcista | RSI 48 óptimo | Cruce MACD | BB zona baja | Stoch 33 | EMA semanal alcista
2026-09-09 19:40:24,EOG,8,2491.36,COMPRAR ★★★,EMA alcista | RSI 46 óptimo | Cruce MACD | Stoch 42 | EMA semanal alcista
2026-09-09 19:40:24,APPN,8,579.14,COMPRAR ★★★,EMA alcista | RSI 41 rebote | Cruce MACD | Banda BB inferior | EMA semanal alcista
2026-09-09 19:40:24,KEY,9,367.75,COMPRAR ★★★,Golden Cross | RSI 47 óptimo | MACD positivo | BB zona baja | Rebote EMA50 | EMA semanal alcista
2026-09-09 19:40:24,KTOS,4,789.6,OBSERVAR,Golden Cross | Cruce MACD | Banda BB inferior
2026-09-09 19:40:24,BBVA.MC,8,492.44,COMPRAR ★★★,EMA alcista | RSI 57 óptimo | Cruce MACD | Volumen alto | EMA semanal alcista
2026-09-09 19:40:24,CEG,4,4977.65,OBSERVAR,EMA alcista | MACD positivo
2026-09-09 19:40:24,BWXT,5,2657.53,OBSERVAR,Golden Cross | RSI 45 óptimo | MACD positivo
2026-09-09 19:40:24,AEE,7,1793.38,COMPRAR ★★,Golden Cross | RSI 37 rebote | MACD positivo | BB zona baja | Stoch 39 | Rebote EMA50
2026-09-09 19:40:24,J,8,2401.6,COMPRAR ★★★,EMA alcista | RSI 38 rebote | Cruce MACD | Banda BB inferior | EMA semanal alcista
2026-09-09 19:40:24,MAR,7,5596.86,COMPRAR ★★,Golden Cross | Cruce MACD | Banda BB inferior | Stoch 24 | EMA semanal alcista
2026-09-09 19:40:24,MS,8,3646.27,COMPRAR ★★★,EMA alcista | RSI 52 óptimo | MACD positivo | EMA semanal alcista
2026-09-09 19:40:24,AZO,5,49227.3,OBSERVAR,Golden Cross | RSI 34 rebote | Cruce MACD | Banda BB inferior
2026-09-09 19:40:24,ARKF,6,768.39,COMPRAR ★★,EMA alcista | RSI 57 óptimo | EMA semanal alcista
2026-09-09 19:40:24,DHR,7,3464.97,COMPRAR ★★,EMA alcista | RSI 40 rebote | Cruce MACD | BB zona baja | EMA semanal alcista
2026-09-09 19:40:24,ESS,7,4645.65,COMPRAR ★★,Golden Cross | RSI 32 rebote | Cruce MACD | Banda BB inferior | EMA semanal alcista
2026-09-09 19:40:24,NOC,4,8759.83,OBSERVAR,Golden Cross | Cruce MACD | Banda BB inferior
2026-09-09 19:40:24,NDAQ,8,1598.81,COMPRAR ★★★,EMA alcista | RSI 44 rebote | Cruce MACD | Banda BB inferior | EMA semanal alcista
2026-09-09 19:40:24,EWZ,6,644.14,COMPRAR ★★,EMA alcista | MACD positivo | EMA semanal alcista
2026-09-09 19:40:24,PEG,6,1227.51,COMPRAR ★★,Golden Cross | RSI 34 rebote | MACD positivo | Banda BB inferior
2026-09-09 19:40:24,INVH,6,477.13,COMPRAR ★★,Golden Cross | Cruce MACD | Banda BB inferior | EMA semanal alcista
2026-09-09 19:40:24,ABBV,7,4237.07,COMPRAR ★★,EMA alcista | RSI 31 rebote | Cruce MACD | BB zona baja | EMA semanal alcista
2026-09-09 19:40:24,ALGN,7,2587.63,COMPRAR ★★,Golden Cross | RSI 34 rebote | Cruce MACD | Banda BB inferior | EMA semanal alcista
2026-09-09 19:40:24,TSLA,5,6240.49,OBSERVAR,Golden Cross | RSI 56 óptimo | MACD positivo
2026-09-09 19:40:24,NXPI,8,3771.27,COMPRAR ★★★,Golden Cross | RSI 46 óptimo | MACD positivo | BB zona baja | EMA semanal alcista
2026-09-09 19:40:24,MOS,4,443.32,OBSERVAR,EMA alcista | MACD positivo
2026-09-09 19:40:24,GNRC,5,3160.44,OBSERVAR,Golden Cross | Cruce MACD | BB zona baja | EMA semanal alcista
2026-09-09 19:40:24,CL,8,1488.17,COMPRAR ★★★,Golden Cross | RSI 37 rebote | Cruce MACD | Banda BB inferior | Rebote EMA50 | EMA semanal alcista
2026-09-09 19:40:24,PLTR,8,2875.85,VENDER,EMA alcista | RSI 46 óptimo | Cruce MACD | BB zona baja | EMA semanal alcista | 🎯 Take Profit +26.0%
2026-09-09 19:40:24,BBAJIOO.MX,6,57.47,COMPRAR ★★,EMA alcista | MACD positivo | EMA semanal alcista
2026-09-09 19:40:24,DXCM,8,1416.58,COMPRAR ★★★,EMA alcista | RSI 30 rebote | Cruce MACD | Banda BB inferior | EMA semanal alcista
2026-09-09 19:40:24,EWY,6,3237.86,COMPRAR ★★,EMA alcista | MACD positivo | EMA semanal alcista
2026-09-09 19:40:24,ODFL,6,3077.77,COMPRAR ★★,Golden Cross | Cruce MACD | Banda BB inferior | EMA semanal alcista
2026-09-09 19:40:24,BOTZ,7,594.95,COMPRAR ★★,Golden Cross | RSI 40 rebote | Cruce MACD | BB zona baja | Rebote EMA50 | EMA semanal alcista
2026-09-09 19:40:24,CTVA,6,1441.01,COMPRAR ★★,EMA alcista | MACD positivo | EMA semanal alcista
2026-09-09 19:40:24,SOFI,9,294.22,COMPRAR ★★★,EMA alcista | RSI 44 rebote | Cruce MACD | Banda BB inferior | Rebote EMA50 | EMA semanal alcista
2026-09-09 19:40:24,JETS,7,474.2,COMPRAR ★★,Golden Cross | RSI 33 rebote | Cruce MACD | Banda BB inferior | EMA semanal alcista
2026-09-09 19:40:24,HUM,6,6778.64,COMPRAR ★★,EMA alcista | MACD positivo | EMA semanal alcista
2026-09-09 19:40:24,EWT,6,1891.6,COMPRAR ★★,EMA alcista | MACD positivo | EMA semanal alcista
2026-09-09 19:40:24,PLD,7,2288.26,COMPRAR ★★,Golden Cross | RSI 33 rebote | Cruce MACD | Banda BB inferior | EMA semanal alcista
2026-09-09 19:40:24,IAG.MC,8,95.15,COMPRAR ★★★,Golden Cross | RSI 43 rebote | Cruce MACD | Volumen alto | Banda BB inferior | EMA semanal alcista
2026-09-09 19:40:24,NUE,8,4362.67,COMPRAR ★★★,EMA alcista | RSI 60 óptimo | MACD positivo | EMA semanal alcista
2026-09-09 19:40:24,CE,5,755.09,OBSERVAR,Golden Cross | RSI 42 rebote | MACD positivo | BB zona baja
2026-09-09 19:40:24,NTRS,8,3122.91,COMPRAR ★★★,EMA alcista | RSI 51 óptimo | Cruce MACD | BB zona baja | EMA semanal alcista
2026-09-09 19:40:24,MTS.MC,6,1305.69,COMPRAR ★★,EMA alcista | MACD positivo | EMA semanal alcista
2026-09-09 19:40:24,ECL,9,4619.45,COMPRAR ★★★,EMA alcista | RSI 31 rebote | Cruce MACD | Banda BB inferior | Rebote EMA50 | EMA semanal alcista
2026-09-09 19:40:24,AEP,5,2107.89,OBSERVAR,Golden Cross | RSI 44 rebote | MACD positivo | Rebote EMA50
2026-09-09 19:40:24,VFC,3,219.16,EVITAR,Golden Cross | Banda BB inferior
2026-09-09 19:40:24,AAPL,9,5325.63,COMPRAR ★★★,EMA alcista | RSI 48 óptimo | MACD positivo | Volumen alto | EMA semanal alcista
2026-09-09 19:40:24,OKE,8,1621.89,COMPRAR ★★★,EMA alcista | RSI 50 óptimo | MACD positivo | EMA semanal alcista
2026-09-09 19:40:24,STZ,4,2052.44,OBSERVAR,Golden Cross | Cruce MACD | Banda BB inferior
2026-09-09 19:40:24,PHM,6,2003.84,COMPRAR ★★,Golden Cross | Cruce MACD | Banda BB inferior | EMA semanal alcista
2026-09-09 19:40:24,ROBO,7,1338.57,COMPRAR ★★,Golden Cross | RSI 38 rebote | Cruce MACD | BB zona baja | Rebote EMA50 | EMA semanal alcista
2026-09-09 19:40:24,FANG,7,3416.37,COMPRAR ★★,EMA alcista | RSI 39 rebote | Cruce MACD | Stoch 27 | EMA semanal alcista
2026-09-09 19:40:24,ORBIA.MX,7,20.5,COMPRAR ★★,Golden Cross | RSI 35 rebote | Cruce MACD | BB zona baja | Stoch 35 | EMA semanal alcista
2026-09-09 19:40:24,RIVN,8,270.72,COMPRAR ★★★,Golden Cross | RSI 53 óptimo | MACD positivo | Rebote EMA50 | EMA semanal alcista
2026-09-09 19:40:24,AKAM,9,1882.21,COMPRAR ★★★,Golden Cross | RSI 48 óptimo | MACD positivo | Cruce MACD | Volumen alto | EMA semanal alcista
2026-09-09 19:40:24,ANA.MC,7,4124.28,COMPRAR ★★,Golden Cross | RSI 50 óptimo | MACD positivo | EMA semanal alcista
2026-09-09 19:40:24,TRMB,5,979.35,OBSERVAR,EMA alcista | RSI 44 rebote | Cruce MACD | BB zona baja
2026-09-09 19:40:24,VALE,7,259.57,COMPRAR ★★,EMA alcista | MACD positivo | Volumen alto | EMA semanal alcista
2026-09-09 19:40:24,ABT,8,1782.31,COMPRAR ★★★,EMA alcista | Cruce MACD | Banda BB inferior | Rebote EMA50 | EMA semanal alcista
2026-09-09 19:40:24,CB,9,5716.54,COMPRAR ★★★,Golden Cross | RSI 47 óptimo | Cruce MACD | BB zona baja | Stoch 29 | Rebote EMA50 | EMA semanal alcista
2026-09-09 19:40:24,BAX,8,415.85,COMPRAR ★★★,EMA alcista | Cruce MACD | Banda BB inferior | Rebote EMA50 | EMA semanal alcista
2026-09-09 19:40:24,HRL,6,353.89,COMPRAR ★★,Golden Cross | Cruce MACD | Banda BB inferior | EMA semanal alcista
2026-09-09 19:40:24,BKR,7,1082.55,COMPRAR ★★,EMA alcista | RSI 47 óptimo | Cruce MACD | EMA semanal alcista
2026-09-09 19:40:24,UPST,6,439.43,COMPRAR ★★,Golden Cross | Cruce MACD | Banda BB inferior | EMA semanal alcista
2026-09-09 19:40:24,CBOE,9,4925.08,COMPRAR ★★★,EMA alcista | RSI 57 óptimo | Cruce MACD | BB zona baja | Rebote EMA50 | EMA semanal alcista
2026-09-09 19:40:24,CEMEXCPO.MX,7,18.5,COMPRAR ★★,Golden Cross | RSI 56 óptimo | MACD positivo | EMA semanal alcista
2026-09-09 19:40:24,XLF,9,966.42,COMPRAR ★★★,EMA alcista | RSI 47 óptimo | Cruce MACD | Banda BB inferior | EMA semanal alcista
2026-09-09 19:40:24,LULU,5,1700.66,OBSERVAR,Golden Cross | RSI 34 rebote | Cruce MACD | Banda BB inferior
2026-09-09 19:40:24,RJF,8,2968.4,COMPRAR ★★★,EMA alcista | RSI 47 óptimo | Cruce MACD | BB zona baja | EMA semanal alcista
2026-09-09 19:40:24,HOOD,6,1967.5,COMPRAR ★★,EMA alcista | MACD positivo | EMA semanal alcista
2026-09-09 19:40:24,HWM,7,3945.22,COMPRAR ★★,Golden Cross | Cruce MACD | Volumen alto | Banda BB inferior | EMA semanal alcista
2026-09-09 19:40:24,EXPE,8,4625.87,COMPRAR ★★★,EMA alcista | Cruce MACD | Volumen alto | Banda BB inferior | EMA semanal alcista
2026-09-09 19:40:24,RVTY,6,2103.41,COMPRAR ★★,EMA alcista | RSI 59 óptimo | EMA semanal alcista
2026-09-09 19:40:24,ELE.MC,8,821.71,COMPRAR ★★★,EMA alcista | RSI 57 óptimo | Cruce MACD | Volumen alto | EMA semanal alcista
2026-09-09 19:40:24,MHK,7,2177.19,COMPRAR ★★,EMA alcista | RSI 39 rebote | Cruce MACD | BB zona baja | EMA semanal alcista
2026-09-09 19:40:24,IP,5,592.25,OBSERVAR,Cruce MACD | Banda BB inferior | EMA semanal alcista
2026-09-09 19:40:24,AVB,6,1151.86,COMPRAR ★★,Golden Cross | RSI 52 óptimo | MACD positivo | Volumen alto
2026-09-09 19:40:24,MKTX,3,2763.44,EVITAR,EMA alcista | Cruce MACD
2026-09-09 19:40:24,STLD,8,4073.1,COMPRAR ★★★,Golden Cross | RSI 59 óptimo | MACD positivo | Rebote EMA50 | EMA semanal alcista
2026-09-09 19:40:24,MPWR,6,20357.22,COMPRAR ★★,Golden Cross | Cruce MACD | Banda BB inferior | EMA semanal alcista
2026-09-09 19:40:24,MET,7,1617.91,COMPRAR ★★,EMA alcista | RSI 52 óptimo | Cruce MACD | EMA semanal alcista
2026-09-09 19:40:24,USB,8,1052.93,COMPRAR ★★★,EMA alcista | RSI 46 óptimo | Cruce MACD | BB zona baja | EMA semanal alcista
2026-09-09 19:40:24,DUK,6,2034.94,COMPRAR ★★,Golden Cross | RSI 38 rebote | MACD positivo | BB zona baja | Rebote EMA50
2026-09-09 19:40:24,AMAT,8,7913.94,COMPRAR ★★★,Golden Cross | RSI 37 rebote | MACD positivo | Cruce MACD | BB zona baja | EMA semanal alcista
2026-09-09 19:40:24,DRI,8,3587.52,COMPRAR ★★★,EMA alcista | RSI 39 rebote | Cruce MACD | Banda BB inferior | EMA semanal alcista
2026-09-09 19:40:24,FSLR,7,3445.78,COMPRAR ★★,Golden Cross | RSI 35 rebote | MACD positivo | BB zona baja | EMA semanal alcista
2026-09-09 19:40:24,XLE,9,1105.04,COMPRAR ★★★,EMA alcista | RSI 62 óptimo | MACD positivo | Cruce MACD | EMA semanal alcista
2026-09-09 19:40:24,FAST,7,828.31,COMPRAR ★★,EMA alcista | RSI 36 rebote | Cruce MACD | BB zona baja | EMA semanal alcista
2026-09-09 19:40:24,FIS,5,646.51,OBSERVAR,Golden Cross | RSI 37 rebote | Cruce MACD | Banda BB inferior
2026-09-09 19:40:24,VRSN,7,4851.12,COMPRAR ★★,EMA alcista | RSI 64 óptimo | Cruce MACD | EMA semanal alcista
2026-09-09 19:40:24,MMM,7,2778.4,COMPRAR ★★,EMA alcista | Cruce MACD | Banda BB inferior | EMA semanal alcista
2026-09-09 19:40:24,APH,8,1370.01,COMPRAR ★★★,EMA alcista | RSI 59 óptimo | MACD positivo | EMA semanal alcista
2026-09-09 19:40:24,IQV,7,4346.27,COMPRAR ★★,EMA alcista | RSI 58 óptimo | Cruce MACD | EMA semanal alcista
2026-09-09 19:40:24,HERDEZ.MX,5,50.56,OBSERVAR,Golden Cross | RSI 54 óptimo | MACD positivo
2026-09-09 19:40:24,EBAY,8,1748.25,COMPRAR ★★★,Golden Cross | RSI 52 óptimo | MACD positivo | Volumen alto | EMA semanal alcista
2026-09-09 19:40:24,CCJ,5,1707.42,OBSERVAR,EMA alcista | RSI 55 óptimo | Cruce MACD
2026-09-09 19:40:24,KR,5,957.38,OBSERVAR,Golden Cross | RSI 52 óptimo | BB zona baja | Rebote EMA50
2026-09-09 19:40:24,CDW,8,2427.21,COMPRAR ★★★,EMA alcista | RSI 57 óptimo | MACD positivo | EMA semanal alcista
2026-09-09 19:40:24,AMD,5,8787.13,OBSERVAR,Golden Cross | MACD positivo | EMA semanal alcista
2026-09-09 19:40:24,OMAB.MX,5,210.16,OBSERVAR,Golden Cross | RSI 41 rebote | Cruce MACD | BB zona baja | Stoch 20
2026-09-09 19:40:24,LIN,7,7878.52,COMPRAR ★★,Golden Cross | RSI 36 rebote | Cruce MACD | Banda BB inferior | EMA semanal alcista
2026-09-09 19:40:24,AWK,6,2380.13,COMPRAR ★★,EMA alcista | RSI 56 óptimo | MACD positivo
2026-09-09 19:40:24,INFY,3,184.0,EVITAR,Cruce MACD | Banda BB inferior
2026-09-09 19:40:24,FMC,4,208.01,OBSERVAR,EMA alcista | MACD positivo
2026-09-09 19:40:24,EXPD,8,3177.17,COMPRAR ★★★,EMA alcista | RSI 54 óptimo | Cruce MACD | Stoch 46 | EMA semanal alcista
2026-09-09 19:40:24,JNJ,7,4531.04,COMPRAR ★★,EMA alcista | RSI 46 óptimo | Cruce MACD | EMA semanal alcista
2026-09-09 19:40:24,FICO,6,16432.96,COMPRAR ★★,Golden Cross | Cruce MACD | Volumen alto | Banda BB inferior | Stoch 29
2026-09-09 19:40:24,RCL,6,4386.51,COMPRAR ★★,Golden Cross | Cruce MACD | Banda BB inferior | EMA semanal alcista
2026-09-09 19:40:24,PNW,5,1643.44,OBSERVAR,Golden Cross | RSI 35 rebote | MACD positivo | BB zona baja
2026-09-09 19:40:24,BALL,9,1019.84,COMPRAR ★★★,EMA alcista | RSI 36 rebote | Cruce MACD | Banda BB inferior | Rebote EMA50 | EMA semanal alcista
2026-09-09 19:40:24,TGT,8,2681.03,COMPRAR ★★★,EMA alcista | RSI 49 óptimo | Cruce MACD | BB zona baja | EMA semanal alcista
2026-09-09 19:40:24,NVR,7,104501.96,COMPRAR ★★,Golden Cross | RSI 37 rebote | Cruce MACD | Banda BB inferior | Stoch 23 | Rebote EMA50
2026-09-09 19:40:24,STE,7,3645.76,COMPRAR ★★,EMA alcista | Cruce MACD | Banda BB inferior | EMA semanal alcista
2026-09-09 19:40:24,ROL,6,582.61,COMPRAR ★★,Golden Cross | RSI 35 rebote | MACD positivo | Banda BB inferior
2026-09-09 19:40:24,CSCO,8,1846.88,COMPRAR ★★★,Golden Cross | RSI 44 rebote | Cruce MACD | BB zona baja | Stoch 31 | Rebote EMA50 | EMA semanal alcista
2026-09-09 19:40:24,MU,8,17382.4,COMPRAR ★★★,EMA alcista | RSI 65 óptimo | MACD positivo | EMA semanal alcista
2026-09-09 19:40:24,IBE.MC,9,391.69,COMPRAR ★★★,Golden Cross | RSI 46 óptimo | Cruce MACD | BB zona baja | Stoch 46 | Rebote EMA50 | EMA semanal alcista
2026-09-09 19:40:24,FXI,7,586.07,COMPRAR ★★,EMA alcista | RSI 35 rebote | Cruce MACD | Banda BB inferior | Rebote EMA50
2026-09-09 19:40:24,KIM,9,397.0,COMPRAR ★★★,Golden Cross | RSI 37 rebote | MACD positivo | Banda BB inferior | Rebote EMA50 | EMA semanal alcista
2026-09-09 19:40:24,TPR,4,1931.15,OBSERVAR,Golden Cross | Cruce MACD | Banda BB inferior
2026-09-09 19:40:24,ZM,8,1635.24,COMPRAR ★★★,EMA alcista | RSI 36 rebote | Cruce MACD | BB zona baja | Rebote EMA50 | EMA semanal alcista
2026-09-09 19:40:24,HAS,7,1511.59,COMPRAR ★★,EMA alcista | RSI 33 rebote | Cruce MACD | Banda BB inferior | Rebote EMA50
2026-09-09 19:40:24,MNST,6,719.79,COMPRAR ★★,Golden Cross | Cruce MACD | Banda BB inferior | EMA semanal alcista
2026-09-09 19:40:24,VOLARA.MX,8,11.42,COMPRAR ★★★,Golden Cross | RSI 36 rebote | MACD positivo | BB zona baja | Stoch 39 | EMA semanal alcista
2026-09-09 19:40:24,EWU,8,809.63,COMPRAR ★★★,EMA alcista | RSI 40 rebote | Cruce MACD | Banda BB inferior | EMA semanal alcista
2026-09-09 19:40:24,BMY,8,1087.63,COMPRAR ★★★,EMA alcista | RSI 35 rebote | Cruce MACD | Banda BB inferior | EMA semanal alcista
2026-09-09 19:40:24,ROP,8,6630.14,COMPRAR ★★★,EMA alcista | RSI 39 rebote | Cruce MACD | Banda BB inferior | EMA semanal alcista
2026-09-09 19:40:24,GCC.MX,7,187.5,COMPRAR ★★,Golden Cross | RSI 43 rebote | Cruce MACD | Banda BB inferior | EMA semanal alcista
2026-09-09 19:40:24,MSI,6,7801.35,COMPRAR ★★,EMA alcista | RSI 33 rebote | Cruce MACD | Banda BB inferior
2026-09-09 19:40:24,TEF.MC,7,70.24,COMPRAR ★★,RSI 36 rebote | Cruce MACD | Banda BB inferior | Rebote EMA50 | EMA semanal alcista
2026-09-09 19:40:24,BDX,8,3038.3,COMPRAR ★★★,EMA alcista | RSI 33 rebote | Cruce MACD | Banda BB inferior | EMA semanal alcista
2026-09-09 19:40:24,CLX,3,1516.57,EVITAR,Cruce MACD | Banda BB inferior
2026-09-09 19:40:24,MRVL,7,3963.14,VENDER,EMA alcista | RSI 49 óptimo | Cruce MACD | EMA semanal alcista | 🛑 Stop Loss -26.6%
2026-09-09 19:40:24,LW,7,811.07,COMPRAR ★★,EMA alcista | Cruce MACD | Banda BB inferior | EMA semanal alcista
2026-09-09 19:40:24,VMC,6,4227.78,COMPRAR ★★,Golden Cross | Cruce MACD | Banda BB inferior | EMA semanal alcista
2026-09-09 19:40:24,CRM,6,4132.27,COMPRAR ★★,EMA alcista | MACD positivo | EMA semanal alcista
2026-09-09 19:40:24,INTU,5,5306.78,OBSERVAR,EMA alcista | Cruce MACD | Banda BB inferior
2026-09-09 19:40:24,DANHOS13.MX,6,29.35,COMPRAR ★★,EMA alcista | MACD positivo | EMA semanal alcista
2026-09-09 19:40:24,HCA,6,7199.9,COMPRAR ★★,EMA alcista | RSI 61 óptimo | Cruce MACD | Volumen alto
2026-09-09 19:40:24,EWG,9,727.82,COMPRAR ★★★,EMA alcista | RSI 37 rebote | Cruce MACD | Banda BB inferior | Rebote EMA50 | EMA semanal alcista
2026-09-09 19:40:24,AXP,6,5446.66,COMPRAR ★★,Golden Cross | Cruce MACD | Banda BB inferior | EMA semanal alcista
2026-09-09 19:40:24,LDOS,6,2177.03,COMPRAR ★★,EMA alcista | Cruce MACD | Banda BB inferior | Rebote EMA50
2026-09-09 19:40:24,CBRE,7,2367.11,COMPRAR ★★,EMA alcista | Cruce MACD | Banda BB inferior | EMA semanal alcista
2026-09-09 19:40:24,INTC,5,1790.09,OBSERVAR,Golden Cross | MACD positivo | EMA semanal alcista
2026-09-09 19:40:24,NRG,4,1939.6,OBSERVAR,Golden Cross | RSI 42 rebote | MACD positivo
2026-09-09 19:40:24,KLAC,6,3082.68,COMPRAR ★★,Golden Cross | RSI 45 rebote | MACD positivo | EMA semanal alcista
2026-09-09 19:40:24,ITX.MC,8,1070.98,COMPRAR ★★★,EMA alcista | Cruce MACD | Volumen alto | Banda BB inferior | EMA semanal alcista
2026-09-09 19:40:24,CMG,6,614.39,COMPRAR ★★,EMA alcista | RSI 60 óptimo | EMA semanal alcista
2026-09-09 19:40:24,DBC,6,554.97,COMPRAR ★★,EMA alcista | MACD positivo | EMA semanal alcista
2026-09-09 19:40:24,ASURB.MX,6,429.47,COMPRAR ★★,Golden Cross | RSI 39 rebote | MACD positivo | Banda BB inferior
2026-09-09 19:40:24,CHTR,6,2265.18,COMPRAR ★★,EMA alcista | RSI 37 rebote | Cruce MACD | Banda BB inferior
2026-09-09 19:40:24,SLB,8,967.01,COMPRAR ★★★,EMA alcista | RSI 65 óptimo | MACD positivo | EMA semanal alcista
2026-09-09 19:40:24,EEM,6,1160.31,COMPRAR ★★,EMA alcista | MACD positivo | EMA semanal alcista
2026-09-09 19:40:24,EQIX,9,17667.06,COMPRAR ★★★,EMA alcista | RSI 40 rebote | Cruce MACD | BB zona baja | Stoch 44 | Rebote EMA50 | EMA semanal alcista
2026-09-09 19:40:24,AON,7,5160.05,COMPRAR ★★,Golden Cross | Cruce MACD | Volumen alto | Banda BB inferior | EMA semanal alcista
2026-09-09 19:40:24,EXC,7,739.9,COMPRAR ★★,Golden Cross | RSI 38 rebote | MACD positivo | BB zona baja | Stoch 43 | Rebote EMA50
2026-09-09 19:40:24,COST,5,15248.9,OBSERVAR,Golden Cross | RSI 32 rebote | Cruce MACD | Banda BB inferior
2026-09-09 19:40:24,HDB,4,373.42,OBSERVAR,Golden Cross | RSI 38 rebote | Banda BB inferior
2026-09-09 19:40:24,CME,5,4647.68,OBSERVAR,EMA alcista | RSI 59 óptimo | Cruce MACD
2026-09-09 19:40:24,F,9,230.07,COMPRAR ★★★,EMA alcista | RSI 37 rebote | Volumen alto | Banda BB inferior | Rebote EMA50 | EMA semanal alcista
2026-09-09 19:40:24,HPE,9,975.72,COMPRAR ★★★,EMA alcista | RSI 61 óptimo | MACD positivo | Cruce MACD | EMA semanal alcista
2026-09-09 19:40:24,LEN,5,1365.28,OBSERVAR,Golden Cross | RSI 32 rebote | Cruce MACD | Banda BB inferior
2026-09-09 19:40:24,BWA,8,1108.67,COMPRAR ★★★,EMA alcista | RSI 49 óptimo | MACD positivo | EMA semanal alcista
2026-09-09 19:40:24,XYL,4,1817.55,OBSERVAR,Golden Cross | Cruce MACD | Volumen alto | BB zona baja
2026-09-09 19:40:24,SYF,7,1313.97,COMPRAR ★★,EMA alcista | RSI 44 rebote | Cruce MACD | BB zona baja | EMA semanal alcista
2026-09-09 19:40:24,GOOG,7,5543.61,COMPRAR ★★,Golden Cross | RSI 37 rebote | Cruce MACD | Banda BB inferior | EMA semanal alcista
2026-09-09 19:40:24,XLU,6,727.06,COMPRAR ★★,Golden Cross | RSI 40 rebote | MACD positivo | BB zona baja | Rebote EMA50
2026-09-09 19:40:24,NEMAKA.MX,3,3.07,EVITAR,Golden Cross | MACD positivo
2026-09-09 19:40:24,UNG,6,170.54,COMPRAR ★★,Golden Cross | RSI 52 óptimo | MACD positivo | BB zona baja
2026-09-09 19:40:24,MSCI,7,9393.93,COMPRAR ★★,Golden Cross | RSI 44 rebote | Banda BB inferior | Rebote EMA50 | EMA semanal alcista
2026-09-09 19:40:24,TCEHY,5,925.17,OBSERVAR,Golden Cross | RSI 34 rebote | Cruce MACD | Banda BB inferior
2026-09-09 19:40:24,OKLO,5,727.31,OBSERVAR,Golden Cross | RSI 50 óptimo | MACD positivo
2026-09-09 19:40:24,PEP,6,2317.08,COMPRAR ★★,Golden Cross | RSI 37 rebote | Cruce MACD | Banda BB inferior | Rebote EMA50
2026-09-09 19:40:24,ARKK,7,1432.39,COMPRAR ★★,EMA alcista | RSI 53 óptimo | Cruce MACD | EMA semanal alcista
2026-09-09 19:40:24,NI,5,703.47,OBSERVAR,Golden Cross | RSI 50 óptimo | MACD positivo
2026-09-09 19:40:24,SRE,6,1439.24,COMPRAR ★★,Golden Cross | RSI 49 óptimo | MACD positivo | Rebote EMA50
2026-09-09 19:40:24,MO,8,1147.8,COMPRAR ★★★,Golden Cross | RSI 59 óptimo | MACD positivo | Rebote EMA50 | EMA semanal alcista
2026-09-09 19:40:24,APP,6,5153.37,COMPRAR ★★,Golden Cross | RSI 46 óptimo | MACD positivo | BB zona baja
2026-09-09 19:40:24,BAC,7,1062.35,COMPRAR ★★,EMA alcista | RSI 50 óptimo | Cruce MACD | EMA semanal alcista
2026-09-09 19:40:24,NOW,7,2226.13,COMPRAR ★★,EMA alcista | RSI 54 óptimo | Cruce MACD | EMA semanal alcista
2026-09-09 19:40:24,ON,7,1204.77,COMPRAR ★★,Golden Cross | RSI 36 rebote | MACD positivo | BB zona baja | EMA semanal alcista
2026-09-09 19:40:24,HPQ,8,552.6,COMPRAR ★★★,EMA alcista | RSI 62 óptimo | MACD positivo | EMA semanal alcista
2026-09-09 19:40:24,WMT,5,1791.78,OBSERVAR,Golden Cross | RSI 34 rebote | MACD positivo | BB zona baja
2026-09-09 19:40:24,SAN.MC,7,249.58,COMPRAR ★★,EMA alcista | RSI 63 óptimo | Volumen alto | EMA semanal alcista
2026-09-09 19:40:24,BBWI,6,302.42,COMPRAR ★★,Golden Cross | RSI 39 rebote | Banda BB inferior | EMA semanal alcista
2026-09-09 19:40:24,HD,6,5259.62,COMPRAR ★★,Golden Cross | Cruce MACD | Banda BB inferior | EMA semanal alcista
2026-09-09 19:40:24,CF,4,2321.98,OBSERVAR,EMA alcista | MACD positivo
2026-09-11 16:43:01,RXRX,5,54.23,OBSERVAR,EMA alcista | RSI 41 rebote | Cruce MACD | BB zona baja
2026-09-11 16:43:01,EXPD,7,3254.42,COMPRAR ★★,EMA alcista | RSI 60 óptimo | Cruce MACD | EMA semanal alcista
2026-09-11 16:43:01,JCI,7,2474.75,COMPRAR ★★,Golden Cross | RSI 56 óptimo | MACD positivo | EMA semanal alcista
2026-09-11 16:43:01,OMAB.MX,5,207.51,OBSERVAR,Golden Cross | RSI 32 rebote | Cruce MACD | Banda BB inferior
2026-09-11 16:43:01,GILD,5,2443.45,OBSERVAR,EMA alcista | RSI 45 rebote | Cruce MACD | BB zona baja
2026-09-11 16:43:01,VRTX,7,8737.14,COMPRAR ★★,EMA alcista | Cruce MACD | Banda BB inferior | EMA semanal alcista
2026-09-11 16:43:01,PBR,6,360.14,COMPRAR ★★,EMA alcista | MACD positivo | EMA semanal alcista
2026-09-11 16:43:01,HOOD,8,1915.5,COMPRAR ★★★,EMA alcista | RSI 54 óptimo | MACD positivo | EMA semanal alcista
2026-09-11 16:43:01,MCD,4,4292.2,OBSERVAR,Golden Cross | Cruce MACD | Banda BB inferior
2026-09-11 16:43:01,ANET,7,3364.71,COMPRAR ★★,EMA alcista | RSI 59 óptimo | Cruce MACD | EMA semanal alcista
2026-09-11 16:43:01,MPWR,7,20822.63,COMPRAR ★★,Golden Cross | RSI 33 rebote | Cruce MACD | BB zona baja | Stoch 33 | EMA semanal alcista
2026-09-11 16:43:01,UPS,7,1700.94,COMPRAR ★★,Golden Cross | RSI 43 rebote | Cruce MACD | Banda BB inferior | EMA semanal alcista
2026-09-11 16:43:01,FER.MC,4,950.19,OBSERVAR,Golden Cross | Cruce MACD | Banda BB inferior
2026-09-11 16:43:01,WMT,5,1808.17,OBSERVAR,Golden Cross | RSI 59 óptimo | MACD positivo
2026-09-11 16:43:01,EWQ,6,762.87,COMPRAR ★★,Cruce MACD | Banda BB inferior | Rebote EMA50 | EMA semanal alcista
2026-09-11 16:43:01,MMM,7,2787.3,COMPRAR ★★,EMA alcista | Cruce MACD | Banda BB inferior | EMA semanal alcista
2026-09-11 16:43:01,OKLO,5,628.66,OBSERVAR,Golden Cross | RSI 40 rebote | Volumen alto | Banda BB inferior
2026-09-11 16:43:01,PHM,6,2002.37,COMPRAR ★★,Golden Cross | Cruce MACD | Banda BB inferior | EMA semanal alcista
2026-09-11 16:43:01,MS,7,3636.28,COMPRAR ★★,EMA alcista | RSI 50 óptimo | Cruce MACD | EMA semanal alcista
2026-09-11 16:43:01,LHX,4,4154.78,OBSERVAR,Golden Cross | Cruce MACD | Banda BB inferior
2026-09-11 16:43:01,GMEXICOB.MX,7,218.8,COMPRAR ★★,EMA alcista | RSI 30 rebote | Cruce MACD | BB zona baja | EMA semanal alcista
2026-09-11 16:43:01,XLV,8,2811.23,COMPRAR ★★★,EMA alcista | Cruce MACD | Banda BB inferior | Rebote EMA50 | EMA semanal alcista
2026-09-11 16:43:01,CSX,8,830.66,COMPRAR ★★★,EMA alcista | Cruce MACD | BB zona baja | Stoch 27 | Rebote EMA50 | EMA semanal alcista
2026-09-11 16:43:01,CBOE,8,4793.74,COMPRAR ★★★,EMA alcista | RSI 37 rebote | Cruce MACD | Banda BB inferior | EMA semanal alcista
2026-09-11 16:43:01,GCC.MX,6,183.25,COMPRAR ★★,Golden Cross | Cruce MACD | Banda BB inferior | EMA semanal alcista
2026-09-11 16:43:01,C,6,2353.26,COMPRAR ★★,EMA alcista | MACD positivo | EMA semanal alcista
2026-09-11 16:43:01,AJG,9,4116.73,COMPRAR ★★★,EMA alcista | RSI 33 rebote | Cruce MACD | Banda BB inferior | Rebote EMA50 | EMA semanal alcista
2026-09-11 16:43:01,ACS.MC,8,1934.44,COMPRAR ★★★,Golden Cross | RSI 35 rebote | Cruce MACD | Volumen alto | Banda BB inferior | EMA semanal alcista
2026-09-11 16:43:01,FANG,6,3467.88,COMPRAR ★★,EMA alcista | RSI 40 rebote | Cruce MACD | EMA semanal alcista
2026-09-11 16:43:01,ACHC,10,488.84,COMPRAR ★★★,Golden Cross | RSI 55 óptimo | MACD positivo | Cruce MACD | Stoch 33 | Rebote EMA50 | EMA semanal alcista
2026-09-11 16:43:01,FTV,6,930.26,COMPRAR ★★,Golden Cross | Cruce MACD | Banda BB inferior | EMA semanal alcista
2026-09-11 16:43:01,NTAP,7,3305.24,COMPRAR ★★,EMA alcista | RSI 52 óptimo | Cruce MACD | EMA semanal alcista
2026-09-11 16:43:01,RIVN,7,275.3,COMPRAR ★★,Golden Cross | RSI 41 rebote | MACD positivo | Stoch 48 | EMA semanal alcista
2026-09-11 16:43:01,KO,7,1499.87,COMPRAR ★★,EMA alcista | RSI 36 rebote | Cruce MACD | BB zona baja | EMA semanal alcista
2026-09-11 16:43:01,COP,7,2318.48,COMPRAR ★★,EMA alcista | RSI 55 óptimo | Cruce MACD | EMA semanal alcista
2026-09-11 16:43:01,MDB,8,6262.65,COMPRAR ★★★,EMA alcista | RSI 36 rebote | Cruce MACD | BB zona baja | Rebote EMA50 | EMA semanal alcista
2026-09-11 16:43:01,VTI,9,6392.45,COMPRAR ★★★,EMA alcista | RSI 47 óptimo | Cruce MACD | BB zona baja | Stoch 42 | EMA semanal alcista
2026-09-11 16:43:01,ZTS,4,1234.15,OBSERVAR,Golden Cross | Cruce MACD | Banda BB inferior
2026-09-11 16:43:01,ABBV,6,4370.06,COMPRAR ★★,EMA alcista | RSI 41 rebote | Cruce MACD | EMA semanal alcista
2026-09-11 16:43:01,FSLR,7,3559.34,COMPRAR ★★,Golden Cross | RSI 46 óptimo | MACD positivo | EMA semanal alcista
2026-09-11 16:43:01,SMCI,7,661.32,COMPRAR ★★,EMA alcista | RSI 55 óptimo | Cruce MACD | EMA semanal alcista
2026-09-11 16:43:01,AES,8,251.29,COMPRAR ★★★,EMA alcista | RSI 58 óptimo | MACD positivo | EMA semanal alcista
2026-09-11 16:43:01,WYNN,4,1498.77,OBSERVAR,Golden Cross | Cruce MACD | Banda BB inferior
2026-09-11 16:43:01,KHC,8,415.54,COMPRAR ★★★,EMA alcista | RSI 42 rebote | Cruce MACD | BB zona baja | Rebote EMA50 | EMA semanal alcista
2026-09-11 16:43:01,SNA,6,6405.43,COMPRAR ★★,Golden Cross | Cruce MACD | Banda BB inferior | EMA semanal alcista
2026-09-11 16:43:01,HON,5,3440.9,OBSERVAR,Golden Cross | RSI 30 rebote | Cruce MACD | Banda BB inferior
2026-09-11 16:43:01,ZION,8,1162.46,COMPRAR ★★★,EMA alcista | RSI 52 óptimo | MACD positivo | EMA semanal alcista
2026-09-11 16:43:01,SMSNN.MX,8,85000.0,COMPRAR ★★★,EMA alcista | RSI 61 óptimo | MACD positivo | EMA semanal alcista
2026-09-11 16:43:01,AMCR,7,723.34,COMPRAR ★★,EMA alcista | Cruce MACD | Banda BB inferior | EMA semanal alcista
2026-09-11 16:43:01,GLD,5,6787.29,OBSERVAR,EMA alcista | RSI 35 rebote | Cruce MACD | BB zona baja
2026-09-11 16:43:01,GD,6,6033.66,COMPRAR ★★,Golden Cross | Cruce MACD | Banda BB inferior | EMA semanal alcista
2026-09-11 16:43:01,FMC,7,192.65,COMPRAR ★★,EMA alcista | RSI 53 óptimo | MACD positivo | Rebote EMA50
2026-09-11 16:43:01,GOLD,6,824.47,COMPRAR ★★,EMA alcista | RSI 55 óptimo | MACD positivo
2026-09-11 16:43:01,WDAY,8,3144.64,COMPRAR ★★★,EMA alcista | RSI 38 rebote | Cruce MACD | Banda BB inferior | EMA semanal alcista
2026-09-11 16:43:01,NU,7,247.05,COMPRAR ★★,EMA alcista | RSI 50 óptimo | BB zona baja | EMA semanal alcista
2026-09-11 16:43:01,RCL,5,4449.47,OBSERVAR,Golden Cross | Cruce MACD | BB zona baja | EMA semanal alcista
2026-09-11 16:43:01,APD,9,4961.22,COMPRAR ★★★,EMA alcista | RSI 33 rebote | Cruce MACD | Banda BB inferior | Rebote EMA50 | EMA semanal alcista
2026-09-11 16:43:01,NEE,7,1406.8,COMPRAR ★★,Golden Cross | RSI 49 óptimo | MACD positivo | BB zona baja | Rebote EMA50
2026-09-11 16:43:01,JNJ,8,4512.67,COMPRAR ★★★,EMA alcista | RSI 46 óptimo | Cruce MACD | BB zona baja | EMA semanal alcista
2026-09-11 16:43:01,EWA,10,497.49,COMPRAR ★★★,EMA alcista | RSI 38 rebote | Cruce MACD | Banda BB inferior | Stoch 22 | Rebote EMA50 | EMA semanal alcista
2026-09-11 16:43:01,LUV,8,669.72,COMPRAR ★★★,Golden Cross | RSI 45 óptimo | MACD positivo | Stoch 49 | EMA semanal alcista
2026-09-11 16:43:01,TJX,4,2132.09,OBSERVAR,Golden Cross | Cruce MACD | Banda BB inferior
2026-09-11 16:43:01,XLRE,9,737.59,COMPRAR ★★★,Golden Cross | RSI 30 rebote | Cruce MACD | Banda BB inferior | Stoch 21 | Rebote EMA50 | EMA semanal alcista
2026-09-11 16:43:01,INVH,6,469.16,COMPRAR ★★,Golden Cross | Cruce MACD | Banda BB inferior | EMA semanal alcista
2026-09-11 16:43:01,PWR,8,10982.75,COMPRAR ★★★,Golden Cross | RSI 52 óptimo | MACD positivo | Rebote EMA50 | EMA semanal alcista
2026-09-11 16:43:01,IWM,9,4914.21,COMPRAR ★★★,EMA alcista | RSI 32 rebote | Cruce MACD | Banda BB inferior | Rebote EMA50 | EMA semanal alcista
2026-09-11 16:43:01,AAL,9,223.29,COMPRAR ★★★,Golden Cross | RSI 37 rebote | MACD positivo | Cruce MACD | BB zona baja | Stoch 35 | EMA semanal alcista
2026-09-11 16:43:01,ICE,6,2675.48,COMPRAR ★★,EMA alcista | RSI 43 rebote | Cruce MACD | BB zona baja | Stoch 28
2026-09-11 16:43:01,CEMEXCPO.MX,7,18.25,COMPRAR ★★,Golden Cross | RSI 38 rebote | MACD positivo | BB zona baja | EMA semanal alcista
2026-09-11 16:43:01,WHR,5,604.9,OBSERVAR,Golden Cross | RSI 31 rebote | Cruce MACD | Banda BB inferior
2026-09-11 16:43:01,ZBRA,8,5966.22,COMPRAR ★★★,EMA alcista | RSI 38 rebote | Cruce MACD | BB zona baja | Stoch 47 | EMA semanal alcista
2026-09-11 16:43:01,ARKW,8,2651.73,COMPRAR ★★★,EMA alcista | RSI 51 óptimo | Cruce MACD | Stoch 49 | EMA semanal alcista
2026-09-11 16:43:01,LYV,7,2906.92,COMPRAR ★★,Golden Cross | RSI 32 rebote | Cruce MACD | Banda BB inferior | EMA semanal alcista
2026-09-11 16:43:01,TRV,7,6320.97,COMPRAR ★★,EMA alcista | RSI 61 óptimo | Cruce MACD | EMA semanal alcista
2026-09-11 16:43:01,TER,7,6481.36,COMPRAR ★★,Golden Cross | RSI 52 óptimo | MACD positivo | EMA semanal alcista
2026-09-11 16:43:01,XLI,7,2927.12,COMPRAR ★★,Golden Cross | RSI 31 rebote | Cruce MACD | BB zona baja | Stoch 23 | EMA semanal alcista
2026-09-11 16:43:01,DUOL,8,2458.04,COMPRAR ★★★,EMA alcista | RSI 49 óptimo | Cruce MACD | Stoch 25 | EMA semanal alcista
2026-09-11 16:43:01,JBHT,7,4563.96,COMPRAR ★★,Golden Cross | RSI 45 rebote | MACD positivo | Rebote EMA50 | EMA semanal alcista
2026-09-11 16:43:01,AON,6,5194.35,COMPRAR ★★,Golden Cross | Cruce MACD | Banda BB inferior | EMA semanal alcista
2026-09-11 16:43:01,VRSN,7,4935.85,COMPRAR ★★,EMA alcista | RSI 60 óptimo | Cruce MACD | EMA semanal alcista
2026-09-11 16:43:01,FIBRAHD15.MX,7,2.19,COMPRAR ★★,Golden Cross | RSI 50 óptimo | MACD positivo | Stoch 35 | Rebote EMA50
2026-09-11 16:43:01,MSI,6,7954.84,COMPRAR ★★,EMA alcista | RSI 39 rebote | Cruce MACD | BB zona baja | Stoch 28
2026-09-11 16:43:01,CAT,8,13952.96,COMPRAR ★★★,Golden Cross | RSI 48 óptimo | MACD positivo | Rebote EMA50 | EMA semanal alcista
2026-09-11 16:43:01,HSY,5,2954.43,OBSERVAR,Golden Cross | Cruce MACD | BB zona baja | Stoch 21 | Rebote EMA50
2026-09-11 16:43:01,EIX,4,959.02,OBSERVAR,Golden Cross | RSI 31 rebote | Cruce MACD | BB zona baja
2026-09-11 16:43:01,PDD,4,1323.66,OBSERVAR,Golden Cross | Cruce MACD | Banda BB inferior
2026-09-11 16:43:01,TROW,6,1815.38,COMPRAR ★★,Golden Cross | Cruce MACD | Banda BB inferior | EMA semanal alcista
2026-09-11 16:43:01,KIM,9,395.77,COMPRAR ★★★,Golden Cross | RSI 40 rebote | MACD positivo | Volumen alto | Banda BB inferior | EMA semanal alcista
2026-09-11 16:43:01,HRL,6,348.09,COMPRAR ★★,Golden Cross | Cruce MACD | Banda BB inferior | EMA semanal alcista
2026-09-11 16:43:01,NOW,8,2239.93,COMPRAR ★★★,EMA alcista | RSI 53 óptimo | Cruce MACD | Stoch 37 | EMA semanal alcista
2026-09-11 16:43:01,CLNX.MC,7,505.42,COMPRAR ★★,Golden Cross | RSI 46 óptimo | Cruce MACD | BB zona baja | Stoch 33 | Rebote EMA50
2026-09-11 16:43:01,GE,7,5508.94,COMPRAR ★★,Golden Cross | RSI 32 rebote | Cruce MACD | Banda BB inferior | EMA semanal alcista
2026-09-11 16:43:01,CNC,7,1111.05,COMPRAR ★★,EMA alcista | RSI 52 óptimo | Cruce MACD | EMA semanal alcista
2026-09-11 16:43:01,TDY,6,10265.18,COMPRAR ★★,Golden Cross | Cruce MACD | BB zona baja | Stoch 30 | EMA semanal alcista
2026-09-11 16:43:01,PSX,6,4449.47,COMPRAR ★★,EMA alcista | MACD positivo | EMA semanal alcista
2026-09-11 16:43:01,ITX.MC,8,1063.6,COMPRAR ★★★,EMA alcista | Cruce MACD | Volumen alto | Banda BB inferior | EMA semanal alcista
2026-09-11 16:43:01,RF,9,509.12,COMPRAR ★★★,EMA alcista | RSI 48 óptimo | Cruce MACD | BB zona baja | Rebote EMA50 | EMA semanal alcista
2026-09-11 16:43:01,WFC,6,1529.99,COMPRAR ★★,EMA alcista | MACD positivo | EMA semanal alcista
2026-09-11 16:43:01,USO,6,2614.33,COMPRAR ★★,EMA alcista | MACD positivo | EMA semanal alcista
2026-09-11 16:43:01,DHR,8,3411.04,COMPRAR ★★★,EMA alcista | Cruce MACD | Banda BB inferior | Rebote EMA50 | EMA semanal alcista
2026-09-11 16:43:01,BBY,8,1535.76,COMPRAR ★★★,EMA alcista | RSI 58 óptimo | MACD positivo | EMA semanal alcista
2026-09-11 16:43:01,O,4,1009.84,OBSERVAR,Golden Cross | Cruce MACD | Banda BB inferior
2026-09-11 16:43:01,REP.MC,6,569.4,COMPRAR ★★,EMA alcista | MACD positivo | EMA semanal alcista
2026-09-11 16:43:01,APP,5,5448.61,OBSERVAR,Golden Cross | RSI 59 óptimo | MACD positivo
2026-09-11 16:43:01,MAA,7,2131.16,COMPRAR ★★,Golden Cross | RSI 30 rebote | Cruce MACD | Banda BB inferior | EMA semanal alcista
2026-09-11 16:43:01,HAS,7,1563.75,COMPRAR ★★,EMA alcista | RSI 45 óptimo | Cruce MACD | BB zona baja | Stoch 42
2026-09-11 16:43:01,OMC,7,1342.15,COMPRAR ★★,EMA alcista | Cruce MACD | Banda BB inferior | EMA semanal alcista
2026-09-11 16:43:01,CDW,7,2556.88,COMPRAR ★★,EMA alcista | RSI 63 óptimo | Cruce MACD | EMA semanal alcista
2026-09-11 16:43:01,AEE,8,1786.03,COMPRAR ★★★,Golden Cross | RSI 49 óptimo | MACD positivo | BB zona baja | Stoch 36 | Rebote EMA50
2026-09-11 16:43:01,SHW,7,5505.97,COMPRAR ★★,Golden Cross | Cruce MACD | Banda BB inferior | Stoch 23 | EMA semanal alcista
2026-09-11 16:43:01,MDT,8,1535.76,COMPRAR ★★★,EMA alcista | RSI 40 rebote | Cruce MACD | Banda BB inferior | EMA semanal alcista
2026-09-11 16:43:01,FE,7,781.96,COMPRAR ★★,Golden Cross | RSI 52 óptimo | MACD positivo | BB zona baja | Rebote EMA50
2026-09-11 16:43:01,EWZ,6,649.78,COMPRAR ★★,EMA alcista | MACD positivo | EMA semanal alcista
2026-09-11 16:43:01,VIS.MC,7,1063.2,COMPRAR ★★,Golden Cross | Cruce MACD | Volumen alto | Banda BB inferior | EMA semanal alcista
2026-09-11 16:43:01,ZM,8,1622.8,COMPRAR ★★★,EMA alcista | RSI 34 rebote | Cruce MACD | BB zona baja | Rebote EMA50 | EMA semanal alcista
2026-09-11 16:43:01,ODFL,6,3054.88,COMPRAR ★★,Golden Cross | Cruce MACD | Banda BB inferior | EMA semanal alcista
2026-09-11 16:43:01,TPR,5,1985.15,OBSERVAR,Golden Cross | Cruce MACD | Banda BB inferior | Stoch 24
2026-09-11 16:43:01,ZBH,7,1565.62,COMPRAR ★★,EMA alcista | Cruce MACD | Banda BB inferior | EMA semanal alcista
2026-09-11 16:43:01,CPB,7,359.93,COMPRAR ★★,EMA alcista | Cruce MACD | Banda BB inferior | EMA semanal alcista
2026-09-11 16:43:01,APH,8,1420.54,COMPRAR ★★★,EMA alcista | RSI 64 óptimo | MACD positivo | EMA semanal alcista
2026-09-11 16:43:01,TXN,8,4607.61,COMPRAR ★★★,Golden Cross | RSI 56 óptimo | MACD positivo | Rebote EMA50 | EMA semanal alcista
2026-09-11 16:43:01,TEL,10,3609.81,COMPRAR ★★★,EMA alcista | Golden Cross | RSI 62 óptimo | MACD positivo | Cruce MACD | EMA semanal alcista
2026-09-11 16:43:01,PM,9,3294.81,COMPRAR ★★★,EMA alcista | RSI 59 óptimo | MACD positivo | Cruce MACD | EMA semanal alcista
2026-09-11 16:43:01,ECL,9,4680.91,COMPRAR ★★★,EMA alcista | RSI 42 rebote | Cruce MACD | BB zona baja | Stoch 27 | Rebote EMA50 | EMA semanal alcista
2026-09-11 16:43:01,CRL,9,4725.53,COMPRAR ★★★,EMA alcista | RSI 36 rebote | Cruce MACD | Banda BB inferior | Stoch 21 | EMA semanal alcista
2026-09-11 16:43:01,ALB,4,2015.09,OBSERVAR,Golden Cross | Cruce MACD | Banda BB inferior
2026-09-11 16:43:01,MDLZ,6,1059.3,COMPRAR ★★,EMA alcista | RSI 35 rebote | Cruce MACD | EMA semanal alcista
2026-09-11 16:43:01,AMT,5,3014.67,OBSERVAR,EMA alcista | RSI 53 óptimo | Cruce MACD
2026-09-11 16:43:01,VMC,6,4290.31,COMPRAR ★★,Golden Cross | Cruce MACD | Banda BB inferior | EMA semanal alcista
2026-09-11 16:43:01,TXT,7,1361.16,COMPRAR ★★,Golden Cross | RSI 38 rebote | MACD positivo | Cruce MACD | BB zona baja | Stoch 37
2026-09-11 16:43:01,EWT,6,1880.8,COMPRAR ★★,EMA alcista | MACD positivo | EMA semanal alcista
2026-09-11 16:43:01,PCAR,7,2090.26,COMPRAR ★★,Golden Cross | Cruce MACD | BB zona baja | Stoch 23 | Rebote EMA50 | EMA semanal alcista
2026-09-11 16:43:01,MLM,5,8630.5,OBSERVAR,Golden Cross | RSI 34 rebote | Cruce MACD | BB zona baja | Stoch 34
2026-09-11 16:43:01,DE,8,11546.76,COMPRAR ★★★,EMA alcista | RSI 62 óptimo | MACD positivo | EMA semanal alcista
2026-09-11 16:43:01,HERDEZ.MX,6,50.12,COMPRAR ★★,Golden Cross | RSI 50 óptimo | MACD positivo | BB zona baja
2026-09-11 16:43:01,MEL.MC,8,192.95,COMPRAR ★★★,Golden Cross | RSI 38 rebote | Cruce MACD | Volumen alto | Banda BB inferior | EMA semanal alcista
2026-09-11 16:43:01,CLX,5,1475.38,OBSERVAR,Golden Cross | Cruce MACD | Volumen alto | Banda BB inferior
2026-09-11 16:43:01,FIBRAPL14.MX,8,75.72,COMPRAR ★★★,Golden Cross | RSI 52 óptimo | MACD positivo | Rebote EMA50 | EMA semanal alcista
2026-09-11 16:43:01,AFRM,7,1206.39,COMPRAR ★★,Golden Cross | RSI 38 rebote | Cruce MACD | BB zona baja | Stoch 21 | EMA semanal alcista
2026-09-11 16:43:01,NTES,6,1960.63,COMPRAR ★★,Golden Cross | Cruce MACD | Banda BB inferior | EMA semanal alcista
2026-09-11 16:43:01,UDR,6,596.93,COMPRAR ★★,Golden Cross | Cruce MACD | Banda BB inferior | EMA semanal alcista
2026-09-11 16:43:01,GNRC,9,3191.05,COMPRAR ★★★,Golden Cross | RSI 36 rebote | MACD positivo | Cruce MACD | BB zona baja | Stoch 31 | EMA semanal alcista
2026-09-11 16:43:01,MRNA,7,2514.63,COMPRAR ★★,EMA alcista | RSI 52 óptimo | Cruce MACD | EMA semanal alcista
2026-09-11 16:43:01,LEN,6,1358.44,COMPRAR ★★,Golden Cross | RSI 33 rebote | Cruce MACD | Banda BB inferior | Stoch 27
2026-09-11 16:43:01,HUBS,6,3837.44,COMPRAR ★★,EMA alcista | RSI 43 rebote | Cruce MACD | BB zona baja | Rebote EMA50
2026-09-11 16:43:01,ENG.MC,9,323.49,COMPRAR ★★★,Golden Cross | RSI 37 rebote | Cruce MACD | Volumen alto | Banda BB inferior | Rebote EMA50 | EMA semanal alcista
2026-09-11 16:43:01,TMO,7,10400.75,COMPRAR ★★,EMA alcista | RSI 41 rebote | Cruce MACD | Stoch 35 | EMA semanal alcista
2026-09-11 16:43:01,CELH,3,467.46,EVITAR,Cruce MACD | Banda BB inferior
2026-09-11 16:43:01,GAPB.MX,6,344.79,COMPRAR ★★,Golden Cross | RSI 40 rebote | MACD positivo | Banda BB inferior
2026-09-11 16:43:01,TGT,7,2652.83,COMPRAR ★★,EMA alcista | RSI 36 rebote | Cruce MACD | BB zona baja | EMA semanal alcista
2026-09-11 16:43:01,GEV,7,16166.24,COMPRAR ★★,Golden Cross | RSI 49 óptimo | MACD positivo | EMA semanal alcista
2026-09-11 16:43:01,EWH,8,382.54,COMPRAR ★★★,EMA alcista | RSI 32 rebote | Cruce MACD | BB zona baja | Rebote EMA50 | EMA semanal alcista
2026-09-11 16:43:01,SAN.MC,7,253.71,COMPRAR ★★,EMA alcista | RSI 56 óptimo | Cruce MACD | EMA semanal alcista
2026-09-11 16:43:01,PG,5,2463.55,OBSERVAR,Golden Cross | RSI 51 óptimo | Cruce MACD | Rebote EMA50
2026-09-11 16:43:01,SMR,8,149.23,COMPRAR ★★★,EMA alcista | RSI 46 óptimo | MACD positivo | Volumen alto | BB zona baja
2026-09-11 16:43:01,PLD,7,2308.13,COMPRAR ★★,Golden Cross | RSI 34 rebote | Cruce MACD | Banda BB inferior | EMA semanal alcista
2026-09-11 16:43:01,XLP,7,1417.47,COMPRAR ★★,RSI 35 rebote | Cruce MACD | Banda BB inferior | Rebote EMA50 | EMA semanal alcista
2026-09-11 16:43:01,ICLN,6,305.76,COMPRAR ★★,Golden Cross | RSI 57 óptimo | MACD positivo | Rebote EMA50
2026-09-11 16:43:01,GIS,7,608.54,COMPRAR ★★,EMA alcista | Cruce MACD | Banda BB inferior | EMA semanal alcista
2026-09-11 16:43:01,FDX,9,5318.05,COMPRAR ★★★,EMA alcista | RSI 40 rebote | Cruce MACD | Banda BB inferior | Rebote EMA50 | EMA semanal alcista
2026-09-11 16:43:01,AXP,8,5511.99,COMPRAR ★★★,Golden Cross | RSI 34 rebote | Cruce MACD | BB zona baja | Stoch 25 | Rebote EMA50 | EMA semanal alcista
2026-09-11 16:43:01,PGR,7,3663.26,COMPRAR ★★,EMA alcista | RSI 44 rebote | Cruce MACD | Stoch 25 | EMA semanal alcista
2026-09-11 16:43:01,AIZ,8,4793.23,COMPRAR ★★★,EMA alcista | RSI 49 óptimo | Cruce MACD | Stoch 40 | EMA semanal alcista
2026-09-11 16:43:01,VTR,9,1535.42,COMPRAR ★★★,EMA alcista | RSI 34 rebote | Cruce MACD | BB zona baja | Stoch 33 | Rebote EMA50 | EMA semanal alcista
2026-09-11 16:43:01,WMB,7,1242.64,COMPRAR ★★,EMA alcista | RSI 61 óptimo | Rebote EMA50 | EMA semanal alcista
2026-09-11 16:43:01,GFNORTEO.MX,6,199.85,COMPRAR ★★,EMA alcista | MACD positivo | EMA semanal alcista
2026-09-11 16:43:01,BDX,7,2984.47,COMPRAR ★★,EMA alcista | Cruce MACD | Banda BB inferior | EMA semanal alcista
2026-09-11 16:43:01,CVX,8,3623.98,COMPRAR ★★★,EMA alcista | RSI 65 óptimo | MACD positivo | EMA semanal alcista
2026-09-11 16:43:01,PEP,5,2327.81,OBSERVAR,Golden Cross | RSI 33 rebote | Cruce MACD | BB zona baja | Rebote EMA50
2026-09-11 16:43:01,DD,6,2143.12,COMPRAR ★★,Golden Cross | Cruce MACD | Banda BB inferior | EMA semanal alcista
2026-09-11 16:43:01,AVY,8,2876.47,COMPRAR ★★★,EMA alcista | Cruce MACD | Banda BB inferior | Rebote EMA50 | EMA semanal alcista
2026-09-11 16:43:01,PPL,7,579.03,COMPRAR ★★,Golden Cross | RSI 50 óptimo | MACD positivo | BB zona baja | Rebote EMA50
2026-09-11 16:43:01,MU,8,16535.04,COMPRAR ★★★,EMA alcista | RSI 51 óptimo | MACD positivo | EMA semanal alcista
2026-09-11 16:43:01,TFX,7,2197.5,COMPRAR ★★,EMA alcista | Cruce MACD | Banda BB inferior | EMA semanal alcista
2026-09-11 16:43:01,POOL,4,2973.78,OBSERVAR,Golden Cross | Cruce MACD | Banda BB inferior
2026-09-11 16:43:01,BAC,7,1065.92,COMPRAR ★★,EMA alcista | RSI 63 óptimo | Cruce MACD | EMA semanal alcista
2026-09-11 16:43:01,VOLARA.MX,7,11.11,COMPRAR ★★,Golden Cross | RSI 37 rebote | MACD positivo | BB zona baja | EMA semanal alcista
2026-09-11 16:43:01,FLR,7,912.19,COMPRAR ★★,EMA alcista | RSI 55 óptimo | Cruce MACD | EMA semanal alcista
2026-09-11 16:43:01,CRM,5,4222.95,OBSERVAR,EMA alcista | Cruce MACD | EMA semanal alcista
2026-09-11 16:43:01,RELY,7,374.31,COMPRAR ★★,EMA alcista | Cruce MACD | Banda BB inferior | EMA semanal alcista
2026-09-11 16:43:01,QQQ,7,12142.16,COMPRAR ★★,EMA alcista | RSI 52 óptimo | Cruce MACD | EMA semanal alcista
2026-09-11 16:43:01,ROK,8,7327.04,COMPRAR ★★★,Golden Cross | RSI 46 óptimo | MACD positivo | Rebote EMA50 | EMA semanal alcista
2026-09-11 16:43:01,BAX,7,403.75,COMPRAR ★★,EMA alcista | Cruce MACD | Banda BB inferior | EMA semanal alcista
2026-09-11 16:43:01,LOG.MC,9,691.48,COMPRAR ★★★,EMA alcista | RSI 41 rebote | Cruce MACD | Banda BB inferior | Stoch 21 | EMA semanal alcista
2026-09-11 16:43:01,AKAM,7,1831.25,COMPRAR ★★,Golden Cross | RSI 46 óptimo | MACD positivo | EMA semanal alcista
2026-09-11 16:43:01,KR,6,989.73,COMPRAR ★★,Golden Cross | RSI 52 óptimo | MACD positivo | Cruce MACD
2026-09-11 16:43:01,EWY,8,3206.74,COMPRAR ★★★,EMA alcista | RSI 60 óptimo | MACD positivo | EMA semanal alcista
2026-09-11 16:43:01,SPY,9,12981.89,COMPRAR ★★★,EMA alcista | RSI 49 óptimo | Cruce MACD | BB zona baja | Stoch 45 | EMA semanal alcista
2026-09-11 16:43:01,MRVL,8,4022.64,VENDER,EMA alcista | RSI 50 óptimo | MACD positivo | EMA semanal alcista | 🛑 Stop Loss -25.5%
2026-09-11 16:43:01,CNP,6,666.5,COMPRAR ★★,Golden Cross | RSI 56 óptimo | MACD positivo | BB zona baja
2026-09-11 16:43:01,BABA,4,1855.26,OBSERVAR,Golden Cross | Cruce MACD | Banda BB inferior
2026-09-11 16:43:01,CEG,6,4855.34,COMPRAR ★★,EMA alcista | RSI 60 óptimo | MACD positivo
2026-09-11 16:43:01,ELE.MC,7,828.9,COMPRAR ★★,EMA alcista | RSI 61 óptimo | Cruce MACD | EMA semanal alcista
2026-09-11 16:43:01,RJF,9,2933.65,COMPRAR ★★★,EMA alcista | RSI 46 óptimo | Cruce MACD | Banda BB inferior | EMA semanal alcista
2026-09-11 16:43:01,AEP,4,2099.77,OBSERVAR,Golden Cross | MACD positivo | Rebote EMA50
2026-09-11 16:43:01,ACN,6,3055.56,COMPRAR ★★,EMA alcista | RSI 44 rebote | Cruce MACD | BB zona baja | Stoch 23
2026-09-11 16:43:01,IVZ,8,551.96,COMPRAR ★★★,EMA alcista | RSI 54 óptimo | Cruce MACD | Stoch 46 | EMA semanal alcista
2026-09-11 16:43:01,SNPS,6,6759.12,COMPRAR ★★,Golden Cross | RSI 50 óptimo | Cruce MACD | BB zona baja | Stoch 21
2026-09-11 16:43:01,NEMAKA.MX,3,3.04,EVITAR,Golden Cross | MACD positivo
2026-09-11 16:43:01,DPZ,6,5320.0,COMPRAR ★★,EMA alcista | RSI 35 rebote | Cruce MACD | Banda BB inferior
2026-09-11 16:43:01,FAST,8,837.11,COMPRAR ★★★,EMA alcista | RSI 38 rebote | Cruce MACD | BB zona baja | Stoch 37 | EMA semanal alcista
2026-09-11 16:43:01,CE,5,790.36,OBSERVAR,Golden Cross | RSI 49 óptimo | MACD positivo
2026-09-11 16:43:01,EWC,8,1028.16,COMPRAR ★★★,EMA alcista | RSI 38 rebote | Cruce MACD | Banda BB inferior | EMA semanal alcista
2026-09-11 16:43:01,COST,5,15350.94,OBSERVAR,Golden Cross | RSI 32 rebote | Cruce MACD | Banda BB inferior
2026-09-11 16:43:01,DANHOS13.MX,8,29.48,COMPRAR ★★★,EMA alcista | RSI 64 óptimo | MACD positivo | EMA semanal alcista
2026-09-11 16:43:01,ORBIA.MX,6,19.76,COMPRAR ★★,Golden Cross | Cruce MACD | Banda BB inferior | EMA semanal alcista
2026-09-11 16:43:01,WAB,9,4807.57,COMPRAR ★★★,EMA alcista | RSI 31 rebote | Cruce MACD | BB zona baja | Stoch 30 | Rebote EMA50 | EMA semanal alcista
2026-09-11 16:43:01,SYY,7,1429.96,COMPRAR ★★,EMA alcista | RSI 51 óptimo | MACD positivo | Cruce MACD
2026-09-11 16:43:01,EXC,7,734.71,COMPRAR ★★,Golden Cross | RSI 49 óptimo | MACD positivo | BB zona baja | Stoch 39
2026-09-11 16:43:01,HDB,5,385.34,OBSERVAR,Golden Cross | RSI 41 rebote | Cruce MACD | BB zona baja | Stoch 47
2026-09-11 16:43:01,ENPH,4,631.17,VENDER,Golden Cross | RSI 45 rebote | MACD positivo | 🛑 Stop Loss -28.9%
2026-09-11 16:43:01,AZO,5,49164.37,OBSERVAR,Golden Cross | RSI 43 rebote | Cruce MACD | Banda BB inferior
2026-09-11 16:43:01,AENA.MC,6,485.53,COMPRAR ★★,Golden Cross | Cruce MACD | Banda BB inferior | EMA semanal alcista
2026-09-11 16:43:01,BIDU,6,1553.32,COMPRAR ★★,Golden Cross | RSI 47 óptimo | MACD positivo | BB zona baja
2026-09-11 16:43:01,OTIS,6,1175.7,COMPRAR ★★,Golden Cross | RSI 40 rebote | Cruce MACD | Banda BB inferior | Stoch 33
2026-09-11 16:43:01,NXPI,8,4004.23,COMPRAR ★★★,Golden Cross | RSI 62 óptimo | MACD positivo | Rebote EMA50 | EMA semanal alcista
2026-09-11 16:43:01,HST,9,380.5,COMPRAR ★★★,Golden Cross | RSI 35 rebote | MACD positivo | Cruce MACD | Stoch 48 | Rebote EMA50 | EMA semanal alcista
2026-09-11 16:43:01,TECL,8,3497.91,COMPRAR ★★★,EMA alcista | RSI 56 óptimo | MACD positivo | EMA semanal alcista
2026-09-11 16:43:01,LRCX,7,5126.14,COMPRAR ★★,Golden Cross | RSI 44 rebote | MACD positivo | BB zona baja | EMA semanal alcista
2026-09-11 16:43:01,HUM,6,6940.0,COMPRAR ★★,EMA alcista | MACD positivo | EMA semanal alcista
2026-09-11 16:43:01,NVR,7,104449.37,COMPRAR ★★,Golden Cross | RSI 39 rebote | Cruce MACD | Banda BB inferior | Stoch 24 | Rebote EMA50
2026-09-11 16:43:01,IAG.MC,8,96.18,COMPRAR ★★★,Golden Cross | RSI 47 óptimo | Cruce MACD | BB zona baja | Stoch 20 | EMA semanal alcista
2026-09-11 16:43:01,AMZN,10,4341.38,COMPRAR ★★★,EMA alcista | RSI 47 óptimo | Cruce MACD | BB zona baja | Stoch 35 | Rebote EMA50 | EMA semanal alcista
2026-09-11 16:43:01,TEF.MC,7,71.92,COMPRAR ★★,Golden Cross | RSI 53 óptimo | Cruce MACD | Volumen alto | EMA semanal alcista
2026-09-11 16:43:01,ZS,9,2767.79,COMPRAR ★★★,EMA alcista | RSI 39 rebote | Cruce MACD | Banda BB inferior | Rebote EMA50 | EMA semanal alcista
2026-09-11 16:43:01,JETS,7,479.59,COMPRAR ★★,Golden Cross | RSI 37 rebote | Cruce MACD | BB zona baja | Stoch 27 | EMA semanal alcista
2026-09-11 16:43:01,MCK,5,14893.51,OBSERVAR,EMA alcista | RSI 56 óptimo | Cruce MACD
2026-09-11 16:43:01,SBAC,8,3124.96,COMPRAR ★★★,EMA alcista | RSI 52 óptimo | Cruce MACD | BB zona baja | Stoch 32 | Rebote EMA50
2026-09-11 16:43:01,MNDY,9,1460.33,COMPRAR ★★★,EMA alcista | RSI 45 rebote | Cruce MACD | BB zona baja | Stoch 30 | Rebote EMA50 | EMA semanal alcista
2026-09-11 16:43:01,D,11,1109.27,COMPRAR ★★★,Golden Cross | RSI 45 óptimo | MACD positivo | Cruce MACD | BB zona baja | Stoch 48 | Rebote EMA50 | EMA semanal alcista
2026-09-11 16:43:01,CINF,9,2873.5,COMPRAR ★★★,Golden Cross | RSI 53 óptimo | MACD positivo | BB zona baja | Rebote EMA50 | EMA semanal alcista
2026-09-11 16:43:01,MHK,8,2169.84,COMPRAR ★★★,EMA alcista | RSI 37 rebote | Cruce MACD | BB zona baja | Stoch 38 | EMA semanal alcista
2026-09-11 16:43:01,IFF,8,1421.56,COMPRAR ★★★,EMA alcista | RSI 48 óptimo | Cruce MACD | BB zona baja | EMA semanal alcista
2026-09-11 16:43:01,XHB,7,1674.45,COMPRAR ★★,Golden Cross | Cruce MACD | Banda BB inferior | Stoch 21 | EMA semanal alcista
2026-09-11 16:43:01,BWA,8,1126.75,COMPRAR ★★★,EMA alcista | RSI 46 óptimo | MACD positivo | EMA semanal alcista
2026-09-11 16:43:01,STLD,8,4058.53,COMPRAR ★★★,Golden Cross | RSI 63 óptimo | MACD positivo | Rebote EMA50 | EMA semanal alcista
2026-09-11 16:43:01,ARE,8,853.06,COMPRAR ★★★,EMA alcista | RSI 32 rebote | Cruce MACD | BB zona baja | Rebote EMA50 | EMA semanal alcista
2026-09-11 16:43:01,EXR,6,2348.34,COMPRAR ★★,Golden Cross | Cruce MACD | BB zona baja | Stoch 26 | EMA semanal alcista
2026-09-11 16:43:01,APPN,8,576.99,COMPRAR ★★★,EMA alcista | RSI 38 rebote | Cruce MACD | Banda BB inferior | EMA semanal alcista
2026-09-11 16:43:01,BLK,10,18474.54,COMPRAR ★★★,EMA alcista | RSI 34 rebote | Cruce MACD | Banda BB inferior | Stoch 23 | Rebote EMA50 | EMA semanal alcista
2026-09-11 16:43:01,NUE,7,4376.34,COMPRAR ★★,EMA alcista | MACD positivo | Cruce MACD | EMA semanal alcista
2026-09-11 16:43:01,ETR,10,1790.27,COMPRAR ★★★,Golden Cross | RSI 54 óptimo | MACD positivo | Banda BB inferior | Rebote EMA50 | EMA semanal alcista
2026-09-11 16:43:01,ESS,6,4638.83,COMPRAR ★★,Golden Cross | Cruce MACD | Banda BB inferior | EMA semanal alcista
2026-09-11 16:43:01,CMS,6,1143.97,COMPRAR ★★,Golden Cross | RSI 41 rebote | MACD positivo | Banda BB inferior
2026-09-11 16:43:01,ARKG,7,775.26,COMPRAR ★★,EMA alcista | RSI 31 rebote | Cruce MACD | BB zona baja | EMA semanal alcista
2026-09-11 16:43:01,CF,6,2261.72,COMPRAR ★★,EMA alcista | RSI 56 óptimo | MACD positivo
2026-09-11 16:43:01,NI,5,707.13,OBSERVAR,Golden Cross | RSI 63 óptimo | MACD positivo
2026-09-11 16:43:01,FDS,8,4370.14,COMPRAR ★★★,EMA alcista | RSI 30 rebote | Cruce MACD | Banda BB inferior | EMA semanal alcista
2026-09-11 16:43:01,NDAQ,8,1549.84,COMPRAR ★★★,EMA alcista | Cruce MACD | Banda BB inferior | Rebote EMA50 | EMA semanal alcista
2026-09-11 16:43:01,EFX,5,2841.6,OBSERVAR,EMA alcista | Cruce MACD | Banda BB inferior
2026-09-11 16:43:01,EOG,6,2494.78,COMPRAR ★★,EMA alcista | RSI 36 rebote | Cruce MACD | EMA semanal alcista
2026-09-11 16:43:01,CRWD,7,3489.26,COMPRAR ★★,EMA alcista | RSI 56 óptimo | Cruce MACD | EMA semanal alcista
2026-09-11 16:43:01,SBUX,5,1683.04,OBSERVAR,Cruce MACD | Banda BB inferior | EMA semanal alcista
2026-09-11 16:43:01,ARKF,8,768.05,COMPRAR ★★★,EMA alcista | RSI 48 óptimo | Cruce MACD | Stoch 25 | EMA semanal alcista
2026-09-11 16:43:01,DDOG,6,3758.88,COMPRAR ★★,Golden Cross | RSI 43 rebote | Cruce MACD | BB zona baja | EMA semanal alcista
2026-09-11 16:43:01,DVN,6,845.98,COMPRAR ★★,EMA alcista | RSI 55 óptimo | MACD positivo
2026-09-11 16:43:01,MAS,7,1164.5,COMPRAR ★★,Golden Cross | RSI 34 rebote | Cruce MACD | Banda BB inferior | EMA semanal alcista
2026-09-11 16:43:01,PAYX,8,1954.01,COMPRAR ★★★,EMA alcista | Cruce MACD | Banda BB inferior | Rebote EMA50 | EMA semanal alcista
2026-09-11 16:43:01,CI,8,4735.88,COMPRAR ★★★,Golden Cross | RSI 54 óptimo | MACD positivo | Rebote EMA50 | EMA semanal alcista
2026-09-11 16:43:01,BA,6,3564.93,COMPRAR ★★,Golden Cross | RSI 43 rebote | Cruce MACD | BB zona baja | EMA semanal alcista
2026-09-11 16:43:01,FITB,9,925.34,COMPRAR ★★★,Golden Cross | RSI 47 óptimo | MACD positivo | Cruce MACD | Rebote EMA50 | EMA semanal alcista
2026-09-11 16:43:01,ROST,8,3875.28,COMPRAR ★★★,Golden Cross | RSI 32 rebote | Cruce MACD | BB zona baja | Stoch 29 | Rebote EMA50 | EMA semanal alcista
2026-09-11 16:43:01,J,7,2393.05,COMPRAR ★★,EMA alcista | Cruce MACD | Banda BB inferior | EMA semanal alcista
2026-09-11 16:43:01,CTVA,8,1412.87,COMPRAR ★★★,EMA alcista | RSI 55 óptimo | MACD positivo | EMA semanal alcista
2026-09-11 16:43:01,TSCO,7,568.76,COMPRAR ★★,EMA alcista | RSI 39 rebote | Cruce MACD | Banda BB inferior | Rebote EMA50
2026-09-11 16:43:01,ILMN,7,3521.75,COMPRAR ★★,EMA alcista | RSI 42 rebote | Cruce MACD | Stoch 24 | EMA semanal alcista
2026-09-11 16:43:01,MA,7,9647.38,COMPRAR ★★,EMA alcista | RSI 42 rebote | Cruce MACD | BB zona baja | EMA semanal alcista
2026-09-11 16:43:01,PH,5,16061.36,OBSERVAR,RSI 35 rebote | Cruce MACD | BB zona baja | EMA semanal alcista
2026-09-11 16:43:01,MAP.MC,8,87.06,COMPRAR ★★★,EMA alcista | RSI 57 óptimo | Cruce MACD | Stoch 39 | EMA semanal alcista
2026-09-11 16:43:01,CHPT,6,157.29,COMPRAR ★★,EMA alcista | MACD positivo | EMA semanal alcista
2026-09-11 16:43:01,LMT,5,8915.39,OBSERVAR,Golden Cross | RSI 31 rebote | Cruce MACD | Banda BB inferior
2026-09-11 16:43:01,CBRE,10,2395.85,COMPRAR ★★★,EMA alcista | RSI 36 rebote | Cruce MACD | Banda BB inferior | Stoch 23 | Rebote EMA50 | EMA semanal alcista
2026-09-11 16:43:01,HPQ,6,591.8,COMPRAR ★★,EMA alcista | MACD positivo | EMA semanal alcista
2026-09-11 16:43:01,MSFT,8,8401.44,COMPRAR ★★★,EMA alcista | RSI 57 óptimo | Cruce MACD | Stoch 37 | EMA semanal alcista
2026-09-11 16:43:01,SLV,6,986.85,COMPRAR ★★,EMA alcista | RSI 36 rebote | Cruce MACD | BB zona baja | Rebote EMA50
2026-09-11 16:43:01,JD,6,460.18,COMPRAR ★★,Golden Cross | Cruce MACD | Banda BB inferior | EMA semanal alcista
2026-09-11 16:43:01,ACHR,6,94.6,COMPRAR ★★,EMA alcista | Cruce MACD | BB zona baja | Stoch 23 | Rebote EMA50
2026-09-11 16:43:01,HBAN,9,285.65,COMPRAR ★★★,Golden Cross | RSI 46 óptimo | Cruce MACD | BB zona baja | Stoch 45 | Rebote EMA50 | EMA semanal alcista
2026-09-11 16:43:01,ADP,8,4538.84,COMPRAR ★★★,EMA alcista | RSI 33 rebote | Cruce MACD | Banda BB inferior | EMA semanal alcista
2026-09-11 16:43:01,IEX,9,3802.48,COMPRAR ★★★,EMA alcista | RSI 35 rebote | Cruce MACD | BB zona baja | Stoch 27 | Rebote EMA50 | EMA semanal alcista
2026-09-11 16:43:01,ABT,8,1734.62,COMPRAR ★★★,EMA alcista | Cruce MACD | Banda BB inferior | Rebote EMA50 | EMA semanal alcista
2026-09-11 16:43:01,GRMN,8,4761.59,COMPRAR ★★★,EMA alcista | RSI 31 rebote | Cruce MACD | BB zona baja | Stoch 41 | EMA semanal alcista
2026-09-11 16:43:01,REGN,8,13311.49,COMPRAR ★★★,EMA alcista | RSI 36 rebote | Cruce MACD | Banda BB inferior | EMA semanal alcista
2026-09-11 16:43:01,INDA,9,821.84,COMPRAR ★★★,EMA alcista | RSI 37 rebote | Cruce MACD | Banda BB inferior | Rebote EMA50 | EMA semanal alcista
2026-09-11 16:43:01,NVCR,8,266.73,COMPRAR ★★★,EMA alcista | RSI 39 rebote | Cruce MACD | Banda BB inferior | EMA semanal alcista
2026-09-11 16:43:01,EMR,8,2573.88,COMPRAR ★★★,EMA alcista | RSI 41 rebote | Cruce MACD | BB zona baja | Stoch 40 | EMA semanal alcista
2026-09-11 16:43:01,JKHY,6,2734.19,COMPRAR ★★,EMA alcista | RSI 42 rebote | Cruce MACD | BB zona baja | Stoch 21
2026-09-11 16:43:01,XLU,8,722.32,COMPRAR ★★★,Golden Cross | RSI 48 óptimo | MACD positivo | BB zona baja | Stoch 38 | Rebote EMA50
2026-09-11 16:43:01,ROP,9,6568.91,COMPRAR ★★★,EMA alcista | RSI 33 rebote | Cruce MACD | Banda BB inferior | Rebote EMA50 | EMA semanal alcista
2026-09-11 16:43:01,MKC,6,876.39,COMPRAR ★★,EMA alcista | Cruce MACD | Banda BB inferior | Rebote EMA50
2026-09-11 16:43:01,DLTR,8,1981.67,COMPRAR ★★★,EMA alcista | RSI 31 rebote | Cruce MACD | Banda BB inferior | EMA semanal alcista
2026-09-11 16:43:01,NET,8,5209.88,COMPRAR ★★★,EMA alcista | RSI 55 óptimo | MACD positivo | EMA semanal alcista
2026-09-11 16:43:01,HSIC,9,1489.6,COMPRAR ★★★,EMA alcista | RSI 47 óptimo | Cruce MACD | Banda BB inferior | EMA semanal alcista
2026-09-11 16:43:01,CAG,5,245.0,OBSERVAR,EMA alcista | Cruce MACD | Banda BB inferior
2026-09-11 16:43:01,ROBO,8,1342.32,COMPRAR ★★★,Golden Cross | RSI 42 rebote | Cruce MACD | BB zona baja | Stoch 29 | Rebote EMA50 | EMA semanal alcista
2026-09-11 16:43:01,TRMB,6,979.72,COMPRAR ★★,EMA alcista | RSI 39 rebote | Cruce MACD | BB zona baja | Stoch 21
2026-09-11 16:43:01,F,6,237.97,COMPRAR ★★,EMA alcista | RSI 44 rebote | Cruce MACD | EMA semanal alcista
2026-09-11 16:43:01,PFE,7,467.46,COMPRAR ★★,EMA alcista | RSI 43 rebote | Cruce MACD | BB zona baja | EMA semanal alcista
2026-09-11 16:43:01,KLAC,7,3077.45,COMPRAR ★★,Golden Cross | RSI 47 óptimo | MACD positivo | EMA semanal alcista
2026-09-11 16:43:01,CUERVO.MX,9,14.5,COMPRAR ★★★,Golden Cross | RSI 47 óptimo | MACD positivo | BB zona baja | Rebote EMA50 | EMA semanal alcista
2026-09-11 16:43:01,NKE,4,625.69,OBSERVAR,Golden Cross | Cruce MACD | Banda BB inferior
2026-09-11 16:43:01,CMCSA,8,429.12,COMPRAR ★★★,EMA alcista | RSI 37 rebote | Cruce MACD | Banda BB inferior | Stoch 35 | Rebote EMA50
2026-09-11 16:43:01,WY,6,377.79,COMPRAR ★★,Golden Cross | Cruce MACD | Banda BB inferior | EMA semanal alcista
2026-09-11 16:43:01,RMD,6,3684.39,COMPRAR ★★,EMA alcista | Cruce MACD | Banda BB inferior | Rebote EMA50
2026-09-11 16:43:01,NRG,6,1930.09,COMPRAR ★★,Golden Cross | RSI 51 óptimo | MACD positivo | Stoch 41
2026-09-11 16:43:01,BR,5,2847.88,OBSERVAR,EMA alcista | Cruce MACD | Banda BB inferior
2026-09-11 16:43:01,MKTX,3,2768.81,EVITAR,EMA alcista | Cruce MACD
2026-09-11 16:43:01,CSCO,9,1890.72,COMPRAR ★★★,Golden Cross | RSI 51 óptimo | MACD positivo | Cruce MACD | Rebote EMA50 | EMA semanal alcista
2026-09-11 16:43:01,CVS,8,1600.4,COMPRAR ★★★,Golden Cross | RSI 55 óptimo | MACD positivo | Rebote EMA50 | EMA semanal alcista
2026-09-11 16:43:01,PANW,9,5590.64,COMPRAR ★★★,EMA alcista | RSI 41 rebote | Cruce MACD | Banda BB inferior | Rebote EMA50 | EMA semanal alcista
2026-09-11 16:43:01,ADBE,10,4257.56,COMPRAR ★★★,EMA alcista | RSI 35 rebote | Cruce MACD | Volumen alto | Banda BB inferior | Rebote EMA50 | EMA semanal alcista
2026-09-11 16:43:01,BIIB,7,3703.39,COMPRAR ★★,EMA alcista | RSI 52 óptimo | Cruce MACD | EMA semanal alcista
2026-09-11 16:43:01,UPST,6,436.07,COMPRAR ★★,Golden Cross | Cruce MACD | Banda BB inferior | EMA semanal alcista
2026-09-11 16:43:01,GS,8,17486.0,COMPRAR ★★★,EMA alcista | RSI 49 óptimo | MACD positivo | EMA semanal alcista
2026-09-11 16:43:01,KEY,9,368.54,COMPRAR ★★★,Golden Cross | RSI 51 óptimo | MACD positivo | BB zona baja | Rebote EMA50 | EMA semanal alcista
2026-09-11 16:43:01,MPC,6,6881.21,COMPRAR ★★,EMA alcista | MACD positivo | EMA semanal alcista
2026-09-11 16:43:01,QCOM,5,3112.06,OBSERVAR,Golden Cross | MACD positivo | EMA semanal alcista
2026-09-11 16:43:01,FIVN,8,523.12,COMPRAR ★★★,EMA alcista | RSI 41 rebote | Cruce MACD | Banda BB inferior | EMA semanal alcista
2026-09-11 16:43:01,LOW,4,3363.19,OBSERVAR,Golden Cross | Cruce MACD | Banda BB inferior
2026-09-11 16:43:01,NEM,6,2144.73,COMPRAR ★★,EMA alcista | RSI 43 rebote | Cruce MACD | EMA semanal alcista
2026-09-11 16:43:01,EWJ,6,1673.53,COMPRAR ★★,EMA alcista | MACD positivo | EMA semanal alcista
2026-09-11 16:43:01,UAL,8,1870.19,COMPRAR ★★★,Golden Cross | RSI 45 óptimo | Cruce MACD | BB zona baja | Stoch 39 | EMA semanal alcista
2026-09-11 16:43:01,ON,7,1261.9,COMPRAR ★★,Golden Cross | RSI 50 óptimo | MACD positivo | EMA semanal alcista
2026-09-11 16:43:01,DLR,8,3197.33,COMPRAR ★★★,EMA alcista | RSI 46 óptimo | Cruce MACD | Rebote EMA50 | EMA semanal alcista
2026-09-11 16:43:01,DOV,7,3213.7,COMPRAR ★★,Golden Cross | RSI 33 rebote | Cruce MACD | Banda BB inferior | EMA semanal alcista
2026-09-11 16:43:01,AXON,5,8247.46,OBSERVAR,Cruce MACD | Banda BB inferior | EMA semanal alcista
2026-09-11 16:43:01,LABB.MX,4,12.7,OBSERVAR,Golden Cross | Cruce MACD | Banda BB inferior
2026-09-11 16:43:01,LVS,4,729.19,OBSERVAR,Golden Cross | Cruce MACD | Banda BB inferior
2026-09-11 16:43:01,ADI,8,6411.11,COMPRAR ★★★,Golden Cross | RSI 55 óptimo | MACD positivo | Cruce MACD | EMA semanal alcista
2026-09-11 16:43:01,MET,7,1639.68,COMPRAR ★★,EMA alcista | RSI 57 óptimo | Cruce MACD | EMA semanal alcista
2026-09-11 16:43:01,EWU,9,812.76,COMPRAR ★★★,EMA alcista | RSI 36 rebote | Cruce MACD | Banda BB inferior | Stoch 23 | EMA semanal alcista
2026-09-11 16:43:01,AMD,8,8687.51,COMPRAR ★★★,EMA alcista | RSI 62 óptimo | MACD positivo | EMA semanal alcista
2026-09-11 16:43:01,DOW,4,498.85,OBSERVAR,Golden Cross | Cruce MACD | Banda BB inferior
2026-09-11 16:43:01,INTC,5,1739.03,OBSERVAR,Golden Cross | MACD positivo | EMA semanal alcista
2026-09-11 16:43:01,AMGN,7,6446.58,COMPRAR ★★,EMA alcista | Cruce MACD | Banda BB inferior | EMA semanal alcista
2026-09-11 16:43:01,KWEB,4,418.51,OBSERVAR,Golden Cross | Cruce MACD | Banda BB inferior
2026-09-11 16:43:01,T,5,443.71,OBSERVAR,EMA alcista | RSI 60 óptimo | Cruce MACD
2026-09-11 16:43:01,DTE,6,2264.52,COMPRAR ★★,Golden Cross | RSI 43 rebote | MACD positivo | Banda BB inferior
2026-09-11 16:43:01,ASURB.MX,5,427.23,OBSERVAR,Golden Cross | MACD positivo | Banda BB inferior
2026-09-11 16:43:01,SCHW,8,1810.3,COMPRAR ★★★,EMA alcista | RSI 35 rebote | Cruce MACD | Banda BB inferior | EMA semanal alcista
2026-09-11 16:43:01,FCX,7,1212.18,COMPRAR ★★,EMA alcista | RSI 39 rebote | Cruce MACD | BB zona baja | EMA semanal alcista
2026-09-11 16:43:01,MNST,6,734.54,COMPRAR ★★,Golden Cross | Cruce MACD | Banda BB inferior | EMA semanal alcista
2026-09-11 16:43:01,LDOS,6,2153.04,COMPRAR ★★,EMA alcista | Cruce MACD | Banda BB inferior | Rebote EMA50
2026-09-11 16:43:01,RHI,7,641.21,COMPRAR ★★,EMA alcista | Cruce MACD | Banda BB inferior | EMA semanal alcista
2026-09-11 16:43:01,CIE.MC,5,506.01,OBSERVAR,Golden Cross | RSI 43 rebote | MACD positivo | Rebote EMA50
2026-09-11 16:43:01,GPC,7,2296.78,COMPRAR ★★,EMA alcista | RSI 55 óptimo | Cruce MACD | EMA semanal alcista
2026-09-11 16:43:01,IR,4,1232.88,OBSERVAR,Golden Cross | Cruce MACD | Banda BB inferior
2026-09-11 16:43:01,YUM,5,2411.55,OBSERVAR,Golden Cross | RSI 32 rebote | Cruce MACD | Banda BB inferior
2026-09-11 16:43:01,BOTZ,8,598.88,COMPRAR ★★★,Golden Cross | RSI 44 rebote | Cruce MACD | BB zona baja | Stoch 40 | Rebote EMA50 | EMA semanal alcista
2026-09-11 16:43:01,MELI,8,32471.11,COMPRAR ★★★,EMA alcista | RSI 49 óptimo | Cruce MACD | Stoch 33 | EMA semanal alcista
2026-09-11 16:43:01,BBAJIOO.MX,6,57.47,COMPRAR ★★,EMA alcista | MACD positivo | EMA semanal alcista
2026-09-11 16:43:01,Q.MX,6,154.65,COMPRAR ★★,Golden Cross | RSI 63 óptimo | MACD positivo | Rebote EMA50
2026-09-11 16:43:01,TDG,5,19319.45,OBSERVAR,Golden Cross | Cruce MACD | BB zona baja | EMA semanal alcista
2026-09-11 16:43:01,LYB,4,1105.79,OBSERVAR,EMA alcista | RSI 44 rebote | Cruce MACD
2026-09-11 16:43:01,WDC,8,7623.12,COMPRAR ★★★,Golden Cross | RSI 47 óptimo | MACD positivo | BB zona baja | EMA semanal alcista
2026-09-11 16:43:01,TLEVISACPO.MX,4,8.11,OBSERVAR,Golden Cross | Cruce MACD | Banda BB inferior
2026-09-11 16:43:01,SOFI,9,292.88,COMPRAR ★★★,EMA alcista | RSI 38 rebote | Cruce MACD | Banda BB inferior | Rebote EMA50 | EMA semanal alcista
2026-09-11 16:43:01,SPG,6,3483.16,COMPRAR ★★,Golden Cross | Cruce MACD | Banda BB inferior | EMA semanal alcista
2026-09-11 16:43:01,BSX,4,727.24,OBSERVAR,Golden Cross | Cruce MACD | Banda BB inferior
2026-09-11 16:43:01,IT,8,2994.82,COMPRAR ★★★,EMA alcista | RSI 37 rebote | Cruce MACD | BB zona baja | Stoch 28 | EMA semanal alcista
2026-09-11 16:43:01,KMI,7,524.81,COMPRAR ★★,Golden Cross | RSI 49 óptimo | Cruce MACD | Banda BB inferior | Rebote EMA50
2026-09-11 16:43:01,PAYC,7,3702.12,COMPRAR ★★,EMA alcista | RSI 38 rebote | Cruce MACD | BB zona baja | EMA semanal alcista
2026-09-11 16:43:01,CDNS,7,4891.99,COMPRAR ★★,Golden Cross | RSI 35 rebote | Cruce MACD | Banda BB inferior | EMA semanal alcista
2026-09-11 16:43:01,HWM,6,3916.17,COMPRAR ★★,Golden Cross | Cruce MACD | Banda BB inferior | EMA semanal alcista
2026-09-11 16:43:01,EW,7,1428.01,COMPRAR ★★,EMA alcista | Cruce MACD | Banda BB inferior | EMA semanal alcista
2026-09-11 16:43:01,ALL,9,4292.77,COMPRAR ★★★,EMA alcista | RSI 50 óptimo | Cruce MACD | Banda BB inferior | EMA semanal alcista
2026-09-11 16:43:01,DIA,9,8929.73,COMPRAR ★★★,EMA alcista | RSI 43 rebote | Cruce MACD | BB zona baja | Stoch 36 | Rebote EMA50 | EMA semanal alcista
2026-09-11 16:43:01,ASML,7,29021.73,COMPRAR ★★,Golden Cross | RSI 43 rebote | Cruce MACD | BB zona baja | Rebote EMA50 | EMA semanal alcista
2026-09-11 16:43:01,XLF,9,970.32,COMPRAR ★★★,EMA alcista | RSI 47 óptimo | Cruce MACD | BB zona baja | Stoch 26 | EMA semanal alcista
2026-09-11 16:43:01,PNW,6,1642.4,COMPRAR ★★,Golden Cross | RSI 45 óptimo | MACD positivo | BB zona baja
2026-09-11 16:43:01,META,4,11006.67,OBSERVAR,EMA alcista | MACD positivo
2026-09-11 16:43:01,UNG,4,171.54,OBSERVAR,Golden Cross | RSI 53 óptimo | BB zona baja
2026-09-11 16:43:01,CL,7,1487.99,COMPRAR ★★,Golden Cross | RSI 31 rebote | Cruce MACD | Banda BB inferior | EMA semanal alcista
2026-09-11 16:43:01,SLB,7,945.36,COMPRAR ★★,EMA alcista | RSI 57 óptimo | Cruce MACD | EMA semanal alcista
2026-09-11 16:43:01,EME,9,13180.84,COMPRAR ★★★,Golden Cross | RSI 50 óptimo | MACD positivo | Cruce MACD | Rebote EMA50 | EMA semanal alcista
2026-09-11 16:43:01,MSCI,8,9413.23,COMPRAR ★★★,Golden Cross | RSI 45 rebote | Cruce MACD | BB zona baja | Stoch 31 | Rebote EMA50 | EMA semanal alcista
2026-09-11 16:43:01,LULU,4,1661.95,OBSERVAR,Golden Cross | Cruce MACD | Banda BB inferior
2026-09-11 16:43:01,LKQ,6,412.91,COMPRAR ★★,Golden Cross | RSI 37 rebote | Cruce MACD | Banda BB inferior | Stoch 30
2026-09-11 16:43:01,HAL,6,603.12,COMPRAR ★★,EMA alcista | RSI 52 óptimo | EMA semanal alcista
2026-09-11 16:43:01,ED,7,1812.67,COMPRAR ★★,Golden Cross | RSI 52 óptimo | MACD positivo | BB zona baja | Rebote EMA50
2026-09-11 16:43:01,STX,10,14032.37,COMPRAR ★★★,EMA alcista | RSI 47 óptimo | MACD positivo | BB zona baja | Rebote EMA50 | EMA semanal alcista
2026-09-11 16:43:01,BIO,7,6301.33,COMPRAR ★★,EMA alcista | RSI 42 rebote | Cruce MACD | BB zona baja | EMA semanal alcista
2026-09-11 16:43:01,CMG,6,612.32,COMPRAR ★★,EMA alcista | RSI 44 rebote | Cruce MACD | EMA semanal alcista
2026-09-11 16:43:01,MTS.MC,6,1266.79,COMPRAR ★★,EMA alcista | RSI 58 óptimo | EMA semanal alcista
2026-09-11 16:43:01,SYK,4,4613.46,OBSERVAR,Golden Cross | Cruce MACD | Banda BB inferior
2026-09-11 16:43:01,GM,6,1456.52,COMPRAR ★★,EMA alcista | RSI 43 rebote | Cruce MACD | EMA semanal alcista
2026-09-11 16:43:01,UHS,5,2974.2,OBSERVAR,EMA alcista | RSI 47 óptimo | Cruce MACD
2026-09-11 16:43:01,MAR,7,5697.74,COMPRAR ★★,Golden Cross | RSI 32 rebote | Cruce MACD | BB zona baja | Stoch 35 | EMA semanal alcista
2026-09-11 16:43:01,FATE,7,39.28,COMPRAR ★★,RSI 49 óptimo | Cruce MACD | Banda BB inferior | EMA semanal alcista
2026-09-11 16:43:01,XLK,8,3186.22,COMPRAR ★★★,EMA alcista | RSI 58 óptimo | MACD positivo | EMA semanal alcista
2026-09-11 16:43:01,WST,9,5926.26,COMPRAR ★★★,EMA alcista | RSI 46 óptimo | MACD positivo | Cruce MACD | EMA semanal alcista
2026-09-11 16:43:01,HD,6,5252.04,COMPRAR ★★,Golden Cross | Cruce MACD | Banda BB inferior | EMA semanal alcista
2026-09-11 16:43:01,ORCL,7,2564.34,COMPRAR ★★,EMA alcista | RSI 54 óptimo | MACD positivo | Volumen alto
2026-09-11 16:43:01,OXY,5,1037.33,OBSERVAR,EMA alcista | RSI 51 óptimo | Cruce MACD
2026-09-11 16:43:01,FEMSAUBD.MX,7,198.04,COMPRAR ★★,Golden Cross | RSI 37 rebote | Cruce MACD | Banda BB inferior | EMA semanal alcista
2026-09-11 16:43:01,IBB,7,3453.63,COMPRAR ★★,EMA alcista | RSI 33 rebote | Cruce MACD | BB zona baja | EMA semanal alcista
2026-09-11 16:43:01,PATH,8,233.81,COMPRAR ★★★,EMA alcista | RSI 35 rebote | Cruce MACD | Banda BB inferior | EMA semanal alcista
2026-09-11 16:43:01,BRO,7,1123.95,COMPRAR ★★,EMA alcista | Cruce MACD | Banda BB inferior | EMA semanal alcista
2026-09-11 16:43:01,BBWI,7,311.87,COMPRAR ★★,Golden Cross | RSI 44 rebote | Cruce MACD | BB zona baja | Stoch 43 | EMA semanal alcista
2026-09-11 16:43:01,NSC,7,5463.04,COMPRAR ★★,EMA alcista | Cruce MACD | Banda BB inferior | EMA semanal alcista
2026-09-11 16:43:01,A,8,2481.2,COMPRAR ★★★,EMA alcista | RSI 30 rebote | Cruce MACD | BB zona baja | Stoch 22 | EMA semanal alcista
2026-09-11 16:43:01,LIT,6,1215.06,COMPRAR ★★,Golden Cross | Cruce MACD | Banda BB inferior | EMA semanal alcista
2026-09-11 16:43:01,TSN,4,895.39,OBSERVAR,Golden Cross | Cruce MACD | BB zona baja | Stoch 26
2026-09-11 16:43:01,LH,8,5204.79,COMPRAR ★★★,EMA alcista | Cruce MACD | Banda BB inferior | Rebote EMA50 | EMA semanal alcista
2026-09-11 16:43:01,SYF,9,1283.44,COMPRAR ★★★,EMA alcista | RSI 36 rebote | Cruce MACD | Banda BB inferior | Rebote EMA50 | EMA semanal alcista
2026-09-11 16:43:01,LCID,4,72.54,OBSERVAR,Golden Cross | Cruce MACD | Banda BB inferior
2026-09-11 16:43:01,GOOGL,7,5775.75,COMPRAR ★★,Golden Cross | RSI 46 óptimo | Cruce MACD | Rebote EMA50 | EMA semanal alcista
2026-09-11 16:43:01,MRK,7,2464.06,COMPRAR ★★,EMA alcista | RSI 37 rebote | Cruce MACD | BB zona baja | EMA semanal alcista
2026-09-11 16:43:01,AWK,4,2346.99,OBSERVAR,EMA alcista | RSI 59 óptimo
2026-09-11 16:43:01,CHTR,8,2430.38,COMPRAR ★★★,EMA alcista | RSI 45 óptimo | Cruce MACD | BB zona baja | Stoch 36 | Rebote EMA50
2026-09-11 16:43:01,VALE,8,258.25,COMPRAR ★★★,EMA alcista | RSI 60 óptimo | MACD positivo | EMA semanal alcista
2026-09-11 16:43:01,YPF,6,959.02,COMPRAR ★★,EMA alcista | MACD positivo | EMA semanal alcista
2026-09-11 16:43:01,STZ,4,2083.48,OBSERVAR,Golden Cross | Cruce MACD | Banda BB inferior
2026-09-11 16:43:01,TAN,6,803.34,COMPRAR ★★,Golden Cross | RSI 40 rebote | MACD positivo | BB zona baja | Stoch 33
2026-09-11 16:43:01,MO,7,1173.41,COMPRAR ★★,Golden Cross | RSI 65 óptimo | MACD positivo | EMA semanal alcista
2026-09-11 16:43:01,IP,6,584.88,COMPRAR ★★,Golden Cross | Cruce MACD | Banda BB inferior | EMA semanal alcista
2026-09-11 16:43:01,FUNO11.MX,8,29.93,COMPRAR ★★★,EMA alcista | RSI 54 óptimo | MACD positivo | EMA semanal alcista
2026-09-11 16:43:01,FISV,5,869.85,OBSERVAR,Golden Cross | RSI 44 rebote | Cruce MACD | BB zona baja | Rebote EMA50
2026-09-11 16:43:01,DUK,6,2030.2,COMPRAR ★★,Golden Cross | RSI 49 óptimo | Cruce MACD | BB zona baja | Rebote EMA50
2026-09-11 16:43:01,INCY,8,2078.39,COMPRAR ★★★,EMA alcista | RSI 39 rebote | Cruce MACD | Banda BB inferior | EMA semanal alcista
2026-09-11 16:43:01,VFC,7,222.53,COMPRAR ★★,Golden Cross | RSI 32 rebote | MACD positivo | Cruce MACD | BB zona baja | Stoch 33
2026-09-11 16:43:01,NFLX,6,1302.11,COMPRAR ★★,EMA alcista | RSI 42 rebote | Cruce MACD | BB zona baja | Rebote EMA50
2026-09-11 16:43:01,AC.MX,8,195.28,COMPRAR ★★★,Golden Cross | RSI 57 óptimo | MACD positivo | Rebote EMA50 | EMA semanal alcista
2026-09-11 16:43:01,LNT,6,1145.33,COMPRAR ★★,Golden Cross | RSI 46 óptimo | MACD positivo | BB zona baja
2026-09-11 16:43:01,INTU,5,5407.89,OBSERVAR,EMA alcista | Cruce MACD | Banda BB inferior
2026-09-11 16:43:01,SAP,8,3495.71,COMPRAR ★★★,EMA alcista | RSI 37 rebote | Cruce MACD | Banda BB inferior | EMA semanal alcista
2026-09-11 16:43:01,AIG,8,1268.68,COMPRAR ★★★,Golden Cross | RSI 42 rebote | Cruce MACD | Banda BB inferior | Rebote EMA50 | EMA semanal alcista
2026-09-11 16:43:01,NOK,7,186.39,VENDER,Golden Cross | RSI 62 óptimo | MACD positivo | EMA semanal alcista | 🛑 Stop Loss -34.1%
2026-09-11 16:43:01,IVVPESO.MX,8,154.8,COMPRAR ★★★,EMA alcista | RSI 44 rebote | Cruce MACD | Banda BB inferior | EMA semanal alcista
2026-09-11 16:43:01,SPGI,8,6930.75,COMPRAR ★★★,EMA alcista | RSI 39 rebote | Cruce MACD | Banda BB inferior | EMA semanal alcista
2026-09-11 16:43:01,GWW,9,21976.61,COMPRAR ★★★,Golden Cross | RSI 46 óptimo | Cruce MACD | BB zona baja | Stoch 43 | Rebote EMA50 | EMA semanal alcista
2026-09-11 16:43:01,CTSH,5,995.67,OBSERVAR,EMA alcista | RSI 39 rebote | Cruce MACD | BB zona baja
2026-09-11 16:43:01,AAPL,6,5668.02,COMPRAR ★★,EMA alcista | MACD positivo | EMA semanal alcista
2026-09-11 16:43:01,PLUG,8,36.4,VENDER,Golden Cross | RSI 43 rebote | MACD positivo | BB zona baja | Stoch 31 | EMA semanal alcista | 🛑 Stop Loss -46.5%
2026-09-11 16:43:01,IBM,5,4046.99,OBSERVAR,Golden Cross | RSI 53 óptimo | MACD positivo
2026-09-11 16:43:01,PYPL,9,912.87,COMPRAR ★★★,EMA alcista | RSI 32 rebote | Cruce MACD | BB zona baja | Stoch 26 | Rebote EMA50 | EMA semanal alcista
2026-09-11 16:43:01,GOOG,7,5724.77,COMPRAR ★★,Golden Cross | RSI 46 óptimo | Cruce MACD | Rebote EMA50 | EMA semanal alcista
2026-09-11 16:43:01,AI,7,177.55,COMPRAR ★★,EMA alcista | RSI 52 óptimo | Cruce MACD | EMA semanal alcista
2026-09-11 16:43:01,ROL,5,589.38,OBSERVAR,Golden Cross | MACD positivo | Banda BB inferior
2026-09-11 16:43:01,XLC,5,1913.03,OBSERVAR,EMA alcista | RSI 55 óptimo | Cruce MACD
2026-09-11 16:43:01,EQIX,8,17687.24,COMPRAR ★★★,Golden Cross | RSI 43 rebote | Cruce MACD | BB zona baja | Stoch 41 | Rebote EMA50 | EMA semanal alcista
2026-09-11 16:43:01,IBE.MC,9,396.93,COMPRAR ★★★,Golden Cross | RSI 53 óptimo | MACD positivo | Volumen alto | Rebote EMA50 | EMA semanal alcista
2026-09-11 16:43:01,BWXT,5,2552.98,OBSERVAR,Golden Cross | RSI 44 rebote | MACD positivo | BB zona baja
2026-09-11 16:43:01,XLB,8,865.36,COMPRAR ★★★,EMA alcista | Cruce MACD | Banda BB inferior | Rebote EMA50 | EMA semanal alcista
2026-09-11 16:43:01,TSM,8,7347.4,COMPRAR ★★★,EMA alcista | RSI 59 óptimo | MACD positivo | EMA semanal alcista
2026-09-11 16:43:01,VWO,7,1024.01,COMPRAR ★★,EMA alcista | RSI 49 óptimo | Cruce MACD | EMA semanal alcista
2026-09-11 16:43:01,HLT,7,5212.34,COMPRAR ★★,Golden Cross | Cruce MACD | Banda BB inferior | Stoch 21 | EMA semanal alcista
2026-09-11 16:43:01,BMY,8,1076.1,COMPRAR ★★★,EMA alcista | Cruce MACD | Banda BB inferior | Rebote EMA50 | EMA semanal alcista
2026-09-11 16:43:01,TSLA,5,6190.19,OBSERVAR,Golden Cross | RSI 51 óptimo | MACD positivo
2026-09-11 16:43:01,SRE,6,1418.25,COMPRAR ★★,Golden Cross | RSI 52 óptimo | MACD positivo | BB zona baja
2026-09-11 16:43:01,WALMEX.MX,5,45.74,OBSERVAR,Golden Cross | RSI 43 rebote | Cruce MACD | Banda BB inferior
2026-09-11 16:43:01,USB,7,1064.47,COMPRAR ★★,EMA alcista | RSI 55 óptimo | Cruce MACD | EMA semanal alcista
2026-09-11 16:43:01,PCG,4,235.26,OBSERVAR,Golden Cross | RSI 31 rebote | Cruce MACD | BB zona baja
2026-09-11 16:43:01,XOM,7,2810.38,COMPRAR ★★,EMA alcista | RSI 51 óptimo | Cruce MACD | EMA semanal alcista
2026-09-11 16:43:01,STE,7,3582.07,COMPRAR ★★,EMA alcista | Cruce MACD | Banda BB inferior | EMA semanal alcista
2026-09-11 16:43:01,DRI,9,3550.51,COMPRAR ★★★,EMA alcista | RSI 36 rebote | Cruce MACD | Banda BB inferior | Rebote EMA50 | EMA semanal alcista
2026-09-11 16:43:01,DVA,7,3097.22,COMPRAR ★★,Golden Cross | RSI 64 óptimo | MACD positivo | EMA semanal alcista
2026-09-11 16:43:01,BKR,7,973.95,COMPRAR ★★,EMA alcista | Cruce MACD | Banda BB inferior | EMA semanal alcista
2026-09-11 16:43:01,MGM,6,687.04,COMPRAR ★★,Golden Cross | Cruce MACD | Banda BB inferior | EMA semanal alcista
2026-09-11 16:43:01,SWK,7,1523.03,COMPRAR ★★,EMA alcista | Cruce MACD | Banda BB inferior | EMA semanal alcista
2026-09-11 16:43:01,ALPEKA.MX,6,13.78,COMPRAR ★★,EMA alcista | MACD positivo | EMA semanal alcista
2026-09-11 16:43:01,TTWO,6,3716.29,COMPRAR ★★,Golden Cross | Cruce MACD | BB zona baja | Stoch 31 | EMA semanal alcista
2026-09-11 16:43:01,HCA,7,7249.66,COMPRAR ★★,EMA alcista | RSI 49 óptimo | MACD positivo | Cruce MACD
2026-09-11 16:43:01,EWG,9,728.51,COMPRAR ★★★,EMA alcista | RSI 34 rebote | Cruce MACD | Banda BB inferior | Rebote EMA50 | EMA semanal alcista
2026-09-11 16:43:01,ELV,8,7079.14,COMPRAR ★★★,EMA alcista | RSI 61 óptimo | MACD positivo | EMA semanal alcista
2026-09-11 16:43:01,JPM,7,6054.79,COMPRAR ★★,EMA alcista | RSI 58 óptimo | Cruce MACD | EMA semanal alcista
2026-09-11 16:43:01,STT,7,3291.58,COMPRAR ★★,EMA alcista | RSI 64 óptimo | Cruce MACD | EMA semanal alcista
2026-09-11 16:43:01,UNH,6,6427.49,COMPRAR ★★,Golden Cross | RSI 42 rebote | Banda BB inferior | EMA semanal alcista
2026-09-11 16:43:01,KTOS,3,780.35,EVITAR,Golden Cross | Cruce MACD | BB zona baja
2026-09-11 16:43:01,BILL,8,809.02,COMPRAR ★★★,EMA alcista | RSI 49 óptimo | Cruce MACD | BB zona baja | EMA semanal alcista
2026-09-11 16:43:01,AVB,6,1156.19,COMPRAR ★★,Golden Cross | RSI 52 óptimo | MACD positivo | Volumen alto
2026-09-11 16:43:01,NTRS,9,3203.44,COMPRAR ★★★,EMA alcista | RSI 64 óptimo | MACD positivo | Cruce MACD | EMA semanal alcista
2026-09-11 16:43:01,BBVA.MC,7,500.3,COMPRAR ★★,EMA alcista | RSI 59 óptimo | Cruce MACD | EMA semanal alcista
2026-09-11 16:43:01,PCTY,8,2416.38,COMPRAR ★★★,EMA alcista | RSI 31 rebote | Cruce MACD | Banda BB inferior | EMA semanal alcista
2026-09-11 16:43:01,XEL,7,1280.47,COMPRAR ★★,Golden Cross | RSI 45 óptimo | Cruce MACD | BB zona baja | Stoch 24 | Rebote EMA50
2026-09-11 16:43:01,EWX,7,1232.88,COMPRAR ★★,EMA alcista | RSI 54 óptimo | Cruce MACD | EMA semanal alcista
2026-09-11 16:43:01,AOS,4,980.06,OBSERVAR,Golden Cross | Cruce MACD | Banda BB inferior
2026-09-11 16:43:01,ETN,10,7187.05,COMPRAR ★★★,EMA alcista | Golden Cross | RSI 52 óptimo | MACD positivo | Cruce MACD | EMA semanal alcista
2026-09-11 16:43:01,FIS,5,644.18,OBSERVAR,Golden Cross | RSI 32 rebote | Cruce MACD | Banda BB inferior
2026-09-11 16:43:01,PSA,6,5047.41,COMPRAR ★★,Golden Cross | Cruce MACD | Banda BB inferior | EMA semanal alcista
2026-09-11 16:43:01,URA,6,746.48,COMPRAR ★★,EMA alcista | RSI 43 rebote | Cruce MACD | BB zona baja | Rebote EMA50
2026-09-11 16:43:01,IRM,7,1949.01,COMPRAR ★★,Golden Cross | RSI 36 rebote | Cruce MACD | BB zona baja | Stoch 28 | EMA semanal alcista
2026-09-11 16:43:01,XYL,4,1815.34,OBSERVAR,Golden Cross | RSI 33 rebote | Cruce MACD | BB zona baja
2026-09-11 16:43:01,SNOW,7,5589.88,COMPRAR ★★,EMA alcista | RSI 49 óptimo | Cruce MACD | EMA semanal alcista
2026-09-11 16:43:01,NVDA,7,3713.83,COMPRAR ★★,EMA alcista | RSI 53 óptimo | Cruce MACD | EMA semanal alcista
2026-09-11 16:43:01,RKLB,6,1076.44,COMPRAR ★★,Golden Cross | Cruce MACD | BB zona baja | Stoch 20 | EMA semanal alcista
2026-09-11 16:43:01,WU,5,117.67,OBSERVAR,Golden Cross | RSI 33 rebote | Cruce MACD | Banda BB inferior
2026-09-11 16:43:01,DG,6,2090.94,COMPRAR ★★,EMA alcista | RSI 50 óptimo | Cruce MACD | BB zona baja
2026-09-11 16:43:01,PLTR,8,2823.78,VENDER,EMA alcista | RSI 40 rebote | Cruce MACD | Banda BB inferior | EMA semanal alcista | 🎯 Take Profit +23.7%
2026-09-11 16:43:01,APTV,6,780.6,COMPRAR ★★,Golden Cross | RSI 41 rebote | MACD positivo | BB zona baja | Stoch 49
2026-09-11 16:43:01,PNR,4,967.76,OBSERVAR,Golden Cross | Cruce MACD | Banda BB inferior
2026-09-11 16:43:01,VTRS,8,279.46,COMPRAR ★★★,EMA alcista | RSI 53 óptimo | Cruce MACD | Rebote EMA50 | EMA semanal alcista
2026-09-11 16:43:01,RVTY,8,2101.97,COMPRAR ★★★,EMA alcista | RSI 48 óptimo | Cruce MACD | Stoch 25 | EMA semanal alcista
2026-09-11 16:43:01,ALGN,6,2554.5,COMPRAR ★★,Golden Cross | Cruce MACD | Banda BB inferior | EMA semanal alcista
2026-09-11 16:43:01,KOFUBL.MX,8,187.07,COMPRAR ★★★,EMA alcista | RSI 46 óptimo | Cruce MACD | BB zona baja | EMA semanal alcista
2026-09-11 16:43:01,WEC,8,1793.33,COMPRAR ★★★,Golden Cross | RSI 48 óptimo | MACD positivo | BB zona baja | Stoch 26 | Rebote EMA50
2026-09-11 16:43:01,AMAT,7,7851.34,COMPRAR ★★,Golden Cross | RSI 38 rebote | MACD positivo | BB zona baja | EMA semanal alcista
2026-09-11 16:43:01,AVGO,8,6183.58,COMPRAR ★★★,Golden Cross | RSI 47 óptimo | MACD positivo | Cruce MACD | EMA semanal alcista
2026-09-11 16:43:01,IBN,10,494.78,COMPRAR ★★★,EMA alcista | RSI 42 rebote | Cruce MACD | Banda BB inferior | Stoch 21 | Rebote EMA50 | EMA semanal alcista
2026-09-11 16:43:01,TCEHY,5,926.1,OBSERVAR,Golden Cross | RSI 32 rebote | Cruce MACD | Banda BB inferior
2026-09-11 16:43:01,VRT,9,4358.35,COMPRAR ★★★,Golden Cross | RSI 48 óptimo | MACD positivo | BB zona baja | Stoch 24 | EMA semanal alcista
2026-09-11 16:43:01,VZ,5,859.59,OBSERVAR,EMA alcista | RSI 61 óptimo | Cruce MACD
2026-09-11 16:43:01,OKE,7,1640.87,COMPRAR ★★,EMA alcista | RSI 64 óptimo | Cruce MACD | EMA semanal alcista
2026-09-11 16:43:01,HPE,8,1028.59,COMPRAR ★★★,EMA alcista | RSI 62 óptimo | MACD positivo | EMA semanal alcista
2026-09-11 16:43:01,URI,5,16832.23,OBSERVAR,Golden Cross | Cruce MACD | BB zona baja | EMA semanal alcista
2026-09-11 16:43:01,CCJ,6,1647.49,COMPRAR ★★,EMA alcista | RSI 40 rebote | Cruce MACD | BB zona baja | Rebote EMA50
2026-09-11 16:43:01,VESTA.MX,6,57.2,COMPRAR ★★,Golden Cross | Cruce MACD | BB zona baja | Rebote EMA50 | EMA semanal alcista
2026-09-11 16:43:01,CFG,8,1185.96,COMPRAR ★★★,EMA alcista | RSI 50 óptimo | Cruce MACD | Rebote EMA50 | EMA semanal alcista
2026-09-11 16:43:01,CABK.MC,8,262.75,COMPRAR ★★★,EMA alcista | RSI 62 óptimo | Cruce MACD | Volumen alto | EMA semanal alcista
2026-09-11 16:43:01,MCO,9,7983.69,COMPRAR ★★★,EMA alcista | RSI 34 rebote | Cruce MACD | Banda BB inferior | Rebote EMA50 | EMA semanal alcista
2026-09-11 16:43:01,CME,5,4664.79,OBSERVAR,EMA alcista | RSI 52 óptimo | Cruce MACD
2026-09-11 16:43:01,ARM,8,4426.56,VENDER,Golden Cross | RSI 59 óptimo | MACD positivo | Rebote EMA50 | EMA semanal alcista | 🛑 Stop Loss -26.4%
2026-09-11 16:43:01,CTAS,8,3433.94,COMPRAR ★★★,EMA alcista | RSI 47 óptimo | Cruce MACD | Stoch 50 | EMA semanal alcista
2026-09-11 16:43:01,EMN,6,1153.98,COMPRAR ★★,Golden Cross | Cruce MACD | Banda BB inferior | EMA semanal alcista
2026-09-11 16:43:01,AMP,9,9384.16,COMPRAR ★★★,EMA alcista | RSI 48 óptimo | Cruce MACD | BB zona baja | Stoch 45 | EMA semanal alcista
2026-09-11 16:43:01,DAL,7,1355.9,COMPRAR ★★,Golden Cross | RSI 42 rebote | Cruce MACD | BB zona baja | Stoch 44 | EMA semanal alcista
2026-09-11 16:43:01,UNP,8,4829.29,COMPRAR ★★★,EMA alcista | Cruce MACD | Banda BB inferior | Rebote EMA50 | EMA semanal alcista
2026-09-11 16:43:01,EL,6,1640.45,COMPRAR ★★,EMA alcista | RSI 39 rebote | Cruce MACD | EMA semanal alcista
2026-09-11 16:43:01,AFL,9,1953.84,COMPRAR ★★★,Golden Cross | RSI 47 óptimo | Cruce MACD | BB zona baja | Stoch 28 | Rebote EMA50 | EMA semanal alcista
2026-09-11 16:43:01,AME,6,4090.43,COMPRAR ★★,Golden Cross | RSI 52 óptimo | Cruce MACD | EMA semanal alcista
2026-09-11 16:43:01,NOC,3,8786.59,EVITAR,Golden Cross | Cruce MACD | BB zona baja
2026-09-11 16:43:01,INFY,4,184.86,OBSERVAR,Golden Cross | Cruce MACD | Banda BB inferior
2026-09-11 16:43:01,KRE,9,1252.39,COMPRAR ★★★,EMA alcista | RSI 43 rebote | Cruce MACD | BB zona baja | Stoch 44 | Rebote EMA50 | EMA semanal alcista
2026-09-11 16:43:01,XLE,7,1105.62,COMPRAR ★★,EMA alcista | RSI 60 óptimo | Cruce MACD | EMA semanal alcista
2026-09-11 16:43:01,CIBR,8,1597.52,COMPRAR ★★★,EMA alcista | RSI 49 óptimo | Cruce MACD | BB zona baja | EMA semanal alcista
2026-09-11 16:43:01,PFG,8,1960.8,COMPRAR ★★★,EMA alcista | RSI 64 óptimo | MACD positivo | EMA semanal alcista
2026-09-11 16:43:01,ADSK,5,3614.31,OBSERVAR,EMA alcista | Cruce MACD | Banda BB inferior
2026-09-11 16:43:01,ALLE,8,2581.31,COMPRAR ★★★,EMA alcista | Cruce MACD | Banda BB inferior | Rebote EMA50 | EMA semanal alcista
2026-09-11 16:43:01,KMB,6,1671.07,COMPRAR ★★,Golden Cross | Cruce MACD | Banda BB inferior | EMA semanal alcista
2026-09-11 16:43:01,IDXX,4,8546.98,OBSERVAR,Golden Cross | Cruce MACD | Banda BB inferior
2026-09-11 16:43:01,FIBRAMQ12.MX,9,43.01,COMPRAR ★★★,EMA alcista | RSI 50 óptimo | Cruce MACD | BB zona baja | Rebote EMA50 | EMA semanal alcista
2026-09-11 16:43:01,ADM,6,1485.36,COMPRAR ★★,EMA alcista | MACD positivo | EMA semanal alcista
2026-09-11 16:43:01,DXCM,7,1416.05,COMPRAR ★★,EMA alcista | Cruce MACD | Banda BB inferior | EMA semanal alcista
2026-09-11 16:43:01,PINFRA.MX,6,263.94,COMPRAR ★★,Golden Cross | RSI 54 óptimo | MACD positivo | Rebote EMA50
2026-09-11 16:43:01,LW,7,808.94,COMPRAR ★★,EMA alcista | Cruce MACD | Banda BB inferior | EMA semanal alcista
2026-09-11 16:43:01,RSG,5,3789.08,OBSERVAR,EMA alcista | RSI 55 óptimo | Cruce MACD
2026-09-11 16:43:01,PEG,7,1229.32,COMPRAR ★★,Golden Cross | RSI 55 óptimo | MACD positivo | BB zona baja | Stoch 27
2026-09-11 16:43:01,SMH,7,9671.31,COMPRAR ★★,Golden Cross | RSI 54 óptimo | MACD positivo | EMA semanal alcista
2026-09-11 16:43:01,DHI,8,2336.3,COMPRAR ★★★,Golden Cross | RSI 33 rebote | Cruce MACD | Banda BB inferior | Stoch 22 | EMA semanal alcista
2026-09-11 16:43:01,ANA.MC,7,4099.24,COMPRAR ★★,Golden Cross | RSI 48 óptimo | MACD positivo | EMA semanal alcista
2026-09-11 16:43:01,ALK,10,695.34,COMPRAR ★★★,Golden Cross | RSI 53 óptimo | MACD positivo | Cruce MACD | BB zona baja | Stoch 32 | EMA semanal alcista
2026-09-11 16:43:01,FMTY14.MX,7,14.23,COMPRAR ★★,Golden Cross | RSI 37 rebote | Cruce MACD | Stoch 33 | Rebote EMA50 | EMA semanal alcista
2026-09-11 16:43:01,GRF.MC,8,193.38,COMPRAR ★★★,EMA alcista | RSI 45 óptimo | Cruce MACD | BB zona baja | EMA semanal alcista
2026-09-11 16:43:01,EEM,8,1151.27,COMPRAR ★★★,EMA alcista | RSI 54 óptimo | MACD positivo | EMA semanal alcista
2026-09-11 16:43:01,ORLY,5,1456.6,OBSERVAR,Golden Cross | RSI 35 rebote | Cruce MACD | Banda BB inferior
2026-09-11 16:43:01,L,7,1845.15,COMPRAR ★★,Golden Cross | RSI 44 rebote | Cruce MACD | BB zona baja | Rebote EMA50 | EMA semanal alcista
2026-09-11 16:43:01,LIN,6,7898.94,COMPRAR ★★,Golden Cross | Cruce MACD | Banda BB inferior | EMA semanal alcista
2026-09-11 16:43:01,ULTA,5,9143.78,OBSERVAR,EMA alcista | RSI 57 óptimo | Cruce MACD
2026-09-11 16:43:01,DBC,6,562.31,COMPRAR ★★,EMA alcista | MACD positivo | EMA semanal alcista
2026-09-11 16:43:01,CB,8,5709.07,COMPRAR ★★★,Golden Cross | RSI 45 rebote | Cruce MACD | Banda BB inferior | Rebote EMA50 | EMA semanal alcista
2026-09-11 16:43:01,MTD,7,22008.42,COMPRAR ★★,EMA alcista | Cruce MACD | Banda BB inferior | EMA semanal alcista
2026-09-11 16:43:01,GL,9,2910.06,COMPRAR ★★★,Golden Cross | RSI 51 óptimo | Cruce MACD | BB zona baja | Stoch 41 | Rebote EMA50 | EMA semanal alcista
2026-09-11 16:43:01,PRU,9,2006.36,COMPRAR ★★★,EMA alcista | RSI 46 óptimo | Cruce MACD | BB zona baja | Stoch 23 | EMA semanal alcista
2026-09-11 16:43:01,KEYS,5,5711.7,OBSERVAR,Golden Cross | MACD positivo | EMA semanal alcista
2026-09-11 16:43:01,ITW,8,4553.99,COMPRAR ★★★,Golden Cross | RSI 32 rebote | Cruce MACD | BB zona baja | Stoch 28 | Rebote EMA50 | EMA semanal alcista
2026-09-11 16:43:01,XLY,9,1916.0,COMPRAR ★★★,Golden Cross | RSI 32 rebote | Cruce MACD | Banda BB inferior | Stoch 24 | Rebote EMA50 | EMA semanal alcista
2026-09-11 16:43:01,TYL,6,5675.05,COMPRAR ★★,EMA alcista | RSI 42 rebote | Cruce MACD | BB zona baja | Rebote EMA50
2026-09-11 16:43:01,ATO,5,2786.92,OBSERVAR,Golden Cross | RSI 45 óptimo | Banda BB inferior
2026-09-11 16:43:01,MCHP,7,1262.06,COMPRAR ★★,Golden Cross | RSI 46 óptimo | MACD positivo | EMA semanal alcista
2026-09-11 16:43:01,CHD,6,1588.53,COMPRAR ★★,RSI 31 rebote | Cruce MACD | Banda BB inferior | EMA semanal alcista
2026-09-11 16:43:01,MTB,9,4068.12,COMPRAR ★★★,EMA alcista | RSI 52 óptimo | MACD positivo | Cruce MACD | EMA semanal alcista
2026-09-11 16:43:01,FICO,5,16596.37,OBSERVAR,Golden Cross | Cruce MACD | Banda BB inferior | Stoch 31
2026-09-11 16:43:01,SOXX,7,8961.7,COMPRAR ★★,Golden Cross | RSI 53 óptimo | MACD positivo | EMA semanal alcista
2026-09-11 16:43:01,FXI,7,585.81,COMPRAR ★★,EMA alcista | RSI 32 rebote | Cruce MACD | Banda BB inferior | Rebote EMA50
2026-09-11 16:43:01,BALL,10,1026.04,COMPRAR ★★★,EMA alcista | RSI 32 rebote | Cruce MACD | Banda BB inferior | Stoch 21 | Rebote EMA50 | EMA semanal alcista
2026-09-11 16:43:01,APA,7,759.14,COMPRAR ★★,EMA alcista | RSI 57 óptimo | Cruce MACD | EMA semanal alcista
2026-09-11 16:43:01,SO,7,1492.49,COMPRAR ★★,Golden Cross | RSI 43 rebote | MACD positivo | Cruce MACD | BB zona baja | Stoch 24
2026-09-11 16:43:01,VNO,7,605.41,COMPRAR ★★,Golden Cross | RSI 38 rebote | Cruce MACD | BB zona baja | Stoch 27 | EMA semanal alcista
2026-09-11 16:43:01,COO,6,904.41,COMPRAR ★★,Golden Cross | Cruce MACD | Banda BB inferior | EMA semanal alcista
2026-09-11 16:43:01,GPN,9,1507.08,COMPRAR ★★★,EMA alcista | RSI 36 rebote | Cruce MACD | Banda BB inferior | Stoch 27 | EMA semanal alcista
2026-09-11 16:43:01,EXPE,9,4730.96,COMPRAR ★★★,EMA alcista | RSI 32 rebote | Cruce MACD | Banda BB inferior | Stoch 22 | EMA semanal alcista
2026-09-11 16:43:01,BKNG,7,2958.68,COMPRAR ★★,EMA alcista | Cruce MACD | Banda BB inferior | EMA semanal alcista
2026-09-11 16:43:01,TMUS,4,3110.2,OBSERVAR,Golden Cross | RSI 52 óptimo | Cruce MACD
2026-09-11 16:43:01,IQV,8,4434.87,COMPRAR ★★★,EMA alcista | RSI 52 óptimo | Cruce MACD | Stoch 46 | EMA semanal alcista
2026-09-11 16:43:01,ACX.MC,8,343.57,COMPRAR ★★★,EMA alcista | RSI 55 óptimo | Cruce MACD | BB zona baja | EMA semanal alcista
2026-09-11 16:43:01,VLO,6,6721.71,COMPRAR ★★,EMA alcista | MACD positivo | EMA semanal alcista
2026-09-11 16:43:01,ISRG,3,6253.57,EVITAR,Golden Cross | RSI 43 rebote | Cruce MACD
2026-09-11 16:43:01,FTNT,7,2644.09,COMPRAR ★★,EMA alcista | RSI 52 óptimo | Cruce MACD | EMA semanal alcista
2026-09-11 16:43:01,TFC,10,855.26,COMPRAR ★★★,EMA alcista | RSI 50 óptimo | Cruce MACD | BB zona baja | Stoch 48 | Rebote EMA50 | EMA semanal alcista
2026-09-11 16:43:01,MOS,6,427.59,COMPRAR ★★,EMA alcista | RSI 58 óptimo | MACD positivo
2026-09-11 16:43:01,EBAY,7,1815.89,COMPRAR ★★,Golden Cross | RSI 56 óptimo | MACD positivo | EMA semanal alcista
2026-09-11 16:43:01,ARKK,7,1423.51,COMPRAR ★★,EMA alcista | RSI 45 rebote | Cruce MACD | Stoch 27 | EMA semanal alcista
2026-09-11 16:43:01,RTX,7,3356.06,COMPRAR ★★,EMA alcista | Cruce MACD | Banda BB inferior | EMA semanal alcista
2026-09-11 19:32:04,PATH,8,234.96,COMPRAR ★★★,EMA alcista | RSI 35 rebote | Cruce MACD | Banda BB inferior | EMA semanal alcista
2026-09-11 19:32:04,SMCI,7,676.8,COMPRAR ★★,EMA alcista | RSI 57 óptimo | Cruce MACD | EMA semanal alcista
2026-09-11 19:32:04,IT,8,3029.01,COMPRAR ★★★,EMA alcista | RSI 39 rebote | Cruce MACD | BB zona baja | Stoch 34 | EMA semanal alcista
2026-09-11 19:32:04,MCO,9,8035.18,COMPRAR ★★★,EMA alcista | RSI 36 rebote | Cruce MACD | Banda BB inferior | Rebote EMA50 | EMA semanal alcista
2026-09-11 19:32:04,OKE,7,1640.72,COMPRAR ★★,EMA alcista | RSI 64 óptimo | Cruce MACD | EMA semanal alcista
2026-09-11 19:32:04,EXPD,7,3260.83,COMPRAR ★★,EMA alcista | RSI 61 óptimo | Cruce MACD | EMA semanal alcista
2026-09-11 19:32:04,ADSK,5,3610.18,OBSERVAR,EMA alcista | Cruce MACD | Banda BB inferior
2026-09-11 19:32:04,SBUX,5,1674.32,OBSERVAR,Cruce MACD | Banda BB inferior | EMA semanal alcista
2026-09-11 19:32:04,BR,5,2849.2,OBSERVAR,EMA alcista | Cruce MACD | Banda BB inferior
2026-09-11 19:32:04,LRCX,7,5078.81,COMPRAR ★★,Golden Cross | RSI 43 rebote | MACD positivo | BB zona baja | EMA semanal alcista
2026-09-11 19:32:04,SOXX,8,8943.19,COMPRAR ★★★,Golden Cross | RSI 53 óptimo | MACD positivo | Rebote EMA50 | EMA semanal alcista
2026-09-11 19:32:04,DIA,10,8928.6,COMPRAR ★★★,EMA alcista | RSI 43 rebote | Cruce MACD | Banda BB inferior | Stoch 35 | Rebote EMA50 | EMA semanal alcista
2026-09-11 19:32:04,IVVPESO.MX,8,154.8,COMPRAR ★★★,EMA alcista | RSI 44 rebote | Cruce MACD | Banda BB inferior | EMA semanal alcista
2026-09-11 19:32:04,INVH,6,467.8,COMPRAR ★★,Golden Cross | Cruce MACD | Banda BB inferior | EMA semanal alcista
2026-09-11 19:32:04,EXC,7,731.35,COMPRAR ★★,Golden Cross | RSI 46 óptimo | MACD positivo | Banda BB inferior
2026-09-11 19:32:04,MPC,6,6748.04,COMPRAR ★★,EMA alcista | MACD positivo | EMA semanal alcista
2026-09-11 19:32:04,VIS.MC,7,1062.68,COMPRAR ★★,Golden Cross | Cruce MACD | Volumen alto | Banda BB inferior | EMA semanal alcista
2026-09-11 19:32:04,SAN.MC,7,253.59,COMPRAR ★★,EMA alcista | RSI 56 óptimo | Cruce MACD | EMA semanal alcista
2026-09-11 19:32:04,EWU,9,812.3,COMPRAR ★★★,EMA alcista | RSI 35 rebote | Cruce MACD | Banda BB inferior | Stoch 21 | EMA semanal alcista
2026-09-11 19:32:04,WDAY,8,3155.35,COMPRAR ★★★,EMA alcista | RSI 39 rebote | Cruce MACD | Banda BB inferior | EMA semanal alcista
2026-09-11 19:32:04,SNOW,7,5526.15,COMPRAR ★★,EMA alcista | RSI 47 óptimo | Cruce MACD | EMA semanal alcista
2026-09-11 19:32:04,UNG,5,172.76,OBSERVAR,Golden Cross | RSI 55 óptimo | Stoch 34 | Rebote EMA50
2026-09-11 19:32:04,KMI,7,524.56,COMPRAR ★★,Golden Cross | RSI 49 óptimo | Cruce MACD | Banda BB inferior | Rebote EMA50
2026-09-11 19:32:04,LOG.MC,9,691.14,COMPRAR ★★★,EMA alcista | RSI 41 rebote | Cruce MACD | Banda BB inferior | Stoch 21 | EMA semanal alcista
2026-09-11 19:32:04,ALL,9,4309.1,COMPRAR ★★★,EMA alcista | RSI 51 óptimo | Cruce MACD | BB zona baja | Stoch 22 | EMA semanal alcista
2026-09-11 19:32:04,SYK,4,4669.3,OBSERVAR,Golden Cross | Cruce MACD | Banda BB inferior
2026-09-11 19:32:04,GCC.MX,6,184.05,COMPRAR ★★,Golden Cross | Cruce MACD | Banda BB inferior | EMA semanal alcista
2026-09-11 19:32:04,DDOG,6,3745.68,COMPRAR ★★,Golden Cross | RSI 42 rebote | Cruce MACD | BB zona baja | EMA semanal alcista
2026-09-11 19:32:04,DD,6,2158.33,COMPRAR ★★,Golden Cross | Cruce MACD | Banda BB inferior | EMA semanal alcista
2026-09-11 19:32:04,BA,6,3572.83,COMPRAR ★★,Golden Cross | RSI 44 rebote | Cruce MACD | Rebote EMA50 | EMA semanal alcista
2026-09-11 19:32:04,VMC,6,4291.96,COMPRAR ★★,Golden Cross | Cruce MACD | Banda BB inferior | EMA semanal alcista
2026-09-11 19:32:04,XLB,8,864.91,COMPRAR ★★★,EMA alcista | Cruce MACD | Banda BB inferior | Rebote EMA50 | EMA semanal alcista
2026-09-11 19:32:04,TER,7,6437.48,COMPRAR ★★,Golden Cross | RSI 51 óptimo | MACD positivo | EMA semanal alcista
2026-09-11 19:32:04,PFE,7,468.77,COMPRAR ★★,EMA alcista | RSI 44 rebote | Cruce MACD | BB zona baja | EMA semanal alcista
2026-09-11 19:32:04,AON,6,5159.67,COMPRAR ★★,Golden Cross | Cruce MACD | Banda BB inferior | EMA semanal alcista
2026-09-11 19:32:04,RTX,7,3353.99,COMPRAR ★★,EMA alcista | Cruce MACD | Banda BB inferior | EMA semanal alcista
2026-09-11 19:32:04,D,8,1102.07,COMPRAR ★★★,Golden Cross | RSI 41 rebote | Cruce MACD | BB zona baja | Stoch 32 | Rebote EMA50 | EMA semanal alcista
2026-09-11 19:32:04,GOOGL,8,5751.35,COMPRAR ★★★,Golden Cross | RSI 45 rebote | Cruce MACD | BB zona baja | Stoch 47 | Rebote EMA50 | EMA semanal alcista
2026-09-11 19:32:04,OMC,7,1340.43,COMPRAR ★★,EMA alcista | Cruce MACD | Banda BB inferior | EMA semanal alcista
2026-09-11 19:32:04,EWH,8,382.09,COMPRAR ★★★,EMA alcista | RSI 32 rebote | Cruce MACD | BB zona baja | Rebote EMA50 | EMA semanal alcista
2026-09-11 19:32:04,NOK,7,188.46,VENDER,Golden Cross | RSI 63 óptimo | MACD positivo | EMA semanal alcista | 🛑 Stop Loss -33.3%
2026-09-11 19:32:04,EWA,9,496.82,COMPRAR ★★★,EMA alcista | RSI 37 rebote | Cruce MACD | Banda BB inferior | Rebote EMA50 | EMA semanal alcista
2026-09-11 19:32:04,DAL,7,1356.26,COMPRAR ★★,Golden Cross | RSI 42 rebote | Cruce MACD | BB zona baja | Stoch 44 | EMA semanal alcista
2026-09-11 19:32:04,META,4,11042.89,OBSERVAR,EMA alcista | MACD positivo
2026-09-11 19:32:04,TDY,7,10280.31,COMPRAR ★★,Golden Cross | RSI 30 rebote | Cruce MACD | BB zona baja | Stoch 32 | EMA semanal alcista
2026-09-11 19:32:04,APPN,8,580.99,COMPRAR ★★★,EMA alcista | RSI 39 rebote | Cruce MACD | Banda BB inferior | EMA semanal alcista
2026-09-11 19:32:04,GRMN,8,4766.38,COMPRAR ★★★,EMA alcista | RSI 32 rebote | Cruce MACD | BB zona baja | Stoch 42 | EMA semanal alcista
2026-09-11 19:32:04,PPL,7,578.87,COMPRAR ★★,Golden Cross | RSI 50 óptimo | MACD positivo | BB zona baja | Rebote EMA50
2026-09-11 19:32:04,HDB,8,396.52,COMPRAR ★★★,Golden Cross | RSI 48 óptimo | MACD positivo | Cruce MACD | Volumen alto | Rebote EMA50
2026-09-11 19:32:04,ROBO,8,1339.13,COMPRAR ★★★,Golden Cross | RSI 41 rebote | Cruce MACD | BB zona baja | Stoch 25 | Rebote EMA50 | EMA semanal alcista
2026-09-11 19:32:04,PBR,6,357.23,COMPRAR ★★,EMA alcista | MACD positivo | EMA semanal alcista
2026-09-11 19:32:04,HSY,3,2937.37,EVITAR,Golden Cross | Cruce MACD | BB zona baja
2026-09-11 19:32:04,ALLE,9,2596.34,COMPRAR ★★★,EMA alcista | RSI 31 rebote | Cruce MACD | Banda BB inferior | Rebote EMA50 | EMA semanal alcista
2026-09-11 19:32:04,CRWD,7,3504.61,COMPRAR ★★,EMA alcista | RSI 56 óptimo | Cruce MACD | EMA semanal alcista
2026-09-11 19:32:04,EWT,6,1880.43,COMPRAR ★★,EMA alcista | MACD positivo | EMA semanal alcista
2026-09-11 19:32:04,GIS,7,606.11,COMPRAR ★★,EMA alcista | Cruce MACD | Banda BB inferior | EMA semanal alcista
2026-09-11 19:32:04,XLU,7,719.39,COMPRAR ★★,Golden Cross | RSI 46 óptimo | MACD positivo | Banda BB inferior
2026-09-11 19:32:04,CI,8,4740.07,COMPRAR ★★★,Golden Cross | RSI 54 óptimo | MACD positivo | Rebote EMA50 | EMA semanal alcista
2026-09-11 19:32:04,IBN,9,498.09,COMPRAR ★★★,EMA alcista | RSI 44 rebote | Cruce MACD | BB zona baja | Stoch 31 | Rebote EMA50 | EMA semanal alcista
2026-09-11 19:32:04,KR,7,994.99,COMPRAR ★★,Golden Cross | RSI 54 óptimo | MACD positivo | Cruce MACD | Volumen alto
2026-09-11 19:32:04,ISRG,5,6306.97,OBSERVAR,Golden Cross | RSI 45 óptimo | Cruce MACD | Rebote EMA50
2026-09-11 19:32:04,JETS,7,479.34,COMPRAR ★★,Golden Cross | RSI 37 rebote | Cruce MACD | BB zona baja | Stoch 26 | EMA semanal alcista
2026-09-11 19:32:04,ENG.MC,9,323.33,COMPRAR ★★★,Golden Cross | RSI 37 rebote | Cruce MACD | Volumen alto | Banda BB inferior | Rebote EMA50 | EMA semanal alcista
2026-09-11 19:32:04,ACX.MC,8,343.4,COMPRAR ★★★,EMA alcista | RSI 55 óptimo | Cruce MACD | BB zona baja | EMA semanal alcista
2026-09-11 19:32:04,FIS,5,645.65,OBSERVAR,Golden Cross | RSI 33 rebote | Cruce MACD | Banda BB inferior
2026-09-11 19:32:04,IQV,8,4444.44,COMPRAR ★★★,EMA alcista | RSI 53 óptimo | Cruce MACD | Stoch 49 | EMA semanal alcista
2026-09-11 19:32:04,EWZ,6,645.91,COMPRAR ★★,EMA alcista | MACD positivo | EMA semanal alcista
2026-09-11 19:32:04,FDS,8,4404.9,COMPRAR ★★★,EMA alcista | RSI 31 rebote | Cruce MACD | Banda BB inferior | EMA semanal alcista
2026-09-11 19:32:04,XLK,8,3188.45,COMPRAR ★★★,EMA alcista | RSI 58 óptimo | MACD positivo | EMA semanal alcista
2026-09-11 19:32:04,EIX,4,947.39,OBSERVAR,Golden Cross | RSI 30 rebote | Cruce MACD | BB zona baja
2026-09-11 19:32:04,NEE,7,1398.81,COMPRAR ★★,Golden Cross | RSI 46 óptimo | MACD positivo | BB zona baja | Stoch 46
2026-09-11 19:32:04,EBAY,7,1819.42,COMPRAR ★★,Golden Cross | RSI 57 óptimo | MACD positivo | EMA semanal alcista
2026-09-11 19:32:04,SO,5,1477.8,OBSERVAR,Golden Cross | RSI 38 rebote | Cruce MACD | Banda BB inferior
2026-09-11 19:32:04,J,7,2406.44,COMPRAR ★★,EMA alcista | Cruce MACD | Banda BB inferior | EMA semanal alcista
2026-09-11 19:32:04,VRT,9,4380.89,COMPRAR ★★★,Golden Cross | RSI 48 óptimo | MACD positivo | BB zona baja | Stoch 26 | EMA semanal alcista
2026-09-11 19:32:04,WFC,6,1534.74,COMPRAR ★★,EMA alcista | MACD positivo | EMA semanal alcista
2026-09-11 19:32:04,ALGN,6,2566.0,COMPRAR ★★,Golden Cross | Cruce MACD | Banda BB inferior | EMA semanal alcista
2026-09-11 19:32:04,PAYX,8,1963.16,COMPRAR ★★★,EMA alcista | Cruce MACD | Banda BB inferior | Rebote EMA50 | EMA semanal alcista
2026-09-11 19:32:04,ELE.MC,7,828.5,COMPRAR ★★,EMA alcista | RSI 61 óptimo | Cruce MACD | EMA semanal alcista
2026-09-11 19:32:04,ANET,7,3387.85,COMPRAR ★★,EMA alcista | RSI 60 óptimo | Cruce MACD | EMA semanal alcista
2026-09-11 19:32:04,ALPEKA.MX,6,13.88,COMPRAR ★★,EMA alcista | MACD positivo | EMA semanal alcista
2026-09-11 19:32:04,TLEVISACPO.MX,5,8.03,OBSERVAR,Golden Cross | Cruce MACD | Volumen alto | Banda BB inferior
2026-09-11 19:32:04,DUOL,8,2461.08,COMPRAR ★★★,EMA alcista | RSI 49 óptimo | Cruce MACD | Stoch 26 | EMA semanal alcista
2026-09-11 19:32:04,HAS,6,1556.89,COMPRAR ★★,EMA alcista | RSI 44 rebote | Cruce MACD | BB zona baja | Stoch 38
2026-09-11 19:32:04,FANG,6,3470.16,COMPRAR ★★,EMA alcista | RSI 40 rebote | Cruce MACD | EMA semanal alcista
2026-09-11 19:32:04,YPF,7,938.9,COMPRAR ★★,EMA alcista | MACD positivo | Volumen alto | EMA semanal alcista
2026-09-11 19:32:04,GS,8,17459.07,COMPRAR ★★★,EMA alcista | RSI 48 óptimo | MACD positivo | EMA semanal alcista
2026-09-11 19:32:04,SMSNN.MX,8,85000.0,COMPRAR ★★★,EMA alcista | RSI 61 óptimo | MACD positivo | EMA semanal alcista
2026-09-11 19:32:04,WAB,9,4807.53,COMPRAR ★★★,EMA alcista | RSI 31 rebote | Cruce MACD | BB zona baja | Stoch 30 | Rebote EMA50 | EMA semanal alcista
2026-09-11 19:32:04,GWW,8,21833.08,COMPRAR ★★★,Golden Cross | RSI 44 rebote | Cruce MACD | BB zona baja | Stoch 31 | Rebote EMA50 | EMA semanal alcista
2026-09-11 19:32:04,FLR,7,915.06,COMPRAR ★★,EMA alcista | RSI 55 óptimo | Cruce MACD | EMA semanal alcista
2026-09-11 19:32:04,CINF,9,2876.53,COMPRAR ★★★,Golden Cross | RSI 53 óptimo | MACD positivo | BB zona baja | Rebote EMA50 | EMA semanal alcista
2026-09-11 19:32:04,MNDY,10,1472.8,COMPRAR ★★★,EMA alcista | RSI 46 óptimo | Cruce MACD | BB zona baja | Stoch 33 | Rebote EMA50 | EMA semanal alcista
2026-09-11 19:32:04,GMEXICOB.MX,6,218.19,COMPRAR ★★,EMA alcista | Cruce MACD | BB zona baja | EMA semanal alcista
2026-09-11 19:32:04,LH,7,5290.09,COMPRAR ★★,EMA alcista | Cruce MACD | Banda BB inferior | EMA semanal alcista
2026-09-11 19:32:04,XLV,8,2809.58,COMPRAR ★★★,EMA alcista | Cruce MACD | Banda BB inferior | Rebote EMA50 | EMA semanal alcista
2026-09-11 19:32:04,INDA,10,823.25,COMPRAR ★★★,EMA alcista | RSI 38 rebote | Cruce MACD | Banda BB inferior | Stoch 21 | Rebote EMA50 | EMA semanal alcista
2026-09-11 19:32:04,SOFI,8,292.83,COMPRAR ★★★,EMA alcista | RSI 38 rebote | Cruce MACD | Banda BB inferior | EMA semanal alcista
2026-09-11 19:32:04,XLRE,7,736.53,COMPRAR ★★,Golden Cross | Cruce MACD | Banda BB inferior | Rebote EMA50 | EMA semanal alcista
2026-09-11 19:32:04,AC.MX,8,196.22,COMPRAR ★★★,Golden Cross | RSI 59 óptimo | MACD positivo | Rebote EMA50 | EMA semanal alcista
2026-09-11 19:32:04,FIBRAPL14.MX,7,75.93,COMPRAR ★★,Golden Cross | RSI 53 óptimo | MACD positivo | EMA semanal alcista
2026-09-11 19:32:04,LW,7,804.75,COMPRAR ★★,EMA alcista | Cruce MACD | Banda BB inferior | EMA semanal alcista
2026-09-11 19:32:04,AMGN,7,6423.22,COMPRAR ★★,EMA alcista | Cruce MACD | Banda BB inferior | EMA semanal alcista
2026-09-11 19:32:04,VTRS,7,280.27,COMPRAR ★★,EMA alcista | RSI 54 óptimo | Cruce MACD | EMA semanal alcista
2026-09-11 19:32:04,CDW,9,2614.67,COMPRAR ★★★,EMA alcista | RSI 65 óptimo | MACD positivo | Cruce MACD | EMA semanal alcista
2026-09-11 19:32:04,ARKK,6,1420.27,COMPRAR ★★,EMA alcista | RSI 44 rebote | Cruce MACD | EMA semanal alcista
2026-09-11 19:32:04,OTIS,6,1177.0,COMPRAR ★★,Golden Cross | RSI 40 rebote | Cruce MACD | Banda BB inferior | Stoch 35
2026-09-11 19:32:04,BKR,8,1001.8,COMPRAR ★★★,EMA alcista | RSI 33 rebote | Cruce MACD | Banda BB inferior | EMA semanal alcista
2026-09-11 19:32:04,WYNN,4,1490.53,OBSERVAR,Golden Cross | Cruce MACD | Banda BB inferior
2026-09-11 19:32:04,PG,6,2461.08,COMPRAR ★★,Golden Cross | RSI 51 óptimo | Cruce MACD | Stoch 49 | Rebote EMA50
2026-09-11 19:32:04,FEMSAUBD.MX,7,198.62,COMPRAR ★★,Golden Cross | RSI 38 rebote | Cruce MACD | Banda BB inferior | EMA semanal alcista
2026-09-11 19:32:04,LYB,5,1081.2,OBSERVAR,EMA alcista | RSI 38 rebote | Cruce MACD | BB zona baja
2026-09-11 19:32:04,MEL.MC,8,192.86,COMPRAR ★★★,Golden Cross | RSI 38 rebote | Cruce MACD | Volumen alto | Banda BB inferior | EMA semanal alcista
2026-09-11 19:32:04,UHS,5,2965.2,OBSERVAR,EMA alcista | RSI 46 óptimo | Cruce MACD
2026-09-11 19:32:04,WY,6,374.29,COMPRAR ★★,Golden Cross | Cruce MACD | Banda BB inferior | EMA semanal alcista
2026-09-11 19:32:04,SLB,7,952.31,COMPRAR ★★,EMA alcista | RSI 59 óptimo | Cruce MACD | EMA semanal alcista
2026-09-11 19:32:04,A,8,2485.86,COMPRAR ★★★,EMA alcista | RSI 31 rebote | Cruce MACD | BB zona baja | Stoch 23 | EMA semanal alcista
2026-09-11 19:32:04,BDX,7,3007.79,COMPRAR ★★,EMA alcista | Cruce MACD | Banda BB inferior | EMA semanal alcista
2026-09-11 19:32:04,KWEB,4,417.99,OBSERVAR,Golden Cross | Cruce MACD | Banda BB inferior
2026-09-11 19:32:04,HLT,7,5209.31,COMPRAR ★★,Golden Cross | Cruce MACD | Banda BB inferior | Stoch 20 | EMA semanal alcista
2026-09-11 19:32:04,ACHC,9,480.1,COMPRAR ★★★,Golden Cross | RSI 52 óptimo | MACD positivo | Cruce MACD | Rebote EMA50 | EMA semanal alcista
2026-09-11 19:32:04,ILMN,7,3529.3,COMPRAR ★★,EMA alcista | RSI 42 rebote | Cruce MACD | Stoch 25 | EMA semanal alcista
2026-09-11 19:32:04,NVR,7,104765.42,COMPRAR ★★,Golden Cross | RSI 40 rebote | Cruce MACD | Banda BB inferior | Stoch 28 | Rebote EMA50
2026-09-11 19:32:04,L,7,1843.86,COMPRAR ★★,Golden Cross | RSI 44 rebote | Cruce MACD | BB zona baja | Rebote EMA50 | EMA semanal alcista
2026-09-11 19:32:04,BBWI,7,314.38,COMPRAR ★★,Golden Cross | RSI 45 rebote | Cruce MACD | BB zona baja | Stoch 48 | EMA semanal alcista
2026-09-11 19:32:04,ZM,9,1625.62,COMPRAR ★★★,EMA alcista | RSI 35 rebote | Cruce MACD | BB zona baja | Stoch 21 | Rebote EMA50 | EMA semanal alcista
2026-09-11 19:32:04,MHK,9,2149.33,COMPRAR ★★★,EMA alcista | RSI 35 rebote | Cruce MACD | Banda BB inferior | Stoch 31 | EMA semanal alcista
2026-09-11 19:32:04,GPC,7,2274.58,COMPRAR ★★,EMA alcista | RSI 52 óptimo | Cruce MACD | EMA semanal alcista
2026-09-11 19:32:04,HAL,8,608.14,COMPRAR ★★★,EMA alcista | RSI 54 óptimo | MACD positivo | EMA semanal alcista
2026-09-11 19:32:04,XYL,4,1819.34,OBSERVAR,Golden Cross | RSI 34 rebote | Cruce MACD | BB zona baja
2026-09-11 19:32:04,ORLY,5,1458.8,OBSERVAR,Golden Cross | RSI 36 rebote | Cruce MACD | Banda BB inferior
2026-09-11 19:32:04,MGM,6,680.61,COMPRAR ★★,Golden Cross | Cruce MACD | Banda BB inferior | EMA semanal alcista
2026-09-11 19:32:04,EL,6,1642.25,COMPRAR ★★,EMA alcista | RSI 39 rebote | Cruce MACD | EMA semanal alcista
2026-09-11 19:32:04,PSA,6,5024.92,COMPRAR ★★,Golden Cross | Cruce MACD | Banda BB inferior | EMA semanal alcista
2026-09-11 19:32:04,CVS,8,1600.16,COMPRAR ★★★,Golden Cross | RSI 55 óptimo | MACD positivo | Rebote EMA50 | EMA semanal alcista
2026-09-11 19:32:04,LABB.MX,4,12.67,OBSERVAR,Golden Cross | Cruce MACD | Banda BB inferior
2026-09-11 19:32:04,ROL,6,591.43,COMPRAR ★★,Golden Cross | RSI 31 rebote | MACD positivo | Banda BB inferior
2026-09-11 19:32:04,MMM,7,2800.67,COMPRAR ★★,EMA alcista | Cruce MACD | Banda BB inferior | EMA semanal alcista
2026-09-11 19:32:04,CSCO,9,1894.26,COMPRAR ★★★,Golden Cross | RSI 52 óptimo | MACD positivo | Cruce MACD | Rebote EMA50 | EMA semanal alcista
2026-09-11 19:32:04,PRU,9,2015.94,COMPRAR ★★★,EMA alcista | RSI 47 óptimo | Cruce MACD | BB zona baja | Stoch 31 | EMA semanal alcista
2026-09-11 19:32:04,ITX.MC,8,1063.08,COMPRAR ★★★,EMA alcista | Cruce MACD | Volumen alto | Banda BB inferior | EMA semanal alcista
2026-09-11 19:32:04,NUE,7,4393.7,COMPRAR ★★,EMA alcista | MACD positivo | Cruce MACD | EMA semanal alcista
2026-09-11 19:32:04,DOW,4,491.72,OBSERVAR,Golden Cross | Cruce MACD | Banda BB inferior
2026-09-11 19:32:04,TMO,7,10413.02,COMPRAR ★★,EMA alcista | RSI 41 rebote | Cruce MACD | Stoch 36 | EMA semanal alcista
2026-09-11 19:32:04,GD,6,6047.15,COMPRAR ★★,Golden Cross | Cruce MACD | Banda BB inferior | EMA semanal alcista
2026-09-11 19:32:04,FIVN,8,522.7,COMPRAR ★★★,EMA alcista | RSI 41 rebote | Cruce MACD | Banda BB inferior | EMA semanal alcista
2026-09-11 19:32:04,LIN,8,7926.82,COMPRAR ★★★,Golden Cross | RSI 31 rebote | Cruce MACD | Banda BB inferior | Stoch 21 | EMA semanal alcista
2026-09-11 19:32:04,CABK.MC,8,262.62,COMPRAR ★★★,EMA alcista | RSI 62 óptimo | Cruce MACD | Volumen alto | EMA semanal alcista
2026-09-11 19:32:04,C,6,2358.75,COMPRAR ★★,EMA alcista | MACD positivo | EMA semanal alcista
2026-09-11 19:32:04,EFX,5,2861.59,OBSERVAR,EMA alcista | Cruce MACD | Banda BB inferior
2026-09-11 19:32:04,FTV,6,931.01,COMPRAR ★★,Golden Cross | Cruce MACD | Banda BB inferior | EMA semanal alcista
2026-09-11 19:32:04,USB,7,1066.84,COMPRAR ★★,EMA alcista | RSI 56 óptimo | Cruce MACD | EMA semanal alcista
2026-09-11 19:32:04,IP,6,584.89,COMPRAR ★★,Golden Cross | Cruce MACD | Banda BB inferior | EMA semanal alcista
2026-09-11 19:32:04,LNT,6,1139.24,COMPRAR ★★,Golden Cross | RSI 42 rebote | MACD positivo | Banda BB inferior
2026-09-11 19:32:04,ECL,9,4696.8,COMPRAR ★★★,EMA alcista | RSI 43 rebote | Cruce MACD | BB zona baja | Stoch 31 | Rebote EMA50 | EMA semanal alcista
2026-09-11 19:32:04,GE,7,5500.36,COMPRAR ★★,Golden Cross | RSI 31 rebote | Cruce MACD | Banda BB inferior | EMA semanal alcista
2026-09-11 19:32:04,IDXX,4,8536.32,OBSERVAR,Golden Cross | Cruce MACD | Banda BB inferior
2026-09-11 19:32:04,AJG,8,4083.9,COMPRAR ★★★,EMA alcista | RSI 32 rebote | Cruce MACD | Banda BB inferior | EMA semanal alcista
2026-09-11 19:32:04,PH,5,16106.67,OBSERVAR,RSI 36 rebote | Cruce MACD | BB zona baja | EMA semanal alcista
2026-09-11 19:32:04,JD,6,459.57,COMPRAR ★★,Golden Cross | Cruce MACD | Banda BB inferior | EMA semanal alcista
2026-09-11 19:32:04,VLO,6,6641.97,COMPRAR ★★,EMA alcista | MACD positivo | EMA semanal alcista
2026-09-11 19:32:04,MET,7,1646.15,COMPRAR ★★,EMA alcista | RSI 59 óptimo | Cruce MACD | EMA semanal alcista
2026-09-11 19:32:04,HPE,9,1041.83,COMPRAR ★★★,EMA alcista | RSI 63 óptimo | MACD positivo | Volumen alto | EMA semanal alcista
2026-09-11 19:32:04,JNJ,8,4513.51,COMPRAR ★★★,EMA alcista | RSI 46 óptimo | Cruce MACD | BB zona baja | EMA semanal alcista
2026-09-11 19:32:04,GEV,8,16239.72,COMPRAR ★★★,Golden Cross | RSI 50 óptimo | MACD positivo | Rebote EMA50 | EMA semanal alcista
2026-09-11 19:32:04,EXPE,9,4761.79,COMPRAR ★★★,EMA alcista | RSI 33 rebote | Cruce MACD | Banda BB inferior | Stoch 24 | EMA semanal alcista
2026-09-11 19:32:04,BOTZ,8,598.55,COMPRAR ★★★,Golden Cross | RSI 43 rebote | Cruce MACD | BB zona baja | Stoch 38 | Rebote EMA50 | EMA semanal alcista
2026-09-11 19:32:04,DXCM,8,1409.58,COMPRAR ★★★,EMA alcista | Cruce MACD | Banda BB inferior | Rebote EMA50 | EMA semanal alcista
2026-09-11 19:32:04,MELI,8,32262.56,COMPRAR ★★★,EMA alcista | RSI 48 óptimo | Cruce MACD | Stoch 27 | EMA semanal alcista
2026-09-11 19:32:04,TSN,4,896.22,OBSERVAR,Golden Cross | Cruce MACD | BB zona baja | Stoch 27
2026-09-11 19:32:04,EMR,8,2580.9,COMPRAR ★★★,EMA alcista | RSI 41 rebote | Cruce MACD | BB zona baja | Stoch 43 | EMA semanal alcista
2026-09-11 19:32:04,TEL,10,3605.92,COMPRAR ★★★,EMA alcista | Golden Cross | RSI 61 óptimo | MACD positivo | Cruce MACD | EMA semanal alcista
2026-09-11 19:32:04,MPWR,7,20950.1,COMPRAR ★★,Golden Cross | RSI 35 rebote | Cruce MACD | BB zona baja | Stoch 38 | EMA semanal alcista
2026-09-11 19:32:04,COST,5,15360.64,OBSERVAR,Golden Cross | RSI 32 rebote | Cruce MACD | Banda BB inferior
2026-09-11 19:32:04,COO,7,905.04,COMPRAR ★★,Golden Cross | Cruce MACD | Volumen alto | Banda BB inferior | EMA semanal alcista
2026-09-11 19:32:04,XOM,7,2810.85,COMPRAR ★★,EMA alcista | RSI 51 óptimo | Cruce MACD | EMA semanal alcista
2026-09-11 19:32:04,CVX,6,3635.62,COMPRAR ★★,EMA alcista | MACD positivo | EMA semanal alcista
2026-09-11 19:32:04,UDR,6,596.43,COMPRAR ★★,Golden Cross | Cruce MACD | Banda BB inferior | EMA semanal alcista
2026-09-11 19:32:04,DE,8,11516.2,COMPRAR ★★★,EMA alcista | RSI 62 óptimo | MACD positivo | EMA semanal alcista
2026-09-11 19:32:04,IBM,5,4112.75,OBSERVAR,Golden Cross | RSI 56 óptimo | MACD positivo
2026-09-11 19:32:04,TJX,4,2144.75,OBSERVAR,Golden Cross | Cruce MACD | Banda BB inferior
2026-09-11 19:32:04,VESTA.MX,6,57.26,COMPRAR ★★,Golden Cross | Cruce MACD | BB zona baja | Rebote EMA50 | EMA semanal alcista
2026-09-11 19:32:04,FITB,9,928.38,COMPRAR ★★★,Golden Cross | RSI 49 óptimo | MACD positivo | Cruce MACD | Rebote EMA50 | EMA semanal alcista
2026-09-11 19:32:04,POOL,4,2933.97,OBSERVAR,Golden Cross | Cruce MACD | Banda BB inferior
2026-09-11 19:32:04,AWK,4,2335.16,OBSERVAR,EMA alcista | RSI 56 óptimo
2026-09-11 19:32:04,TRMB,5,977.0,OBSERVAR,EMA alcista | RSI 38 rebote | Cruce MACD | BB zona baja
2026-09-11 19:32:04,SMR,8,149.36,COMPRAR ★★★,EMA alcista | RSI 46 óptimo | MACD positivo | Volumen alto | BB zona baja
2026-09-11 19:32:04,YUM,5,2398.29,OBSERVAR,Golden Cross | RSI 31 rebote | Cruce MACD | Banda BB inferior
2026-09-11 19:32:04,TXT,6,1374.11,COMPRAR ★★,Golden Cross | RSI 42 rebote | MACD positivo | Cruce MACD | BB zona baja
2026-09-11 19:32:04,APTV,6,772.5,COMPRAR ★★,Golden Cross | RSI 39 rebote | MACD positivo | BB zona baja | Stoch 38
2026-09-11 19:32:04,DTE,6,2254.04,COMPRAR ★★,Golden Cross | RSI 41 rebote | MACD positivo | Banda BB inferior
2026-09-11 19:32:04,AMP,7,9432.12,COMPRAR ★★,EMA alcista | RSI 50 óptimo | Cruce MACD | EMA semanal alcista
2026-09-11 19:32:04,SRE,6,1415.52,COMPRAR ★★,Golden Cross | RSI 52 óptimo | MACD positivo | BB zona baja
2026-09-11 19:32:04,USO,7,2624.72,COMPRAR ★★,EMA alcista | MACD positivo | Volumen alto | EMA semanal alcista
2026-09-11 19:32:04,PHM,6,2004.91,COMPRAR ★★,Golden Cross | Cruce MACD | Banda BB inferior | EMA semanal alcista
2026-09-11 19:32:04,AENA.MC,6,485.29,COMPRAR ★★,Golden Cross | Cruce MACD | Banda BB inferior | EMA semanal alcista
2026-09-11 19:32:04,HWM,6,3904.61,COMPRAR ★★,Golden Cross | Cruce MACD | Banda BB inferior | EMA semanal alcista
2026-09-11 19:32:04,VALE,8,257.28,COMPRAR ★★★,EMA alcista | RSI 59 óptimo | MACD positivo | EMA semanal alcista
2026-09-11 19:32:04,CL,6,1468.47,COMPRAR ★★,Golden Cross | Cruce MACD | Banda BB inferior | EMA semanal alcista
2026-09-11 19:32:04,FUNO11.MX,8,29.98,COMPRAR ★★★,EMA alcista | RSI 55 óptimo | MACD positivo | EMA semanal alcista
2026-09-11 19:32:04,PFG,8,1967.15,COMPRAR ★★★,EMA alcista | RSI 64 óptimo | MACD positivo | EMA semanal alcista
2026-09-11 19:32:04,PGR,8,3688.49,COMPRAR ★★★,EMA alcista | RSI 47 óptimo | Cruce MACD | Stoch 37 | EMA semanal alcista
2026-09-11 19:32:04,FISV,6,872.44,COMPRAR ★★,Golden Cross | RSI 45 óptimo | Cruce MACD | BB zona baja | Rebote EMA50
2026-09-11 19:32:04,XEL,5,1278.14,OBSERVAR,Golden Cross | RSI 44 rebote | Cruce MACD | Banda BB inferior
2026-09-11 19:32:04,MKC,6,873.48,COMPRAR ★★,EMA alcista | Cruce MACD | Banda BB inferior | Rebote EMA50
2026-09-11 19:32:04,WALMEX.MX,5,45.55,OBSERVAR,Golden Cross | RSI 42 rebote | Cruce MACD | Banda BB inferior
2026-09-11 19:32:04,EWX,7,1232.61,COMPRAR ★★,EMA alcista | RSI 54 óptimo | Cruce MACD | EMA semanal alcista
2026-09-11 19:32:04,UNP,8,4830.7,COMPRAR ★★★,EMA alcista | Cruce MACD | Banda BB inferior | Rebote EMA50 | EMA semanal alcista
2026-09-11 19:32:04,ITW,8,4558.83,COMPRAR ★★★,Golden Cross | RSI 33 rebote | Cruce MACD | BB zona baja | Stoch 29 | Rebote EMA50 | EMA semanal alcista
2026-09-11 19:32:04,MLM,5,8647.06,OBSERVAR,Golden Cross | RSI 35 rebote | Cruce MACD | BB zona baja | Stoch 36
2026-09-11 19:32:04,CF,6,2257.78,COMPRAR ★★,EMA alcista | RSI 55 óptimo | MACD positivo
2026-09-11 19:32:04,MRK,7,2452.77,COMPRAR ★★,EMA alcista | RSI 36 rebote | Cruce MACD | BB zona baja | EMA semanal alcista
2026-09-11 19:32:04,AXON,5,8202.59,OBSERVAR,Cruce MACD | Banda BB inferior | EMA semanal alcista
2026-09-11 19:32:04,GOLD,6,819.51,COMPRAR ★★,EMA alcista | RSI 55 óptimo | MACD positivo
2026-09-11 19:32:04,LUV,8,665.33,COMPRAR ★★★,Golden Cross | RSI 43 rebote | MACD positivo | BB zona baja | Stoch 42 | EMA semanal alcista
2026-09-11 19:32:04,NET,8,5170.45,COMPRAR ★★★,EMA alcista | RSI 54 óptimo | MACD positivo | EMA semanal alcista
2026-09-11 19:32:04,PYPL,9,912.77,COMPRAR ★★★,EMA alcista | RSI 32 rebote | Cruce MACD | BB zona baja | Stoch 26 | Rebote EMA50 | EMA semanal alcista
2026-09-11 19:32:04,SNPS,6,6782.87,COMPRAR ★★,Golden Cross | RSI 51 óptimo | Cruce MACD | BB zona baja | Stoch 23
2026-09-11 19:32:04,ADBE,11,4283.22,COMPRAR ★★★,EMA alcista | RSI 36 rebote | Cruce MACD | Volumen alto | Banda BB inferior | Stoch 21 | Rebote EMA50 | EMA semanal alcista
2026-09-11 19:32:04,RCL,5,4430.53,OBSERVAR,Golden Cross | Cruce MACD | BB zona baja | EMA semanal alcista
2026-09-11 19:32:04,BLK,9,18350.53,COMPRAR ★★★,EMA alcista | RSI 31 rebote | Cruce MACD | Banda BB inferior | Rebote EMA50 | EMA semanal alcista
2026-09-11 19:32:04,GLD,6,6763.48,COMPRAR ★★,EMA alcista | RSI 34 rebote | Cruce MACD | BB zona baja | Rebote EMA50
2026-09-11 19:32:04,XLI,7,2927.27,COMPRAR ★★,Golden Cross | RSI 31 rebote | Cruce MACD | BB zona baja | Stoch 23 | EMA semanal alcista
2026-09-11 19:32:04,RHI,7,640.64,COMPRAR ★★,EMA alcista | Cruce MACD | Banda BB inferior | EMA semanal alcista
2026-09-11 19:32:04,MSI,6,7937.0,COMPRAR ★★,EMA alcista | RSI 38 rebote | Cruce MACD | BB zona baja | Stoch 25
2026-09-11 19:32:04,ARM,8,4480.25,VENDER,Golden Cross | RSI 61 óptimo | MACD positivo | Rebote EMA50 | EMA semanal alcista | 🛑 Stop Loss -25.5%
2026-09-11 19:32:04,APP,5,5508.84,OBSERVAR,Golden Cross | RSI 60 óptimo | MACD positivo
2026-09-11 19:32:04,KLAC,8,3054.04,COMPRAR ★★★,Golden Cross | RSI 46 óptimo | MACD positivo | BB zona baja | EMA semanal alcista
2026-09-11 19:32:04,MTS.MC,6,1266.17,COMPRAR ★★,EMA alcista | RSI 58 óptimo | EMA semanal alcista
2026-09-11 19:32:04,FMC,7,193.04,COMPRAR ★★,EMA alcista | RSI 53 óptimo | MACD positivo | Rebote EMA50
2026-09-11 19:32:04,CBOE,8,4773.12,COMPRAR ★★★,EMA alcista | RSI 36 rebote | Cruce MACD | Banda BB inferior | EMA semanal alcista
2026-09-11 19:32:04,PM,9,3267.95,COMPRAR ★★★,EMA alcista | RSI 57 óptimo | MACD positivo | Cruce MACD | EMA semanal alcista
2026-09-11 19:32:04,MDT,7,1541.1,COMPRAR ★★,EMA alcista | RSI 41 rebote | Cruce MACD | BB zona baja | EMA semanal alcista
2026-09-11 19:32:04,INTU,6,5466.42,COMPRAR ★★,EMA alcista | Cruce MACD | Banda BB inferior | Rebote EMA50
2026-09-11 19:32:04,CAG,6,247.01,COMPRAR ★★,EMA alcista | Cruce MACD | Volumen alto | Banda BB inferior
2026-09-11 19:32:04,WMT,6,1817.64,COMPRAR ★★,Golden Cross | RSI 60 óptimo | MACD positivo | Rebote EMA50
2026-09-11 19:32:04,KEY,8,369.88,COMPRAR ★★★,Golden Cross | RSI 53 óptimo | MACD positivo | Rebote EMA50 | EMA semanal alcista
2026-09-11 19:32:04,LDOS,6,2190.23,COMPRAR ★★,EMA alcista | Cruce MACD | Banda BB inferior | Rebote EMA50
2026-09-11 19:32:04,EEM,8,1150.27,COMPRAR ★★★,EMA alcista | RSI 54 óptimo | MACD positivo | EMA semanal alcista
2026-09-11 19:32:04,SPY,9,12982.55,COMPRAR ★★★,EMA alcista | RSI 49 óptimo | Cruce MACD | BB zona baja | Stoch 45 | EMA semanal alcista
2026-09-11 19:32:04,JKHY,5,2741.95,OBSERVAR,EMA alcista | RSI 43 rebote | Cruce MACD | Stoch 24
2026-09-11 19:32:04,INCY,8,2071.78,COMPRAR ★★★,EMA alcista | RSI 38 rebote | Cruce MACD | Banda BB inferior | EMA semanal alcista
2026-09-11 19:32:04,LHX,4,4178.0,OBSERVAR,Golden Cross | Cruce MACD | Banda BB inferior
2026-09-11 19:32:04,KMB,7,1668.38,COMPRAR ★★,Golden Cross | Cruce MACD | Volumen alto | Banda BB inferior | EMA semanal alcista
2026-09-11 19:32:04,STZ,4,2084.84,OBSERVAR,Golden Cross | Cruce MACD | Banda BB inferior
2026-09-11 19:32:04,AMT,5,3018.15,OBSERVAR,EMA alcista | RSI 54 óptimo | Cruce MACD
2026-09-11 19:32:04,DBC,6,562.49,COMPRAR ★★,EMA alcista | MACD positivo | EMA semanal alcista
2026-09-11 19:32:04,MCHP,7,1257.19,COMPRAR ★★,Golden Cross | RSI 45 óptimo | MACD positivo | EMA semanal alcista
2026-09-11 19:32:04,FAST,8,834.7,COMPRAR ★★★,EMA alcista | RSI 37 rebote | Cruce MACD | BB zona baja | Stoch 34 | EMA semanal alcista
2026-09-11 19:32:04,BALL,8,1021.89,COMPRAR ★★★,EMA alcista | Cruce MACD | Banda BB inferior | Rebote EMA50 | EMA semanal alcista
2026-09-11 19:32:04,CDNS,6,4977.75,COMPRAR ★★,Golden Cross | RSI 38 rebote | Cruce MACD | BB zona baja | EMA semanal alcista
2026-09-11 19:32:04,IEX,9,3802.1,COMPRAR ★★★,EMA alcista | RSI 34 rebote | Cruce MACD | BB zona baja | Stoch 26 | Rebote EMA50 | EMA semanal alcista
2026-09-11 19:32:04,SBAC,7,3141.27,COMPRAR ★★,EMA alcista | RSI 54 óptimo | Cruce MACD | Stoch 38 | Rebote EMA50
2026-09-11 19:32:04,STT,7,3282.12,COMPRAR ★★,EMA alcista | RSI 63 óptimo | Cruce MACD | EMA semanal alcista
2026-09-11 19:32:04,ROP,9,6586.82,COMPRAR ★★★,EMA alcista | RSI 33 rebote | Cruce MACD | Banda BB inferior | Rebote EMA50 | EMA semanal alcista
2026-09-11 19:32:04,ED,6,1809.16,COMPRAR ★★,Golden Cross | RSI 51 óptimo | Banda BB inferior | Rebote EMA50
2026-09-11 19:32:04,GILD,5,2444.11,OBSERVAR,EMA alcista | RSI 45 rebote | Cruce MACD | BB zona baja
2026-09-11 19:32:04,ASML,7,28824.65,COMPRAR ★★,Golden Cross | RSI 41 rebote | Cruce MACD | BB zona baja | Rebote EMA50 | EMA semanal alcista
2026-09-11 19:32:04,BBY,8,1549.17,COMPRAR ★★★,EMA alcista | RSI 59 óptimo | MACD positivo | EMA semanal alcista
2026-09-11 19:32:04,HUBS,6,3855.9,COMPRAR ★★,EMA alcista | RSI 43 rebote | Cruce MACD | BB zona baja | Rebote EMA50
2026-09-11 19:32:04,EWQ,6,762.49,COMPRAR ★★,Cruce MACD | Banda BB inferior | Rebote EMA50 | EMA semanal alcista
2026-09-11 19:32:04,LULU,4,1669.4,OBSERVAR,Golden Cross | Cruce MACD | Banda BB inferior
2026-09-11 19:32:04,ELV,8,7036.56,COMPRAR ★★★,EMA alcista | RSI 60 óptimo | MACD positivo | EMA semanal alcista
2026-09-11 19:32:04,UNH,6,6386.4,COMPRAR ★★,Golden Cross | RSI 40 rebote | Banda BB inferior | EMA semanal alcista
2026-09-11 19:32:04,NOC,3,8790.63,EVITAR,Golden Cross | Cruce MACD | BB zona baja
2026-09-11 19:32:04,KIM,7,393.89,COMPRAR ★★,Golden Cross | RSI 37 rebote | Volumen alto | Banda BB inferior | EMA semanal alcista
2026-09-11 19:32:04,TFX,8,2218.32,COMPRAR ★★★,EMA alcista | RSI 31 rebote | Cruce MACD | Banda BB inferior | EMA semanal alcista
2026-09-11 19:32:04,PNR,4,964.61,OBSERVAR,Golden Cross | Cruce MACD | Banda BB inferior
2026-09-11 19:32:04,ROK,7,7284.65,COMPRAR ★★,Golden Cross | RSI 44 rebote | MACD positivo | Rebote EMA50 | EMA semanal alcista
2026-09-11 19:32:04,APA,7,760.62,COMPRAR ★★,EMA alcista | RSI 57 óptimo | Cruce MACD | EMA semanal alcista
2026-09-11 19:32:04,EW,7,1434.78,COMPRAR ★★,EMA alcista | Cruce MACD | Banda BB inferior | EMA semanal alcista
2026-09-11 19:32:04,DG,6,2122.09,COMPRAR ★★,EMA alcista | RSI 52 óptimo | Cruce MACD | Stoch 34
2026-09-11 19:32:04,CLNX.MC,7,505.17,COMPRAR ★★,Golden Cross | RSI 46 óptimo | Cruce MACD | BB zona baja | Stoch 33 | Rebote EMA50
2026-09-11 19:32:04,VWO,8,1023.58,COMPRAR ★★★,EMA alcista | RSI 49 óptimo | Cruce MACD | BB zona baja | EMA semanal alcista
2026-09-11 19:32:04,CTVA,8,1420.95,COMPRAR ★★★,EMA alcista | RSI 57 óptimo | MACD positivo | EMA semanal alcista
2026-09-11 19:32:04,BWA,8,1130.08,COMPRAR ★★★,EMA alcista | RSI 46 óptimo | MACD positivo | EMA semanal alcista
2026-09-11 19:32:04,KOFUBL.MX,8,186.28,COMPRAR ★★★,EMA alcista | RSI 44 rebote | Cruce MACD | BB zona baja | Rebote EMA50 | EMA semanal alcista
2026-09-11 19:32:04,PDD,4,1322.86,OBSERVAR,Golden Cross | Cruce MACD | Banda BB inferior
2026-09-11 19:32:04,ALB,4,2001.01,OBSERVAR,Golden Cross | Cruce MACD | Banda BB inferior
2026-09-11 19:32:04,BSX,4,731.1,OBSERVAR,Golden Cross | Cruce MACD | Banda BB inferior
2026-09-11 19:32:04,URI,5,16735.18,OBSERVAR,Golden Cross | Cruce MACD | BB zona baja | EMA semanal alcista
2026-09-11 19:32:04,TDG,5,19358.08,OBSERVAR,Golden Cross | Cruce MACD | BB zona baja | EMA semanal alcista
2026-09-11 19:32:04,EWJ,6,1672.8,COMPRAR ★★,EMA alcista | MACD positivo | EMA semanal alcista
2026-09-11 19:32:04,LYV,6,2881.45,COMPRAR ★★,Golden Cross | Cruce MACD | Banda BB inferior | EMA semanal alcista
2026-09-11 19:32:04,DVA,7,3079.15,COMPRAR ★★,Golden Cross | RSI 62 óptimo | MACD positivo | EMA semanal alcista
2026-09-11 19:32:04,WHR,4,598.72,OBSERVAR,Golden Cross | Cruce MACD | Banda BB inferior
2026-09-11 19:32:04,ORCL,7,2576.31,COMPRAR ★★,EMA alcista | RSI 55 óptimo | MACD positivo | Volumen alto
2026-09-11 19:32:04,PCG,4,233.77,OBSERVAR,Golden Cross | RSI 31 rebote | Cruce MACD | BB zona baja
2026-09-11 19:32:04,SCHW,8,1816.54,COMPRAR ★★★,EMA alcista | RSI 35 rebote | Cruce MACD | Banda BB inferior | EMA semanal alcista
2026-09-11 19:32:04,VOLARA.MX,7,11.19,COMPRAR ★★,Golden Cross | RSI 39 rebote | MACD positivo | BB zona baja | EMA semanal alcista
2026-09-11 19:32:04,PWR,8,10989.01,COMPRAR ★★★,Golden Cross | RSI 53 óptimo | MACD positivo | Rebote EMA50 | EMA semanal alcista
2026-09-11 19:32:04,MA,9,9714.85,COMPRAR ★★★,EMA alcista | RSI 45 óptimo | Cruce MACD | BB zona baja | Stoch 24 | EMA semanal alcista
2026-09-11 19:32:04,AEE,7,1779.88,COMPRAR ★★,Golden Cross | RSI 47 óptimo | MACD positivo | BB zona baja | Rebote EMA50
2026-09-11 19:32:04,VZ,5,857.69,OBSERVAR,EMA alcista | RSI 60 óptimo | Cruce MACD
2026-09-11 19:32:04,ATO,4,2778.86,OBSERVAR,Golden Cross | RSI 44 rebote | Banda BB inferior
2026-09-11 19:32:04,XLC,5,1913.36,OBSERVAR,EMA alcista | RSI 55 óptimo | Cruce MACD
2026-09-11 19:32:04,NTES,6,1961.98,COMPRAR ★★,Golden Cross | Cruce MACD | Banda BB inferior | EMA semanal alcista
2026-09-11 19:32:04,NEM,6,2146.87,COMPRAR ★★,EMA alcista | RSI 43 rebote | Cruce MACD | EMA semanal alcista
2026-09-11 19:32:04,IFF,8,1424.18,COMPRAR ★★★,EMA alcista | RSI 48 óptimo | Cruce MACD | BB zona baja | EMA semanal alcista
2026-09-11 19:32:04,F,8,236.49,COMPRAR ★★★,EMA alcista | RSI 43 rebote | Cruce MACD | BB zona baja | Rebote EMA50 | EMA semanal alcista
2026-09-11 19:32:04,MU,8,16542.99,COMPRAR ★★★,EMA alcista | RSI 51 óptimo | MACD positivo | EMA semanal alcista
2026-09-11 19:32:04,DPZ,6,5299.34,COMPRAR ★★,EMA alcista | RSI 34 rebote | Cruce MACD | Banda BB inferior
2026-09-11 19:32:04,RSG,5,3783.44,OBSERVAR,EMA alcista | RSI 54 óptimo | Cruce MACD
2026-09-11 19:32:04,SLV,6,986.42,COMPRAR ★★,EMA alcista | RSI 36 rebote | Cruce MACD | BB zona baja | Rebote EMA50
2026-09-11 19:32:04,AME,6,4115.21,COMPRAR ★★,Golden Cross | RSI 54 óptimo | Cruce MACD | EMA semanal alcista
2026-09-11 19:32:04,MAR,7,5684.88,COMPRAR ★★,Golden Cross | RSI 30 rebote | Cruce MACD | BB zona baja | Stoch 33 | EMA semanal alcista
2026-09-11 19:32:04,NTRS,9,3196.17,COMPRAR ★★★,EMA alcista | RSI 63 óptimo | MACD positivo | Cruce MACD | EMA semanal alcista
2026-09-11 19:32:04,NSC,7,5456.74,COMPRAR ★★,EMA alcista | Cruce MACD | Banda BB inferior | EMA semanal alcista
2026-09-11 19:32:04,RELY,7,375.65,COMPRAR ★★,EMA alcista | Cruce MACD | Banda BB inferior | EMA semanal alcista
2026-09-11 19:32:04,HRL,6,347.22,COMPRAR ★★,Golden Cross | Cruce MACD | Banda BB inferior | EMA semanal alcista
2026-09-11 19:32:04,XLY,9,1917.43,COMPRAR ★★★,Golden Cross | RSI 32 rebote | Cruce MACD | Banda BB inferior | Stoch 25 | Rebote EMA50 | EMA semanal alcista
2026-09-11 19:32:04,APH,6,1431.64,COMPRAR ★★,EMA alcista | MACD positivo | EMA semanal alcista
2026-09-11 19:32:04,CRM,5,4216.7,OBSERVAR,EMA alcista | Cruce MACD | EMA semanal alcista
2026-09-11 19:32:04,HBAN,8,286.38,COMPRAR ★★★,Golden Cross | RSI 47 óptimo | Cruce MACD | Stoch 49 | Rebote EMA50 | EMA semanal alcista
2026-09-11 19:32:04,SHW,7,5489.5,COMPRAR ★★,Golden Cross | Cruce MACD | Banda BB inferior | Stoch 20 | EMA semanal alcista
2026-09-11 19:32:04,NEMAKA.MX,6,2.98,COMPRAR ★★,Golden Cross | RSI 64 óptimo | MACD positivo | Rebote EMA50
2026-09-11 19:32:04,EWC,9,1026.89,COMPRAR ★★★,EMA alcista | RSI 37 rebote | Cruce MACD | Banda BB inferior | Rebote EMA50 | EMA semanal alcista
2026-09-11 19:32:04,NFLX,7,1314.05,COMPRAR ★★,EMA alcista | RSI 44 rebote | Cruce MACD | BB zona baja | Stoch 28 | Rebote EMA50
2026-09-11 19:32:04,ETR,11,1782.91,COMPRAR ★★★,Golden Cross | RSI 52 óptimo | MACD positivo | Volumen alto | Banda BB inferior | Rebote EMA50 | EMA semanal alcista
2026-09-11 19:32:04,VFC,7,223.08,COMPRAR ★★,Golden Cross | RSI 32 rebote | MACD positivo | Cruce MACD | BB zona baja | Stoch 34
2026-09-11 19:32:04,BILL,8,805.0,COMPRAR ★★★,EMA alcista | RSI 49 óptimo | Cruce MACD | BB zona baja | EMA semanal alcista
2026-09-11 19:32:04,UAL,9,1870.34,COMPRAR ★★★,Golden Cross | RSI 45 óptimo | Cruce MACD | Volumen alto | BB zona baja | Stoch 39 | EMA semanal alcista
2026-09-11 19:32:04,KRE,9,1251.8,COMPRAR ★★★,EMA alcista | RSI 43 rebote | Cruce MACD | BB zona baja | Stoch 42 | Rebote EMA50 | EMA semanal alcista
2026-09-11 19:32:04,NOW,8,2256.59,COMPRAR ★★★,EMA alcista | RSI 54 óptimo | Cruce MACD | Stoch 40 | EMA semanal alcista
2026-09-11 19:32:04,NVDA,7,3706.81,COMPRAR ★★,EMA alcista | RSI 53 óptimo | Cruce MACD | EMA semanal alcista
2026-09-11 19:32:04,CB,8,5735.57,COMPRAR ★★★,Golden Cross | RSI 46 óptimo | Cruce MACD | BB zona baja | Rebote EMA50 | EMA semanal alcista
2026-09-11 19:32:04,IVZ,8,548.15,COMPRAR ★★★,EMA alcista | RSI 52 óptimo | Cruce MACD | Stoch 35 | EMA semanal alcista
2026-09-11 19:32:04,NVCR,8,264.32,COMPRAR ★★★,EMA alcista | RSI 37 rebote | Cruce MACD | Banda BB inferior | EMA semanal alcista
2026-09-11 19:32:04,WST,6,5909.69,COMPRAR ★★,EMA alcista | RSI 45 rebote | Cruce MACD | EMA semanal alcista
2026-09-11 19:32:04,CAT,8,13920.01,COMPRAR ★★★,Golden Cross | RSI 47 óptimo | MACD positivo | Rebote EMA50 | EMA semanal alcista
2026-09-11 19:32:04,KEYS,5,5735.06,OBSERVAR,Golden Cross | MACD positivo | EMA semanal alcista
2026-09-11 19:32:04,RF,8,510.05,COMPRAR ★★★,EMA alcista | RSI 49 óptimo | Cruce MACD | Rebote EMA50 | EMA semanal alcista
2026-09-11 19:32:04,PEP,5,2312.76,OBSERVAR,Golden Cross | Cruce MACD | Banda BB inferior | Rebote EMA50
2026-09-11 19:32:04,RJF,9,2941.01,COMPRAR ★★★,EMA alcista | RSI 47 óptimo | Cruce MACD | Banda BB inferior | EMA semanal alcista
2026-09-11 19:32:04,PAYC,7,3719.12,COMPRAR ★★,EMA alcista | RSI 40 rebote | Cruce MACD | BB zona baja | EMA semanal alcista
2026-09-11 19:32:04,ETN,10,7196.4,COMPRAR ★★★,EMA alcista | Golden Cross | RSI 52 óptimo | MACD positivo | Cruce MACD | EMA semanal alcista
2026-09-11 19:32:04,PEG,6,1225.79,COMPRAR ★★,Golden Cross | RSI 52 óptimo | MACD positivo | BB zona baja
2026-09-11 19:32:04,JPM,7,6049.44,COMPRAR ★★,EMA alcista | RSI 57 óptimo | Cruce MACD | EMA semanal alcista
2026-09-11 19:32:04,LCID,4,71.7,OBSERVAR,Golden Cross | Cruce MACD | Banda BB inferior
2026-09-11 19:32:04,CBRE,9,2385.73,COMPRAR ★★★,EMA alcista | RSI 35 rebote | Cruce MACD | Banda BB inferior | Rebote EMA50 | EMA semanal alcista
2026-09-11 19:32:04,LEN,6,1354.0,COMPRAR ★★,Golden Cross | RSI 32 rebote | Cruce MACD | Banda BB inferior | Stoch 25
2026-09-11 19:32:04,TYL,5,5736.76,OBSERVAR,EMA alcista | RSI 44 rebote | Cruce MACD | BB zona baja
2026-09-11 19:32:04,DLTR,8,2005.85,COMPRAR ★★★,EMA alcista | RSI 33 rebote | Cruce MACD | Banda BB inferior | EMA semanal alcista
2026-09-11 19:32:04,O,4,1009.41,OBSERVAR,Golden Cross | Cruce MACD | Banda BB inferior
2026-09-11 19:32:04,MDLZ,6,1059.39,COMPRAR ★★,EMA alcista | RSI 35 rebote | Cruce MACD | EMA semanal alcista
2026-09-11 19:32:04,GL,9,2899.18,COMPRAR ★★★,Golden Cross | RSI 49 óptimo | Cruce MACD | BB zona baja | Stoch 34 | Rebote EMA50 | EMA semanal alcista
2026-09-11 19:32:04,DHI,8,2345.0,COMPRAR ★★★,Golden Cross | RSI 34 rebote | Cruce MACD | Banda BB inferior | Stoch 24 | EMA semanal alcista
2026-09-11 19:32:04,KHC,9,413.15,COMPRAR ★★★,EMA alcista | RSI 40 rebote | Cruce MACD | Banda BB inferior | Rebote EMA50 | EMA semanal alcista
2026-09-11 19:32:04,ICLN,6,304.28,COMPRAR ★★,Golden Cross | RSI 56 óptimo | MACD positivo | Rebote EMA50
2026-09-11 19:32:04,OXY,5,1040.81,OBSERVAR,EMA alcista | RSI 52 óptimo | Cruce MACD
2026-09-11 19:32:04,PLD,7,2304.19,COMPRAR ★★,Golden Cross | RSI 33 rebote | Cruce MACD | Banda BB inferior | EMA semanal alcista
2026-09-11 19:32:04,PNW,6,1634.1,COMPRAR ★★,Golden Cross | RSI 41 rebote | MACD positivo | Banda BB inferior
2026-09-11 19:32:04,ADM,6,1467.79,COMPRAR ★★,EMA alcista | MACD positivo | EMA semanal alcista
2026-09-11 19:32:04,HD,6,5247.75,COMPRAR ★★,Golden Cross | Cruce MACD | Banda BB inferior | EMA semanal alcista
2026-09-11 19:32:04,EQIX,8,17644.98,COMPRAR ★★★,Golden Cross | RSI 42 rebote | Cruce MACD | BB zona baja | Stoch 38 | Rebote EMA50 | EMA semanal alcista
2026-09-11 19:32:04,TECL,8,3508.43,COMPRAR ★★★,EMA alcista | RSI 57 óptimo | MACD positivo | EMA semanal alcista
2026-09-11 19:32:04,NTAP,7,3372.41,COMPRAR ★★,EMA alcista | RSI 56 óptimo | Cruce MACD | EMA semanal alcista
2026-09-11 19:32:04,TROW,6,1803.13,COMPRAR ★★,Golden Cross | Cruce MACD | Banda BB inferior | EMA semanal alcista
2026-09-11 19:32:04,MCD,4,4290.52,OBSERVAR,Golden Cross | Cruce MACD | Banda BB inferior
2026-09-11 19:32:04,INTC,5,1751.88,OBSERVAR,Golden Cross | MACD positivo | EMA semanal alcista
2026-09-11 19:32:04,AVB,6,1156.38,COMPRAR ★★,Golden Cross | RSI 52 óptimo | MACD positivo | Volumen alto
2026-09-11 19:32:04,AMZN,9,4365.53,COMPRAR ★★★,EMA alcista | RSI 49 óptimo | Cruce MACD | BB zona baja | Stoch 43 | EMA semanal alcista
2026-09-11 19:32:04,LOW,4,3343.56,OBSERVAR,Golden Cross | Cruce MACD | Banda BB inferior
2026-09-11 19:32:04,AI,7,179.29,COMPRAR ★★,EMA alcista | RSI 54 óptimo | Cruce MACD | EMA semanal alcista
2026-09-11 19:32:04,DANHOS13.MX,9,29.49,COMPRAR ★★★,EMA alcista | RSI 65 óptimo | MACD positivo | Volumen alto | EMA semanal alcista
2026-09-11 19:32:04,AZO,5,48879.71,OBSERVAR,Golden Cross | RSI 41 rebote | Cruce MACD | Banda BB inferior
2026-09-11 19:32:04,BIO,7,6299.67,COMPRAR ★★,EMA alcista | RSI 42 rebote | Cruce MACD | BB zona baja | EMA semanal alcista
2026-09-11 19:32:04,BIIB,7,3705.54,COMPRAR ★★,EMA alcista | RSI 52 óptimo | Cruce MACD | EMA semanal alcista
2026-09-11 19:32:04,LKQ,6,410.6,COMPRAR ★★,Golden Cross | RSI 36 rebote | Cruce MACD | Banda BB inferior | Stoch 25
2026-09-11 19:32:04,ROST,7,3913.09,COMPRAR ★★,Golden Cross | RSI 37 rebote | Cruce MACD | Stoch 41 | Rebote EMA50 | EMA semanal alcista
2026-09-11 19:32:04,KTOS,3,787.44,EVITAR,Golden Cross | Cruce MACD | BB zona baja
2026-09-11 19:32:04,XLE,7,1105.04,COMPRAR ★★,EMA alcista | RSI 60 óptimo | Cruce MACD | EMA semanal alcista
2026-09-11 19:32:04,FCX,7,1205.85,COMPRAR ★★,EMA alcista | RSI 38 rebote | Cruce MACD | BB zona baja | EMA semanal alcista
2026-09-11 19:32:04,AAPL,6,5645.46,COMPRAR ★★,EMA alcista | MACD positivo | EMA semanal alcista
2026-09-11 19:32:04,AIG,9,1281.28,COMPRAR ★★★,Golden Cross | RSI 46 óptimo | Cruce MACD | BB zona baja | Stoch 40 | Rebote EMA50 | EMA semanal alcista
2026-09-11 19:32:04,OKLO,5,620.96,OBSERVAR,Golden Cross | RSI 40 rebote | Volumen alto | Banda BB inferior
2026-09-11 19:32:04,CRL,8,4722.59,COMPRAR ★★★,EMA alcista | RSI 36 rebote | Cruce MACD | Banda BB inferior | EMA semanal alcista
2026-09-11 19:32:04,STLD,8,4066.68,COMPRAR ★★★,Golden Cross | RSI 64 óptimo | MACD positivo | Rebote EMA50 | EMA semanal alcista
2026-09-11 19:32:04,AFRM,7,1206.7,COMPRAR ★★,Golden Cross | RSI 38 rebote | Cruce MACD | BB zona baja | Stoch 21 | EMA semanal alcista
2026-09-11 19:32:04,ADP,8,4548.47,COMPRAR ★★★,EMA alcista | RSI 34 rebote | Cruce MACD | Banda BB inferior | EMA semanal alcista
2026-09-11 19:32:04,ODFL,6,3035.37,COMPRAR ★★,Golden Cross | Cruce MACD | Banda BB inferior | EMA semanal alcista
2026-09-11 19:32:04,CUERVO.MX,8,14.71,COMPRAR ★★★,Golden Cross | RSI 51 óptimo | MACD positivo | Rebote EMA50 | EMA semanal alcista
2026-09-11 19:32:04,ARE,7,862.11,COMPRAR ★★,EMA alcista | RSI 35 rebote | Cruce MACD | Stoch 29 | EMA semanal alcista
2026-09-11 19:32:04,INFY,5,187.78,OBSERVAR,Golden Cross | RSI 33 rebote | Cruce MACD | Banda BB inferior
2026-09-11 19:32:04,CTAS,8,3422.47,COMPRAR ★★★,EMA alcista | RSI 46 óptimo | Cruce MACD | Stoch 43 | EMA semanal alcista
2026-09-11 19:32:04,NU,7,245.99,COMPRAR ★★,EMA alcista | RSI 49 óptimo | BB zona baja | EMA semanal alcista
2026-09-11 19:32:04,TAN,6,800.17,COMPRAR ★★,Golden Cross | RSI 39 rebote | MACD positivo | BB zona baja | Stoch 28
2026-09-11 19:32:04,CMG,7,614.85,COMPRAR ★★,EMA alcista | RSI 45 óptimo | Cruce MACD | EMA semanal alcista
2026-09-11 19:32:04,ULTA,5,9274.46,OBSERVAR,EMA alcista | RSI 59 óptimo | Cruce MACD
2026-09-11 19:32:04,Q.MX,6,155.07,COMPRAR ★★,Golden Cross | RSI 64 óptimo | MACD positivo | Rebote EMA50
2026-09-11 19:32:04,EMN,6,1152.73,COMPRAR ★★,Golden Cross | Cruce MACD | Banda BB inferior | EMA semanal alcista
2026-09-11 19:32:04,AOS,4,978.78,OBSERVAR,Golden Cross | Cruce MACD | Banda BB inferior
2026-09-11 19:32:04,TGT,7,2646.4,COMPRAR ★★,EMA alcista | RSI 35 rebote | Cruce MACD | BB zona baja | EMA semanal alcista
2026-09-11 19:32:04,JBHT,8,4584.11,COMPRAR ★★★,Golden Cross | RSI 46 óptimo | MACD positivo | Rebote EMA50 | EMA semanal alcista
2026-09-11 19:32:04,MO,7,1169.36,COMPRAR ★★,Golden Cross | RSI 64 óptimo | MACD positivo | EMA semanal alcista
2026-09-11 19:32:04,NDAQ,8,1551.8,COMPRAR ★★★,EMA alcista | Cruce MACD | Banda BB inferior | Rebote EMA50 | EMA semanal alcista
2026-09-11 19:32:04,WDC,8,7611.0,COMPRAR ★★★,Golden Cross | RSI 47 óptimo | MACD positivo | BB zona baja | EMA semanal alcista
2026-09-11 19:32:04,GAPB.MX,6,343.51,COMPRAR ★★,Golden Cross | RSI 39 rebote | MACD positivo | Banda BB inferior
2026-09-11 19:32:04,AFL,9,1954.85,COMPRAR ★★★,Golden Cross | RSI 47 óptimo | Cruce MACD | BB zona baja | Stoch 28 | Rebote EMA50 | EMA semanal alcista
2026-09-11 19:32:04,CLX,5,1490.19,OBSERVAR,Golden Cross | Cruce MACD | Volumen alto | Banda BB inferior
2026-09-11 19:32:04,GM,6,1455.19,COMPRAR ★★,EMA alcista | RSI 43 rebote | Cruce MACD | EMA semanal alcista
2026-09-11 19:32:04,HUM,6,6924.36,COMPRAR ★★,EMA alcista | MACD positivo | EMA semanal alcista
2026-09-11 19:32:04,NI,5,704.62,OBSERVAR,Golden Cross | RSI 62 óptimo | MACD positivo
2026-09-11 19:32:04,PLUG,7,35.98,VENDER,Golden Cross | RSI 42 rebote | MACD positivo | BB zona baja | EMA semanal alcista | 🛑 Stop Loss -47.1%
2026-09-11 19:32:04,ENPH,6,624.35,VENDER,Golden Cross | RSI 43 rebote | MACD positivo | BB zona baja | Stoch 46 | 🛑 Stop Loss -29.6%
2026-09-11 19:32:04,IRM,7,1948.06,COMPRAR ★★,Golden Cross | RSI 35 rebote | Cruce MACD | BB zona baja | Stoch 27 | EMA semanal alcista
2026-09-11 19:32:04,CME,5,4671.68,OBSERVAR,EMA alcista | RSI 52 óptimo | Cruce MACD
2026-09-11 19:32:04,LIT,6,1213.23,COMPRAR ★★,Golden Cross | Cruce MACD | Banda BB inferior | EMA semanal alcista
2026-09-11 19:32:04,CELH,3,464.4,EVITAR,Cruce MACD | Banda BB inferior
2026-09-11 19:32:04,AMCR,7,718.96,COMPRAR ★★,EMA alcista | Cruce MACD | Banda BB inferior | EMA semanal alcista
2026-09-11 19:32:04,SMH,7,9656.3,COMPRAR ★★,Golden Cross | RSI 53 óptimo | MACD positivo | EMA semanal alcista
2026-09-11 19:32:04,CNC,7,1116.67,COMPRAR ★★,EMA alcista | RSI 53 óptimo | Cruce MACD | EMA semanal alcista
2026-09-11 19:32:04,ZION,8,1164.1,COMPRAR ★★★,EMA alcista | RSI 53 óptimo | MACD positivo | EMA semanal alcista
2026-09-11 19:32:04,IBE.MC,9,396.73,COMPRAR ★★★,Golden Cross | RSI 53 óptimo | MACD positivo | Volumen alto | Rebote EMA50 | EMA semanal alcista
2026-09-11 19:32:04,EXR,7,2340.51,COMPRAR ★★,Golden Cross | Cruce MACD | Banda BB inferior | Stoch 22 | EMA semanal alcista
2026-09-11 19:32:04,ADI,8,6410.32,COMPRAR ★★★,Golden Cross | RSI 55 óptimo | MACD positivo | Cruce MACD | EMA semanal alcista
2026-09-11 19:32:04,NRG,6,1927.53,COMPRAR ★★,Golden Cross | RSI 51 óptimo | MACD positivo | Stoch 39
2026-09-11 19:32:04,SPG,6,3475.93,COMPRAR ★★,Golden Cross | Cruce MACD | Banda BB inferior | EMA semanal alcista
2026-09-11 19:32:04,XHB,6,1671.95,COMPRAR ★★,Golden Cross | Cruce MACD | Banda BB inferior | EMA semanal alcista
2026-09-11 19:32:04,PLTR,8,2843.77,VENDER,EMA alcista | RSI 41 rebote | Cruce MACD | Banda BB inferior | EMA semanal alcista | 🎯 Take Profit +24.6%
2026-09-11 19:32:04,EWG,9,728.3,COMPRAR ★★★,EMA alcista | RSI 34 rebote | Cruce MACD | Banda BB inferior | Rebote EMA50 | EMA semanal alcista
2026-09-11 19:32:04,COP,7,2323.96,COMPRAR ★★,EMA alcista | RSI 55 óptimo | Cruce MACD | EMA semanal alcista
2026-09-11 19:32:04,CMCSA,8,426.73,COMPRAR ★★★,EMA alcista | RSI 36 rebote | Cruce MACD | Banda BB inferior | Stoch 30 | Rebote EMA50
2026-09-11 19:32:04,STE,7,3591.5,COMPRAR ★★,EMA alcista | Cruce MACD | Banda BB inferior | EMA semanal alcista
2026-09-11 19:32:04,WEC,6,1788.28,COMPRAR ★★,Golden Cross | RSI 47 óptimo | MACD positivo | BB zona baja
2026-09-11 19:32:04,PANW,9,5586.31,COMPRAR ★★★,EMA alcista | RSI 41 rebote | Cruce MACD | Banda BB inferior | Rebote EMA50 | EMA semanal alcista
2026-09-11 19:32:04,PCAR,6,2082.47,COMPRAR ★★,Golden Cross | Cruce MACD | BB zona baja | Rebote EMA50 | EMA semanal alcista
2026-09-11 19:32:04,CSX,8,832.24,COMPRAR ★★★,EMA alcista | Cruce MACD | BB zona baja | Stoch 29 | Rebote EMA50 | EMA semanal alcista
2026-09-11 19:32:04,VTI,9,6390.98,COMPRAR ★★★,EMA alcista | RSI 47 óptimo | Cruce MACD | BB zona baja | Stoch 40 | EMA semanal alcista
2026-09-11 19:32:04,IBB,7,3457.68,COMPRAR ★★,EMA alcista | RSI 33 rebote | Cruce MACD | BB zona baja | EMA semanal alcista
2026-09-11 19:32:04,ARKW,7,2641.99,COMPRAR ★★,EMA alcista | RSI 50 óptimo | Cruce MACD | EMA semanal alcista
2026-09-11 19:32:04,AVY,8,2872.62,COMPRAR ★★★,EMA alcista | Cruce MACD | Banda BB inferior | Rebote EMA50 | EMA semanal alcista
2026-09-11 19:32:04,MS,7,3641.9,COMPRAR ★★,EMA alcista | RSI 51 óptimo | Cruce MACD | EMA semanal alcista
2026-09-11 19:32:04,ON,7,1277.89,COMPRAR ★★,Golden Cross | RSI 52 óptimo | MACD positivo | EMA semanal alcista
2026-09-11 19:32:04,MSCI,9,9428.72,COMPRAR ★★★,Golden Cross | RSI 45 óptimo | Cruce MACD | BB zona baja | Stoch 33 | Rebote EMA50 | EMA semanal alcista
2026-09-11 19:32:04,FTNT,7,2653.36,COMPRAR ★★,EMA alcista | RSI 52 óptimo | Cruce MACD | EMA semanal alcista
2026-09-11 19:32:04,CHD,6,1589.64,COMPRAR ★★,RSI 31 rebote | Cruce MACD | Banda BB inferior | EMA semanal alcista
2026-09-11 19:32:04,QQQ,7,12144.71,COMPRAR ★★,EMA alcista | RSI 52 óptimo | Cruce MACD | EMA semanal alcista
2026-09-11 19:32:04,TXN,8,4560.69,COMPRAR ★★★,Golden Cross | RSI 54 óptimo | MACD positivo | Rebote EMA50 | EMA semanal alcista
2026-09-11 19:32:04,SWK,7,1515.86,COMPRAR ★★,EMA alcista | Cruce MACD | Banda BB inferior | EMA semanal alcista
2026-09-11 19:32:04,REGN,8,13300.75,COMPRAR ★★★,EMA alcista | RSI 36 rebote | Cruce MACD | Banda BB inferior | EMA semanal alcista
2026-09-11 19:32:04,IWM,10,4906.55,COMPRAR ★★★,EMA alcista | RSI 31 rebote | Cruce MACD | Volumen alto | Banda BB inferior | Rebote EMA50 | EMA semanal alcista
2026-09-11 19:32:04,ANA.MC,7,4097.23,COMPRAR ★★,Golden Cross | RSI 48 óptimo | MACD positivo | EMA semanal alcista
2026-09-11 19:32:04,HON,4,3431.13,OBSERVAR,Golden Cross | Cruce MACD | Banda BB inferior
2026-09-11 19:32:04,AMAT,8,7770.18,COMPRAR ★★★,Golden Cross | RSI 36 rebote | MACD positivo | BB zona baja | Stoch 48 | EMA semanal alcista
2026-09-11 19:32:04,GNRC,9,3184.2,COMPRAR ★★★,Golden Cross | RSI 35 rebote | MACD positivo | Cruce MACD | BB zona baja | Stoch 30 | EMA semanal alcista
2026-09-11 19:32:04,AAL,9,222.49,COMPRAR ★★★,Golden Cross | RSI 36 rebote | MACD positivo | Cruce MACD | BB zona baja | Stoch 32 | EMA semanal alcista
2026-09-11 19:32:04,HERDEZ.MX,5,50.48,OBSERVAR,Golden Cross | RSI 54 óptimo | MACD positivo
2026-09-11 19:32:04,CMS,6,1140.94,COMPRAR ★★,Golden Cross | RSI 39 rebote | MACD positivo | Banda BB inferior
2026-09-11 19:32:04,FIBRAMQ12.MX,8,43.43,COMPRAR ★★★,EMA alcista | RSI 56 óptimo | Cruce MACD | Volumen alto | EMA semanal alcista
2026-09-11 19:32:04,FER.MC,4,949.72,OBSERVAR,Golden Cross | Cruce MACD | Banda BB inferior
2026-09-11 19:32:04,AVGO,9,6163.4,COMPRAR ★★★,Golden Cross | RSI 46 óptimo | MACD positivo | Cruce MACD | BB zona baja | EMA semanal alcista
2026-09-11 19:32:04,URA,7,742.55,COMPRAR ★★,EMA alcista | RSI 42 rebote | Cruce MACD | Banda BB inferior | Rebote EMA50
2026-09-11 19:32:04,NKE,4,625.96,OBSERVAR,Golden Cross | Cruce MACD | Banda BB inferior
2026-09-11 19:32:04,MRVL,8,4018.65,VENDER,EMA alcista | RSI 50 óptimo | MACD positivo | EMA semanal alcista | 🛑 Stop Loss -25.6%
2026-09-11 19:32:04,TPR,6,2001.18,COMPRAR ★★,Golden Cross | RSI 31 rebote | Cruce MACD | Banda BB inferior | Stoch 29
2026-09-11 19:32:04,CE,6,786.0,COMPRAR ★★,Golden Cross | RSI 48 óptimo | MACD positivo | Rebote EMA50
2026-09-11 19:32:04,MTD,7,21985.99,COMPRAR ★★,EMA alcista | Cruce MACD | Banda BB inferior | EMA semanal alcista
2026-09-11 19:32:04,ZS,9,2788.96,COMPRAR ★★★,EMA alcista | RSI 40 rebote | Cruce MACD | Banda BB inferior | Rebote EMA50 | EMA semanal alcista
2026-09-11 19:32:04,GRF.MC,8,193.29,COMPRAR ★★★,EMA alcista | RSI 45 óptimo | Cruce MACD | BB zona baja | EMA semanal alcista
2026-09-11 19:32:04,SYF,10,1291.98,COMPRAR ★★★,EMA alcista | RSI 38 rebote | Cruce MACD | Banda BB inferior | Stoch 20 | Rebote EMA50 | EMA semanal alcista
2026-09-11 19:32:04,CTSH,6,1012.47,COMPRAR ★★,EMA alcista | RSI 43 rebote | Cruce MACD | BB zona baja | Stoch 24
2026-09-11 19:32:04,MNST,6,737.21,COMPRAR ★★,Golden Cross | Cruce MACD | Banda BB inferior | EMA semanal alcista
2026-09-11 19:32:04,TMUS,4,3110.97,OBSERVAR,Golden Cross | RSI 52 óptimo | Cruce MACD
2026-09-11 19:32:04,AIZ,8,4792.17,COMPRAR ★★★,EMA alcista | RSI 49 óptimo | Cruce MACD | Stoch 39 | EMA semanal alcista
2026-09-11 19:32:04,DLR,8,3197.27,COMPRAR ★★★,EMA alcista | RSI 46 óptimo | Cruce MACD | Rebote EMA50 | EMA semanal alcista
2026-09-11 19:32:04,FE,7,780.23,COMPRAR ★★,Golden Cross | RSI 50 óptimo | MACD positivo | BB zona baja | Rebote EMA50
2026-09-11 19:32:04,EOG,7,2498.25,COMPRAR ★★,EMA alcista | RSI 36 rebote | Cruce MACD | Stoch 42 | EMA semanal alcista
2026-09-11 19:32:04,VRSN,7,4950.76,COMPRAR ★★,EMA alcista | RSI 61 óptimo | Cruce MACD | EMA semanal alcista
2026-09-11 19:32:04,ACS.MC,8,1933.49,COMPRAR ★★★,Golden Cross | RSI 35 rebote | Cruce MACD | Volumen alto | Banda BB inferior | EMA semanal alcista
2026-09-11 19:32:04,CNP,6,665.25,COMPRAR ★★,Golden Cross | RSI 55 óptimo | MACD positivo | BB zona baja
2026-09-11 19:32:04,GOOG,8,5700.02,COMPRAR ★★★,Golden Cross | RSI 44 rebote | Cruce MACD | BB zona baja | Stoch 46 | Rebote EMA50 | EMA semanal alcista
2026-09-11 19:32:04,CEMEXCPO.MX,7,18.18,COMPRAR ★★,Golden Cross | RSI 37 rebote | MACD positivo | BB zona baja | EMA semanal alcista
2026-09-11 19:32:04,BAX,7,403.31,COMPRAR ★★,EMA alcista | Cruce MACD | Banda BB inferior | EMA semanal alcista
2026-09-11 19:32:04,ACN,6,3111.23,COMPRAR ★★,EMA alcista | RSI 48 óptimo | Cruce MACD | Stoch 40
2026-09-11 19:32:04,MOS,6,428.68,COMPRAR ★★,EMA alcista | RSI 59 óptimo | MACD positivo
2026-09-11 19:32:04,CHPT,6,155.11,COMPRAR ★★,EMA alcista | MACD positivo | EMA semanal alcista
2026-09-11 19:32:04,AEP,7,2092.14,COMPRAR ★★,Golden Cross | RSI 63 óptimo | MACD positivo | BB zona baja | Rebote EMA50
2026-09-11 19:32:04,HOOD,8,1904.96,COMPRAR ★★★,EMA alcista | RSI 54 óptimo | MACD positivo | EMA semanal alcista
2026-09-11 19:32:04,RMD,7,3710.46,COMPRAR ★★,EMA alcista | RSI 30 rebote | Cruce MACD | Banda BB inferior | Rebote EMA50
2026-09-11 19:32:04,QCOM,5,3100.37,OBSERVAR,Golden Cross | MACD positivo | EMA semanal alcista
2026-09-11 19:32:04,BKNG,7,2946.61,COMPRAR ★★,EMA alcista | Cruce MACD | Banda BB inferior | EMA semanal alcista
2026-09-11 19:32:04,AXP,9,5500.53,COMPRAR ★★★,Golden Cross | RSI 32 rebote | Cruce MACD | Banda BB inferior | Stoch 22 | Rebote EMA50 | EMA semanal alcista
2026-09-11 19:32:04,BMY,8,1077.64,COMPRAR ★★★,EMA alcista | Cruce MACD | Banda BB inferior | Rebote EMA50 | EMA semanal alcista
2026-09-11 19:32:04,VTR,10,1525.83,COMPRAR ★★★,EMA alcista | RSI 32 rebote | Cruce MACD | Banda BB inferior | Stoch 23 | Rebote EMA50 | EMA semanal alcista
2026-09-11 19:32:04,CPB,7,357.32,COMPRAR ★★,EMA alcista | Cruce MACD | Banda BB inferior | EMA semanal alcista
2026-09-11 19:32:04,HST,9,378.53,COMPRAR ★★★,Golden Cross | RSI 32 rebote | MACD positivo | Cruce MACD | Stoch 42 | Rebote EMA50 | EMA semanal alcista
2026-09-11 19:32:04,CFG,7,1192.36,COMPRAR ★★,EMA alcista | RSI 52 óptimo | Cruce MACD | EMA semanal alcista
2026-09-11 19:32:04,GFNORTEO.MX,6,199.15,COMPRAR ★★,EMA alcista | MACD positivo | EMA semanal alcista
2026-09-11 19:32:04,DRI,9,3551.79,COMPRAR ★★★,EMA alcista | RSI 36 rebote | Cruce MACD | Banda BB inferior | Rebote EMA50 | EMA semanal alcista
2026-09-11 19:32:04,TEF.MC,7,71.89,COMPRAR ★★,Golden Cross | RSI 53 óptimo | Cruce MACD | Volumen alto | EMA semanal alcista
2026-09-11 19:32:04,MDB,8,6167.98,COMPRAR ★★★,EMA alcista | RSI 35 rebote | Cruce MACD | Banda BB inferior | EMA semanal alcista
2026-09-11 19:32:04,ARKG,7,776.58,COMPRAR ★★,EMA alcista | RSI 32 rebote | Cruce MACD | BB zona baja | EMA semanal alcista
2026-09-11 19:32:04,REP.MC,6,569.13,COMPRAR ★★,EMA alcista | MACD positivo | EMA semanal alcista
2026-09-11 19:32:04,TCEHY,5,925.75,OBSERVAR,Golden Cross | RSI 32 rebote | Cruce MACD | Banda BB inferior
2026-09-11 19:32:04,FSLR,7,3533.8,COMPRAR ★★,Golden Cross | RSI 45 rebote | MACD positivo | Stoch 47 | EMA semanal alcista
2026-09-11 19:32:04,BABA,3,1859.26,EVITAR,Golden Cross | Cruce MACD | BB zona baja
2026-09-11 19:32:04,BBAJIOO.MX,6,57.35,COMPRAR ★★,EMA alcista | MACD positivo | EMA semanal alcista
2026-09-11 19:32:04,MCK,5,14939.86,OBSERVAR,EMA alcista | RSI 57 óptimo | Cruce MACD
2026-09-11 19:32:04,BRO,7,1124.64,COMPRAR ★★,EMA alcista | Cruce MACD | Banda BB inferior | EMA semanal alcista
2026-09-11 19:32:04,MAA,6,2124.05,COMPRAR ★★,Golden Cross | Cruce MACD | Banda BB inferior | EMA semanal alcista
2026-09-11 19:32:04,WU,5,117.44,OBSERVAR,Golden Cross | RSI 32 rebote | Cruce MACD | Banda BB inferior
2026-09-11 19:32:04,ACHR,6,94.19,COMPRAR ★★,EMA alcista | Cruce MACD | BB zona baja | Stoch 21 | Rebote EMA50
2026-09-11 19:32:04,CEG,6,4831.37,COMPRAR ★★,EMA alcista | RSI 59 óptimo | MACD positivo
2026-09-11 19:32:04,DVN,6,850.65,COMPRAR ★★,EMA alcista | RSI 57 óptimo | MACD positivo
2026-09-11 19:32:04,ESS,6,4640.28,COMPRAR ★★,Golden Cross | Cruce MACD | Banda BB inferior | EMA semanal alcista
2026-09-11 19:32:04,PSX,4,4408.64,OBSERVAR,EMA alcista | EMA semanal alcista
2026-09-11 19:32:04,VRTX,7,8763.98,COMPRAR ★★,EMA alcista | Cruce MACD | Banda BB inferior | EMA semanal alcista
2026-09-11 19:32:04,ALK,9,700.36,COMPRAR ★★★,Golden Cross | RSI 54 óptimo | MACD positivo | Cruce MACD | Stoch 38 | EMA semanal alcista
2026-09-11 19:32:04,TSCO,7,561.22,COMPRAR ★★,EMA alcista | RSI 36 rebote | Cruce MACD | Banda BB inferior | Rebote EMA50
2026-09-11 19:32:04,SPGI,8,6946.26,COMPRAR ★★★,EMA alcista | RSI 39 rebote | Cruce MACD | Banda BB inferior | EMA semanal alcista
2026-09-11 19:32:04,UPS,7,1693.16,COMPRAR ★★,Golden Cross | RSI 41 rebote | Cruce MACD | Banda BB inferior | EMA semanal alcista
2026-09-11 19:32:04,HCA,7,7262.08,COMPRAR ★★,EMA alcista | RSI 49 óptimo | MACD positivo | Cruce MACD
2026-09-11 19:32:04,IR,4,1240.13,OBSERVAR,Golden Cross | Cruce MACD | Banda BB inferior
2026-09-11 19:32:04,BIDU,6,1554.34,COMPRAR ★★,Golden Cross | RSI 47 óptimo | MACD positivo | BB zona baja
2026-09-11 19:32:04,MTB,9,4059.89,COMPRAR ★★★,EMA alcista | RSI 51 óptimo | MACD positivo | Cruce MACD | EMA semanal alcista
2026-09-11 19:32:04,TFC,10,856.08,COMPRAR ★★★,EMA alcista | RSI 50 óptimo | Cruce MACD | BB zona baja | Stoch 49 | Rebote EMA50 | EMA semanal alcista
2026-09-11 19:32:04,FDX,9,5300.44,COMPRAR ★★★,EMA alcista | RSI 39 rebote | Cruce MACD | Banda BB inferior | Rebote EMA50 | EMA semanal alcista
2026-09-11 19:32:04,CCJ,6,1642.42,COMPRAR ★★,EMA alcista | RSI 40 rebote | Cruce MACD | BB zona baja | Rebote EMA50
2026-09-11 19:32:04,SNA,6,6366.54,COMPRAR ★★,Golden Cross | Cruce MACD | Banda BB inferior | EMA semanal alcista
2026-09-11 19:32:04,EME,9,13190.44,COMPRAR ★★★,Golden Cross | RSI 50 óptimo | MACD positivo | Cruce MACD | Rebote EMA50 | EMA semanal alcista
2026-09-11 19:32:04,APD,9,4947.03,COMPRAR ★★★,EMA alcista | RSI 32 rebote | Cruce MACD | Banda BB inferior | Rebote EMA50 | EMA semanal alcista
2026-09-11 19:32:04,EWY,8,3205.25,COMPRAR ★★★,EMA alcista | RSI 60 óptimo | MACD positivo | EMA semanal alcista
2026-09-11 19:32:04,UPST,6,434.19,COMPRAR ★★,Golden Cross | Cruce MACD | Banda BB inferior | EMA semanal alcista
2026-09-11 19:32:04,GPN,9,1506.82,COMPRAR ★★★,EMA alcista | RSI 36 rebote | Cruce MACD | Banda BB inferior | Stoch 27 | EMA semanal alcista
2026-09-11 19:32:04,MKTX,3,2767.32,EVITAR,EMA alcista | Cruce MACD
2026-09-11 19:32:04,FATE,7,39.46,COMPRAR ★★,RSI 50 óptimo | Cruce MACD | Banda BB inferior | EMA semanal alcista
2026-09-11 19:32:04,SYY,7,1420.12,COMPRAR ★★,EMA alcista | RSI 48 óptimo | MACD positivo | Cruce MACD
2026-09-11 19:32:04,PINFRA.MX,6,263.01,COMPRAR ★★,Golden Cross | RSI 52 óptimo | MACD positivo | Rebote EMA50
2026-09-11 19:32:04,DOV,7,3213.22,COMPRAR ★★,Golden Cross | RSI 33 rebote | Cruce MACD | Banda BB inferior | EMA semanal alcista
2026-09-11 19:32:04,VNO,7,602.97,COMPRAR ★★,Golden Cross | RSI 37 rebote | Cruce MACD | BB zona baja | Stoch 24 | EMA semanal alcista
2026-09-11 19:32:04,XLP,7,1415.86,COMPRAR ★★,RSI 34 rebote | Cruce MACD | Banda BB inferior | Rebote EMA50 | EMA semanal alcista
2026-09-11 19:32:04,HPQ,7,602.8,COMPRAR ★★,EMA alcista | MACD positivo | Volumen alto | EMA semanal alcista
2026-09-11 19:32:04,ABT,7,1731.35,COMPRAR ★★,EMA alcista | Cruce MACD | Banda BB inferior | EMA semanal alcista
2026-09-11 19:32:04,AES,8,251.25,COMPRAR ★★★,EMA alcista | RSI 57 óptimo | MACD positivo | EMA semanal alcista
2026-09-11 19:32:04,BBVA.MC,7,500.05,COMPRAR ★★,EMA alcista | RSI 59 óptimo | Cruce MACD | EMA semanal alcista
2026-09-11 19:32:04,PCTY,8,2414.75,COMPRAR ★★★,EMA alcista | RSI 31 rebote | Cruce MACD | Banda BB inferior | EMA semanal alcista
2026-09-11 19:32:04,MAS,7,1163.68,COMPRAR ★★,Golden Cross | RSI 34 rebote | Cruce MACD | Banda BB inferior | EMA semanal alcista
2026-09-11 19:32:04,RIVN,7,275.18,COMPRAR ★★,Golden Cross | RSI 41 rebote | MACD positivo | Stoch 47 | EMA semanal alcista
2026-09-11 19:32:04,ORBIA.MX,6,19.83,COMPRAR ★★,Golden Cross | Cruce MACD | Banda BB inferior | EMA semanal alcista
2026-09-11 19:32:04,DHR,8,3402.02,COMPRAR ★★★,EMA alcista | Cruce MACD | Banda BB inferior | Rebote EMA50 | EMA semanal alcista
2026-09-11 19:32:04,OMAB.MX,5,208.16,OBSERVAR,Golden Cross | RSI 33 rebote | Cruce MACD | Banda BB inferior
2026-09-11 19:32:04,T,5,442.26,OBSERVAR,EMA alcista | RSI 59 óptimo | Cruce MACD
2026-09-11 19:32:04,DUK,7,2026.55,COMPRAR ★★,Golden Cross | RSI 48 óptimo | Cruce MACD | Banda BB inferior | Rebote EMA50
2026-09-11 19:32:04,FXI,7,585.15,COMPRAR ★★,EMA alcista | RSI 31 rebote | Cruce MACD | Banda BB inferior | Rebote EMA50
2026-09-11 19:32:04,TSM,8,7331.32,COMPRAR ★★★,EMA alcista | RSI 58 óptimo | MACD positivo | EMA semanal alcista
2026-09-11 19:32:04,IAG.MC,8,96.13,COMPRAR ★★★,Golden Cross | RSI 47 óptimo | Cruce MACD | BB zona baja | Stoch 20 | EMA semanal alcista
2026-09-11 19:32:04,AMD,8,8759.66,COMPRAR ★★★,EMA alcista | RSI 63 óptimo | MACD positivo | EMA semanal alcista
2026-09-11 19:32:04,XLF,9,971.82,COMPRAR ★★★,EMA alcista | RSI 48 óptimo | Cruce MACD | BB zona baja | Stoch 30 | EMA semanal alcista
2026-09-11 19:32:04,MSFT,8,8435.43,COMPRAR ★★★,EMA alcista | RSI 58 óptimo | Cruce MACD | Stoch 42 | EMA semanal alcista
2026-09-11 19:32:04,LVS,4,727.87,OBSERVAR,Golden Cross | Cruce MACD | Banda BB inferior
2026-09-11 19:32:04,JCI,7,2483.44,COMPRAR ★★,Golden Cross | RSI 57 óptimo | MACD positivo | EMA semanal alcista
2026-09-11 19:32:04,CIBR,9,1600.93,COMPRAR ★★★,EMA alcista | RSI 49 óptimo | Cruce MACD | BB zona baja | Stoch 32 | EMA semanal alcista
2026-09-11 19:32:04,TSLA,5,6191.08,OBSERVAR,Golden Cross | RSI 51 óptimo | MACD positivo
2026-09-11 19:32:04,FIBRAHD15.MX,7,2.19,COMPRAR ★★,Golden Cross | RSI 50 óptimo | MACD positivo | Stoch 35 | Rebote EMA50
2026-09-11 19:32:04,NXPI,8,3999.22,COMPRAR ★★★,Golden Cross | RSI 61 óptimo | MACD positivo | Rebote EMA50 | EMA semanal alcista
2026-09-11 19:32:04,CHTR,8,2461.93,COMPRAR ★★★,EMA alcista | RSI 47 óptimo | Cruce MACD | BB zona baja | Stoch 43 | Rebote EMA50
2026-09-11 19:32:04,AKAM,7,1818.83,COMPRAR ★★,Golden Cross | RSI 45 rebote | MACD positivo | BB zona baja | EMA semanal alcista
2026-09-11 19:32:04,FMTY14.MX,9,14.25,COMPRAR ★★★,Golden Cross | RSI 38 rebote | MACD positivo | Cruce MACD | Stoch 36 | Rebote EMA50 | EMA semanal alcista
2026-09-11 19:32:04,RXRX,5,54.39,OBSERVAR,EMA alcista | RSI 41 rebote | Cruce MACD | BB zona baja
2026-09-11 19:32:04,MAP.MC,8,87.02,COMPRAR ★★★,EMA alcista | RSI 57 óptimo | Cruce MACD | Stoch 39 | EMA semanal alcista
2026-09-11 19:32:04,BWXT,5,2550.6,OBSERVAR,Golden Cross | RSI 44 rebote | MACD positivo | BB zona baja
2026-09-11 19:32:04,TRV,7,6352.62,COMPRAR ★★,EMA alcista | RSI 63 óptimo | Cruce MACD | EMA semanal alcista
2026-09-11 19:32:04,ZBRA,8,5945.84,COMPRAR ★★★,EMA alcista | RSI 37 rebote | Cruce MACD | BB zona baja | Stoch 43 | EMA semanal alcista
2026-09-11 19:32:04,TTWO,6,3677.54,COMPRAR ★★,Golden Cross | Cruce MACD | BB zona baja | Stoch 24 | EMA semanal alcista
2026-09-11 19:32:04,ABBV,6,4368.92,COMPRAR ★★,EMA alcista | RSI 41 rebote | Cruce MACD | EMA semanal alcista
2026-09-11 19:32:04,ICE,6,2675.34,COMPRAR ★★,EMA alcista | RSI 43 rebote | Cruce MACD | BB zona baja | Stoch 28
2026-09-11 19:32:04,FICO,4,16920.5,OBSERVAR,Golden Cross | Cruce MACD | BB zona baja | Stoch 38
2026-09-11 19:32:04,ASURB.MX,5,425.8,OBSERVAR,Golden Cross | MACD positivo | Banda BB inferior
2026-09-11 19:32:04,HSIC,9,1497.66,COMPRAR ★★★,EMA alcista | RSI 49 óptimo | Cruce MACD | BB zona baja | Stoch 25 | EMA semanal alcista
2026-09-11 19:32:04,ARKF,7,765.29,COMPRAR ★★,EMA alcista | RSI 47 óptimo | Cruce MACD | EMA semanal alcista
2026-09-11 19:32:04,BAC,7,1066.01,COMPRAR ★★,EMA alcista | RSI 63 óptimo | Cruce MACD | EMA semanal alcista
2026-09-11 19:32:04,ZTS,4,1231.14,OBSERVAR,Golden Cross | Cruce MACD | Banda BB inferior
2026-09-11 19:32:04,CIE.MC,5,505.76,OBSERVAR,Golden Cross | RSI 43 rebote | MACD positivo | Rebote EMA50
2026-09-11 19:32:04,LMT,5,8899.1,OBSERVAR,Golden Cross | RSI 30 rebote | Cruce MACD | Banda BB inferior
2026-09-11 19:32:04,ZBH,8,1583.28,COMPRAR ★★★,EMA alcista | Cruce MACD | Banda BB inferior | Rebote EMA50 | EMA semanal alcista
2026-09-11 19:32:04,MRNA,7,2503.0,COMPRAR ★★,EMA alcista | RSI 51 óptimo | Cruce MACD | EMA semanal alcista
2026-09-11 19:32:04,KO,8,1501.14,COMPRAR ★★★,EMA alcista | RSI 36 rebote | Cruce MACD | BB zona baja | Stoch 21 | EMA semanal alcista
2026-09-11 19:32:04,SAP,8,3505.12,COMPRAR ★★★,EMA alcista | RSI 37 rebote | Cruce MACD | Banda BB inferior | EMA semanal alcista
2026-09-11 19:32:04,RKLB,6,1077.98,COMPRAR ★★,Golden Cross | Cruce MACD | BB zona baja | Stoch 21 | EMA semanal alcista
2026-09-11 19:32:04,STX,10,14118.82,COMPRAR ★★★,EMA alcista | RSI 47 óptimo | MACD positivo | BB zona baja | Rebote EMA50 | EMA semanal alcista
2026-09-11 19:32:04,RVTY,8,2113.44,COMPRAR ★★★,EMA alcista | RSI 50 óptimo | Cruce MACD | Stoch 30 | EMA semanal alcista
2026-09-11 19:32:04,WMB,8,1235.29,COMPRAR ★★★,EMA alcista | RSI 60 óptimo | BB zona baja | Rebote EMA50 | EMA semanal alcista
2026-09-14 13:55:05,PYPL,9,927.66,COMPRAR ★★★,EMA alcista | RSI 32 rebote | Cruce MACD | BB zona baja | Stoch 28 | Rebote EMA50 | EMA semanal alcista
2026-09-14 13:55:05,URI,5,16926.31,OBSERVAR,Golden Cross | Cruce MACD | BB zona baja | EMA semanal alcista
2026-09-14 13:55:05,CBRE,10,2420.84,COMPRAR ★★★,EMA alcista | RSI 35 rebote | Cruce MACD | Banda BB inferior | Stoch 23 | Rebote EMA50 | EMA semanal alcista
2026-09-14 13:55:05,LW,7,833.69,COMPRAR ★★,EMA alcista | Cruce MACD | Banda BB inferior | EMA semanal alcista
2026-09-14 13:55:05,TROW,6,1831.78,COMPRAR ★★,Golden Cross | Cruce MACD | Banda BB inferior | EMA semanal alcista
2026-09-14 13:55:05,EWY,10,3050.27,COMPRAR ★★★,EMA alcista | RSI 53 óptimo | MACD positivo | BB zona baja | Rebote EMA50 | EMA semanal alcista
2026-09-14 13:55:05,TJX,3,2177.93,EVITAR,Golden Cross | Cruce MACD | BB zona baja
2026-09-14 13:55:05,MGM,6,681.14,COMPRAR ★★,Golden Cross | Cruce MACD | Banda BB inferior | EMA semanal alcista
2026-09-14 13:55:05,XLU,4,723.92,OBSERVAR,Golden Cross | RSI 37 rebote | Banda BB inferior
2026-09-14 13:55:05,PPL,5,583.48,OBSERVAR,Golden Cross | RSI 36 rebote | Cruce MACD | BB zona baja | Rebote EMA50
2026-09-14 13:55:05,AVGO,6,5982.45,COMPRAR ★★,Golden Cross | RSI 43 rebote | Banda BB inferior | EMA semanal alcista
2026-09-14 13:55:05,MCO,9,8251.34,COMPRAR ★★★,EMA alcista | RSI 35 rebote | Cruce MACD | BB zona baja | Stoch 26 | Rebote EMA50 | EMA semanal alcista
2026-09-14 13:55:05,CTSH,5,1077.75,OBSERVAR,EMA alcista | RSI 52 óptimo | Cruce MACD
2026-09-14 13:55:05,CI,7,4960.39,COMPRAR ★★,Golden Cross | RSI 62 óptimo | MACD positivo | EMA semanal alcista
2026-09-14 13:55:05,GIS,8,627.89,COMPRAR ★★★,EMA alcista | Cruce MACD | Banda BB inferior | Rebote EMA50 | EMA semanal alcista
2026-09-14 13:55:05,CTAS,6,3483.01,COMPRAR ★★,EMA alcista | RSI 39 rebote | Cruce MACD | EMA semanal alcista
2026-09-14 13:55:05,UDR,6,603.49,COMPRAR ★★,Golden Cross | Cruce MACD | Banda BB inferior | EMA semanal alcista
2026-09-14 13:55:05,ORBIA.MX,6,19.71,COMPRAR ★★,Golden Cross | Cruce MACD | Banda BB inferior | EMA semanal alcista
2026-09-14 13:55:05,XEL,7,1289.79,COMPRAR ★★,Golden Cross | RSI 36 rebote | Cruce MACD | Banda BB inferior | EMA semanal alcista
2026-09-14 13:55:05,OKLO,5,613.28,OBSERVAR,Golden Cross | RSI 42 rebote | Cruce MACD | Banda BB inferior
2026-09-14 13:55:05,SMR,4,143.45,OBSERVAR,RSI 45 óptimo | Banda BB inferior
2026-09-14 13:55:05,APH,10,1364.77,COMPRAR ★★★,EMA alcista | RSI 54 óptimo | MACD positivo | BB zona baja | Rebote EMA50 | EMA semanal alcista
2026-09-14 13:55:05,AAPL,6,5734.9,COMPRAR ★★,EMA alcista | MACD positivo | EMA semanal alcista
2026-09-14 13:55:05,PATH,8,245.57,COMPRAR ★★★,EMA alcista | RSI 37 rebote | Cruce MACD | BB zona baja | Rebote EMA50 | EMA semanal alcista
2026-09-14 13:55:05,ABBV,7,4497.08,COMPRAR ★★,EMA alcista | RSI 47 óptimo | Cruce MACD | EMA semanal alcista
2026-09-14 13:55:05,TRMB,6,995.17,COMPRAR ★★,EMA alcista | RSI 38 rebote | Cruce MACD | BB zona baja | Stoch 24
2026-09-14 13:55:05,META,6,11348.51,COMPRAR ★★,EMA alcista | MACD positivo | EMA semanal alcista
2026-09-14 13:55:05,LYB,6,1097.38,COMPRAR ★★,EMA alcista | RSI 44 rebote | Cruce MACD | BB zona baja | Stoch 40
2026-09-14 13:55:05,TMO,7,10489.74,COMPRAR ★★,EMA alcista | RSI 39 rebote | Cruce MACD | Stoch 30 | EMA semanal alcista
2026-09-14 13:55:05,FTNT,7,2798.6,COMPRAR ★★,EMA alcista | RSI 59 óptimo | Cruce MACD | EMA semanal alcista
2026-09-14 13:55:05,BBWI,7,309.99,COMPRAR ★★,Golden Cross | RSI 44 rebote | Cruce MACD | BB zona baja | Stoch 30 | EMA semanal alcista
2026-09-14 13:55:05,PEG,5,1241.51,OBSERVAR,Golden Cross | RSI 44 rebote | MACD positivo | BB zona baja
2026-09-14 13:55:05,MDLZ,6,1081.58,COMPRAR ★★,EMA alcista | RSI 37 rebote | Cruce MACD | EMA semanal alcista
2026-09-14 13:55:05,DUOL,8,2539.03,COMPRAR ★★★,EMA alcista | RSI 51 óptimo | Cruce MACD | Stoch 35 | EMA semanal alcista
2026-09-14 13:55:05,SYY,8,1438.04,COMPRAR ★★★,EMA alcista | RSI 49 óptimo | MACD positivo | EMA semanal alcista
2026-09-14 13:55:05,DE,8,11578.54,COMPRAR ★★★,EMA alcista | RSI 59 óptimo | MACD positivo | EMA semanal alcista
2026-09-14 13:55:05,CNP,6,670.75,COMPRAR ★★,Golden Cross | RSI 49 óptimo | MACD positivo | BB zona baja
2026-09-14 13:55:05,ACS.MC,6,1820.55,COMPRAR ★★,Golden Cross | Cruce MACD | Banda BB inferior | EMA semanal alcista
2026-09-14 13:55:05,LYV,6,2942.31,COMPRAR ★★,Golden Cross | Cruce MACD | Banda BB inferior | EMA semanal alcista
2026-09-14 13:55:05,PG,8,2524.77,COMPRAR ★★★,Golden Cross | RSI 51 óptimo | MACD positivo | Cruce MACD | EMA semanal alcista
2026-09-14 13:55:05,YUM,4,2492.48,OBSERVAR,Golden Cross | Cruce MACD | BB zona baja | Stoch 27
2026-09-14 13:55:05,INDA,7,829.48,COMPRAR ★★,RSI 39 rebote | Cruce MACD | Banda BB inferior | Rebote EMA50 | EMA semanal alcista
2026-09-14 13:55:05,JKHY,5,2887.33,OBSERVAR,EMA alcista | RSI 47 óptimo | Cruce MACD
2026-09-14 13:55:05,LEN,5,1375.34,OBSERVAR,Golden Cross | Cruce MACD | Banda BB inferior | Stoch 28
2026-09-14 13:55:05,NSC,7,5515.95,COMPRAR ★★,EMA alcista | Cruce MACD | Banda BB inferior | EMA semanal alcista
2026-09-14 13:55:05,IVZ,8,545.08,COMPRAR ★★★,EMA alcista | RSI 44 rebote | Cruce MACD | Banda BB inferior | EMA semanal alcista
2026-09-14 13:55:05,WHR,5,608.47,OBSERVAR,Golden Cross | RSI 31 rebote | Cruce MACD | Banda BB inferior
2026-09-14 13:55:05,WU,5,121.63,OBSERVAR,Golden Cross | RSI 40 rebote | Cruce MACD | BB zona baja | Stoch 42
2026-09-14 13:55:05,GWW,8,22057.8,COMPRAR ★★★,Golden Cross | RSI 41 rebote | Cruce MACD | BB zona baja | Stoch 27 | Rebote EMA50 | EMA semanal alcista
2026-09-14 13:55:05,NTAP,7,3298.77,COMPRAR ★★,EMA alcista | RSI 55 óptimo | Cruce MACD | EMA semanal alcista
2026-09-14 13:55:05,EMR,9,2542.12,COMPRAR ★★★,EMA alcista | RSI 36 rebote | Cruce MACD | Banda BB inferior | Rebote EMA50 | EMA semanal alcista
2026-09-14 13:55:05,UPST,6,440.47,COMPRAR ★★,Golden Cross | Cruce MACD | Banda BB inferior | EMA semanal alcista
2026-09-14 13:55:05,PNW,6,1652.1,COMPRAR ★★,Golden Cross | RSI 37 rebote | Banda BB inferior | EMA semanal alcista
2026-09-14 13:55:05,WDAY,8,3306.5,COMPRAR ★★★,EMA alcista | RSI 45 óptimo | Cruce MACD | Stoch 32 | EMA semanal alcista
2026-09-14 13:55:05,T,5,451.12,OBSERVAR,EMA alcista | RSI 57 óptimo | Cruce MACD
2026-09-14 13:55:05,VFC,6,223.24,COMPRAR ★★,Golden Cross | RSI 32 rebote | MACD positivo | BB zona baja | Stoch 32
2026-09-14 13:55:05,REGN,8,13483.84,COMPRAR ★★★,EMA alcista | RSI 38 rebote | Cruce MACD | Banda BB inferior | EMA semanal alcista
2026-09-14 13:55:05,KLAC,8,2951.41,COMPRAR ★★★,Golden Cross | RSI 41 rebote | MACD positivo | Banda BB inferior | EMA semanal alcista
2026-09-14 13:55:05,TGT,8,2723.79,COMPRAR ★★★,EMA alcista | RSI 31 rebote | Cruce MACD | BB zona baja | Stoch 33 | EMA semanal alcista
2026-09-14 13:55:05,MCHP,7,1238.08,COMPRAR ★★,Golden Cross | RSI 44 rebote | MACD positivo | BB zona baja | EMA semanal alcista
2026-09-14 13:55:05,AES,7,254.5,COMPRAR ★★,EMA alcista | RSI 62 óptimo | Cruce MACD | EMA semanal alcista
2026-09-14 13:55:05,ACN,5,3265.53,OBSERVAR,EMA alcista | RSI 53 óptimo | Cruce MACD
2026-09-14 13:55:05,ANA.MC,8,3896.51,COMPRAR ★★★,Golden Cross | RSI 38 rebote | MACD positivo | Banda BB inferior | EMA semanal alcista
2026-09-14 13:55:05,APTV,6,760.34,COMPRAR ★★,Golden Cross | RSI 38 rebote | MACD positivo | Banda BB inferior
2026-09-14 13:55:05,ICLN,6,301.83,COMPRAR ★★,Golden Cross | RSI 52 óptimo | MACD positivo | BB zona baja
2026-09-14 13:55:05,EFX,7,2954.93,COMPRAR ★★,EMA alcista | Cruce MACD | Banda BB inferior | EMA semanal alcista
2026-09-14 13:55:05,IT,6,3239.93,COMPRAR ★★,EMA alcista | RSI 41 rebote | Cruce MACD | EMA semanal alcista
2026-09-14 13:55:05,CHD,7,1639.03,COMPRAR ★★,Golden Cross | Cruce MACD | Banda BB inferior | Stoch 23 | EMA semanal alcista
2026-09-14 13:55:05,BWXT,5,2521.85,OBSERVAR,Golden Cross | RSI 47 óptimo | Banda BB inferior
2026-09-14 13:55:05,CDW,6,2589.8,COMPRAR ★★,EMA alcista | MACD positivo | EMA semanal alcista
2026-09-14 13:55:05,BILL,7,837.81,COMPRAR ★★,EMA alcista | RSI 52 óptimo | Cruce MACD | EMA semanal alcista
2026-09-14 13:55:05,ZBRA,8,5970.5,COMPRAR ★★★,EMA alcista | RSI 39 rebote | Cruce MACD | BB zona baja | Stoch 34 | EMA semanal alcista
2026-09-14 13:55:05,ED,8,1834.18,COMPRAR ★★★,Golden Cross | RSI 46 óptimo | Cruce MACD | BB zona baja | Rebote EMA50 | EMA semanal alcista
2026-09-14 13:55:05,OKE,7,1677.69,COMPRAR ★★,EMA alcista | MACD positivo | Cruce MACD | EMA semanal alcista
2026-09-14 13:55:05,CRM,5,4347.54,OBSERVAR,EMA alcista | Cruce MACD | EMA semanal alcista
2026-09-14 13:55:05,SWK,7,1525.48,COMPRAR ★★,EMA alcista | Cruce MACD | Banda BB inferior | EMA semanal alcista
2026-09-14 13:55:05,ASURB.MX,6,427.79,COMPRAR ★★,Golden Cross | RSI 32 rebote | MACD positivo | Banda BB inferior
2026-09-14 13:55:05,NTES,6,2016.54,COMPRAR ★★,Golden Cross | RSI 40 rebote | Cruce MACD | BB zona baja | EMA semanal alcista
2026-09-14 13:55:05,MTS.MC,8,1231.91,COMPRAR ★★★,EMA alcista | RSI 48 óptimo | Cruce MACD | BB zona baja | EMA semanal alcista
2026-09-14 13:55:05,MDB,7,6297.08,COMPRAR ★★,EMA alcista | RSI 41 rebote | Cruce MACD | BB zona baja | EMA semanal alcista
2026-09-14 13:55:05,PDD,4,1345.46,OBSERVAR,Golden Cross | Cruce MACD | Banda BB inferior
2026-09-14 13:55:05,CFG,9,1212.31,COMPRAR ★★★,EMA alcista | RSI 52 óptimo | MACD positivo | Cruce MACD | EMA semanal alcista
2026-09-14 13:55:05,ZTS,5,1276.9,OBSERVAR,Golden Cross | RSI 38 rebote | Cruce MACD | BB zona baja | Stoch 39
2026-09-14 13:55:05,FTV,6,942.6,COMPRAR ★★,Golden Cross | Cruce MACD | Banda BB inferior | EMA semanal alcista
2026-09-14 13:55:05,EWU,8,824.76,COMPRAR ★★★,EMA alcista | RSI 35 rebote | Cruce MACD | BB zona baja | Stoch 28 | EMA semanal alcista
2026-09-14 13:55:05,ACHC,8,500.08,COMPRAR ★★★,Golden Cross | RSI 52 óptimo | MACD positivo | Stoch 38 | EMA semanal alcista
2026-09-14 13:55:05,MEL.MC,7,193.44,COMPRAR ★★,Golden Cross | RSI 30 rebote | Cruce MACD | Banda BB inferior | EMA semanal alcista
2026-09-14 13:55:05,ITW,7,4615.87,COMPRAR ★★,Golden Cross | Cruce MACD | BB zona baja | Stoch 29 | Rebote EMA50 | EMA semanal alcista
2026-09-14 13:55:05,ORLY,8,1495.07,COMPRAR ★★★,Golden Cross | RSI 33 rebote | Cruce MACD | BB zona baja | Stoch 33 | Rebote EMA50 | EMA semanal alcista
2026-09-14 13:55:05,RXRX,10,55.57,COMPRAR ★★★,EMA alcista | RSI 50 óptimo | Cruce MACD | BB zona baja | Stoch 22 | Rebote EMA50 | EMA semanal alcista
2026-09-14 13:55:05,CEMEXCPO.MX,8,17.96,COMPRAR ★★★,Golden Cross | RSI 34 rebote | MACD positivo | Banda BB inferior | EMA semanal alcista
2026-09-14 13:55:05,IBE.MC,9,393.12,COMPRAR ★★★,Golden Cross | RSI 45 óptimo | MACD positivo | BB zona baja | Rebote EMA50 | EMA semanal alcista
2026-09-14 13:55:05,SHW,6,5533.48,COMPRAR ★★,Golden Cross | Cruce MACD | Banda BB inferior | EMA semanal alcista
2026-09-14 13:55:05,TFC,8,870.45,COMPRAR ★★★,EMA alcista | RSI 49 óptimo | Cruce MACD | Rebote EMA50 | EMA semanal alcista
2026-09-14 13:55:05,BDX,8,3108.77,COMPRAR ★★★,EMA alcista | RSI 33 rebote | Cruce MACD | BB zona baja | Stoch 37 | EMA semanal alcista
2026-09-14 13:55:05,XLK,7,3150.43,COMPRAR ★★,EMA alcista | RSI 56 óptimo | BB zona baja | EMA semanal alcista
2026-09-14 13:55:05,BRO,8,1174.35,COMPRAR ★★★,EMA alcista | Cruce MACD | BB zona baja | Stoch 32 | Rebote EMA50 | EMA semanal alcista
2026-09-14 13:55:05,L,8,1886.15,COMPRAR ★★★,Golden Cross | RSI 41 rebote | MACD positivo | Cruce MACD | Rebote EMA50 | EMA semanal alcista
2026-09-14 13:55:05,CE,6,783.36,COMPRAR ★★,Golden Cross | RSI 52 óptimo | MACD positivo | Rebote EMA50
2026-09-14 13:55:05,CIBR,7,1668.24,COMPRAR ★★,EMA alcista | RSI 57 óptimo | Cruce MACD | EMA semanal alcista
2026-09-14 13:55:05,LVS,4,734.93,OBSERVAR,Golden Cross | Cruce MACD | Banda BB inferior
2026-09-14 13:55:05,PLTR,7,2894.06,VENDER,EMA alcista | RSI 44 rebote | Cruce MACD | BB zona baja | EMA semanal alcista | 🎯 Take Profit +26.8%
2026-09-14 13:55:05,FMTY14.MX,8,14.31,COMPRAR ★★★,Golden Cross | RSI 51 óptimo | MACD positivo | Rebote EMA50 | EMA semanal alcista
2026-09-14 13:55:05,MOS,8,427.07,COMPRAR ★★★,EMA alcista | RSI 59 óptimo | MACD positivo | EMA semanal alcista
2026-09-14 13:55:05,GNRC,6,3066.42,COMPRAR ★★,Golden Cross | RSI 31 rebote | Banda BB inferior | EMA semanal alcista
2026-09-14 13:55:05,MA,7,9908.41,COMPRAR ★★,EMA alcista | RSI 33 rebote | Cruce MACD | Stoch 36 | EMA semanal alcista
2026-09-14 13:55:05,GD,5,6147.45,OBSERVAR,Golden Cross | Cruce MACD | BB zona baja | EMA semanal alcista
2026-09-14 13:55:05,BAX,8,413.15,COMPRAR ★★★,EMA alcista | Cruce MACD | Banda BB inferior | Rebote EMA50 | EMA semanal alcista
2026-09-14 13:55:05,AMT,8,3019.7,COMPRAR ★★★,EMA alcista | RSI 45 óptimo | Cruce MACD | Stoch 44 | EMA semanal alcista
2026-09-14 13:55:05,CTVA,6,1437.95,COMPRAR ★★,EMA alcista | RSI 54 óptimo | EMA semanal alcista
2026-09-14 13:55:05,PINFRA.MX,6,262.07,COMPRAR ★★,Golden Cross | RSI 51 óptimo | MACD positivo | Rebote EMA50
2026-09-14 13:55:05,ILMN,7,3511.35,COMPRAR ★★,EMA alcista | RSI 36 rebote | Cruce MACD | BB zona baja | EMA semanal alcista
2026-09-14 13:55:05,XLC,7,1965.43,COMPRAR ★★,EMA alcista | RSI 57 óptimo | MACD positivo | Cruce MACD
2026-09-14 13:55:05,XLF,8,986.92,COMPRAR ★★★,EMA alcista | RSI 43 rebote | Cruce MACD | BB zona baja | Stoch 40 | EMA semanal alcista
2026-09-14 13:55:05,SYK,4,4898.64,OBSERVAR,Golden Cross | Cruce MACD | BB zona baja | Stoch 27
2026-09-14 13:55:05,JCI,6,2355.91,COMPRAR ★★,Golden Cross | RSI 41 rebote | Banda BB inferior | EMA semanal alcista
2026-09-14 13:55:05,PCTY,8,2512.23,COMPRAR ★★★,EMA alcista | RSI 41 rebote | Cruce MACD | BB zona baja | Stoch 27 | EMA semanal alcista
2026-09-14 13:55:05,SPY,9,13059.01,COMPRAR ★★★,EMA alcista | RSI 47 óptimo | Cruce MACD | Banda BB inferior | EMA semanal alcista
2026-09-14 13:55:05,XLV,8,2880.29,COMPRAR ★★★,EMA alcista | RSI 31 rebote | Cruce MACD | BB zona baja | Stoch 24 | EMA semanal alcista
2026-09-14 13:55:05,ESS,6,4696.69,COMPRAR ★★,Golden Cross | Cruce MACD | Banda BB inferior | EMA semanal alcista
2026-09-14 13:55:05,DOV,4,3216.14,OBSERVAR,Golden Cross | Cruce MACD | Banda BB inferior
2026-09-14 13:55:05,ECL,9,4743.04,COMPRAR ★★★,EMA alcista | RSI 32 rebote | Cruce MACD | BB zona baja | Stoch 28 | Rebote EMA50 | EMA semanal alcista
2026-09-14 13:55:05,HON,4,3407.17,OBSERVAR,Golden Cross | Cruce MACD | Banda BB inferior
2026-09-14 13:55:05,GOOG,9,5890.28,COMPRAR ★★★,Golden Cross | RSI 49 óptimo | MACD positivo | Cruce MACD | Rebote EMA50 | EMA semanal alcista
2026-09-14 13:55:05,WST,8,5977.38,COMPRAR ★★★,EMA alcista | RSI 44 rebote | MACD positivo | Cruce MACD | EMA semanal alcista
2026-09-14 13:55:05,LDOS,6,2282.47,COMPRAR ★★,EMA alcista | RSI 41 rebote | Cruce MACD | BB zona baja | Stoch 39
2026-09-14 13:55:05,HAL,4,610.54,OBSERVAR,EMA alcista | RSI 57 óptimo
2026-09-14 13:55:05,IQV,7,4591.13,COMPRAR ★★,EMA alcista | RSI 58 óptimo | Cruce MACD | EMA semanal alcista
2026-09-14 13:55:05,YPF,6,981.08,COMPRAR ★★,EMA alcista | MACD positivo | EMA semanal alcista
2026-09-14 13:55:05,MO,7,1215.15,COMPRAR ★★,Golden Cross | RSI 62 óptimo | MACD positivo | EMA semanal alcista
2026-09-14 13:55:05,TDG,6,19122.8,COMPRAR ★★,Golden Cross | Cruce MACD | Banda BB inferior | EMA semanal alcista
2026-09-14 13:55:05,RTX,7,3351.76,COMPRAR ★★,EMA alcista | Cruce MACD | Banda BB inferior | EMA semanal alcista
2026-09-14 13:55:05,KOFUBL.MX,7,188.98,COMPRAR ★★,EMA alcista | RSI 39 rebote | Cruce MACD | Stoch 27 | EMA semanal alcista
2026-09-14 13:55:05,ALPEKA.MX,6,14.11,COMPRAR ★★,EMA alcista | MACD positivo | EMA semanal alcista
2026-09-14 13:55:05,VLO,6,6836.23,COMPRAR ★★,EMA alcista | MACD positivo | EMA semanal alcista
2026-09-14 13:55:05,SLB,7,941.06,COMPRAR ★★,EMA alcista | RSI 53 óptimo | Cruce MACD | EMA semanal alcista
2026-09-14 13:55:05,ELE.MC,7,824.84,COMPRAR ★★,EMA alcista | RSI 46 óptimo | Cruce MACD | EMA semanal alcista
2026-09-14 13:55:05,MPC,6,6973.41,COMPRAR ★★,EMA alcista | MACD positivo | EMA semanal alcista
2026-09-14 13:55:05,FEMSAUBD.MX,9,201.99,COMPRAR ★★★,Golden Cross | RSI 40 rebote | MACD positivo | Cruce MACD | Stoch 39 | Rebote EMA50 | EMA semanal alcista
2026-09-14 13:55:05,IP,6,591.04,COMPRAR ★★,Golden Cross | Cruce MACD | Banda BB inferior | EMA semanal alcista
2026-09-14 13:55:05,MKC,8,876.03,COMPRAR ★★★,EMA alcista | Cruce MACD | Banda BB inferior | Rebote EMA50 | EMA semanal alcista
2026-09-14 13:55:05,DPZ,4,5576.42,OBSERVAR,RSI 38 rebote | Cruce MACD | BB zona baja | Stoch 32
2026-09-14 13:55:05,BMY,9,1107.26,COMPRAR ★★★,EMA alcista | RSI 34 rebote | Cruce MACD | Banda BB inferior | Stoch 24 | EMA semanal alcista
2026-09-14 13:55:05,BOTZ,8,596.45,COMPRAR ★★★,Golden Cross | RSI 45 óptimo | Cruce MACD | Banda BB inferior | EMA semanal alcista
2026-09-14 13:55:05,UHS,5,3021.93,OBSERVAR,EMA alcista | RSI 50 óptimo | Cruce MACD
2026-09-14 13:55:05,HERDEZ.MX,5,50.51,OBSERVAR,Golden Cross | RSI 54 óptimo | MACD positivo
2026-09-14 13:55:05,EQIX,7,17164.93,COMPRAR ★★,Golden Cross | RSI 36 rebote | Cruce MACD | Banda BB inferior | EMA semanal alcista
2026-09-14 13:55:05,JD,6,464.95,COMPRAR ★★,Golden Cross | Cruce MACD | Banda BB inferior | EMA semanal alcista
2026-09-14 13:55:05,ALL,8,4425.53,COMPRAR ★★★,EMA alcista | RSI 48 óptimo | Cruce MACD | Stoch 45 | EMA semanal alcista
2026-09-14 13:55:05,ARKF,8,787.99,COMPRAR ★★★,EMA alcista | RSI 52 óptimo | Cruce MACD | Stoch 43 | EMA semanal alcista
2026-09-14 13:55:05,CHPT,6,148.61,COMPRAR ★★,EMA alcista | MACD positivo | EMA semanal alcista
2026-09-14 13:55:05,UNP,8,4891.16,COMPRAR ★★★,EMA alcista | Cruce MACD | Banda BB inferior | Rebote EMA50 | EMA semanal alcista
2026-09-14 13:55:05,PANW,8,6049.19,COMPRAR ★★★,EMA alcista | RSI 50 óptimo | Cruce MACD | Stoch 47 | EMA semanal alcista
2026-09-14 13:55:05,CF,8,2322.41,COMPRAR ★★★,EMA alcista | RSI 59 óptimo | MACD positivo | EMA semanal alcista
2026-09-14 13:55:05,GM,7,1473.52,COMPRAR ★★,EMA alcista | RSI 46 óptimo | Cruce MACD | EMA semanal alcista
2026-09-14 13:55:05,XLE,5,1129.34,OBSERVAR,EMA alcista | Cruce MACD | EMA semanal alcista
2026-09-14 13:55:05,ETN,4,6785.64,OBSERVAR,RSI 45 rebote | BB zona baja | EMA semanal alcista
2026-09-14 13:55:05,DHR,8,3436.2,COMPRAR ★★★,EMA alcista | Cruce MACD | Banda BB inferior | Rebote EMA50 | EMA semanal alcista
2026-09-14 13:55:05,TTWO,6,3713.12,COMPRAR ★★,Golden Cross | Cruce MACD | BB zona baja | Stoch 23 | EMA semanal alcista
2026-09-14 13:55:05,LULU,4,1726.47,OBSERVAR,Golden Cross | Cruce MACD | Banda BB inferior
2026-09-14 13:55:05,GE,6,5370.79,COMPRAR ★★,Golden Cross | Cruce MACD | Banda BB inferior | EMA semanal alcista
2026-09-14 13:55:05,CCJ,4,1586.12,OBSERVAR,RSI 34 rebote | Cruce MACD | Banda BB inferior
2026-09-14 13:55:05,LHX,4,4277.53,OBSERVAR,Golden Cross | Cruce MACD | Banda BB inferior
2026-09-14 13:55:05,BSX,6,761.37,COMPRAR ★★,Golden Cross | RSI 34 rebote | Cruce MACD | Banda BB inferior | Stoch 21
2026-09-14 13:55:05,NEE,4,1408.84,OBSERVAR,Golden Cross | RSI 39 rebote | Banda BB inferior
2026-09-14 13:55:05,DRI,8,3684.26,COMPRAR ★★★,EMA alcista | RSI 38 rebote | Cruce MACD | BB zona baja | Stoch 42 | EMA semanal alcista
2026-09-14 13:55:05,SMSNN.MX,8,85000.0,COMPRAR ★★★,EMA alcista | RSI 61 óptimo | MACD positivo | EMA semanal alcista
2026-09-14 13:55:05,INTC,8,1661.8,COMPRAR ★★★,Golden Cross | RSI 62 óptimo | MACD positivo | Rebote EMA50 | EMA semanal alcista
2026-09-14 13:55:05,CLNX.MC,8,505.28,COMPRAR ★★★,Golden Cross | RSI 39 rebote | Cruce MACD | BB zona baja | Stoch 27 | Rebote EMA50 | EMA semanal alcista
2026-09-14 13:55:05,ALK,8,697.8,COMPRAR ★★★,Golden Cross | RSI 45 óptimo | MACD positivo | BB zona baja | EMA semanal alcista
2026-09-14 13:55:05,FITB,8,943.81,COMPRAR ★★★,Golden Cross | RSI 50 óptimo | MACD positivo | Rebote EMA50 | EMA semanal alcista
2026-09-14 13:55:05,MLM,5,8645.17,OBSERVAR,Golden Cross | RSI 33 rebote | Cruce MACD | Banda BB inferior
2026-09-14 13:55:05,NTRS,6,3192.77,COMPRAR ★★,EMA alcista | RSI 50 óptimo | EMA semanal alcista
2026-09-14 13:55:05,STX,6,13461.34,COMPRAR ★★,RSI 48 óptimo | Banda BB inferior | EMA semanal alcista
2026-09-14 13:55:05,DUK,5,2051.43,OBSERVAR,Golden Cross | RSI 35 rebote | Cruce MACD | BB zona baja | Rebote EMA50
2026-09-14 13:55:05,MNST,6,753.46,COMPRAR ★★,Golden Cross | Cruce MACD | BB zona baja | Stoch 24 | EMA semanal alcista
2026-09-14 13:55:05,NVR,6,107362.43,COMPRAR ★★,Golden Cross | RSI 42 rebote | Cruce MACD | BB zona baja | Stoch 47 | Rebote EMA50
2026-09-14 13:55:05,MS,9,3611.34,COMPRAR ★★★,EMA alcista | RSI 43 rebote | Cruce MACD | Banda BB inferior | Rebote EMA50 | EMA semanal alcista
2026-09-14 13:55:05,PH,6,15808.14,COMPRAR ★★,Golden Cross | Cruce MACD | Banda BB inferior | EMA semanal alcista
2026-09-14 13:55:05,KRE,8,1278.54,COMPRAR ★★★,EMA alcista | RSI 48 óptimo | Cruce MACD | Rebote EMA50 | EMA semanal alcista
2026-09-14 13:55:05,ON,8,1246.58,COMPRAR ★★★,Golden Cross | RSI 51 óptimo | MACD positivo | BB zona baja | EMA semanal alcista
2026-09-14 13:55:05,MNDY,7,1610.0,COMPRAR ★★,EMA alcista | RSI 49 óptimo | Cruce MACD | EMA semanal alcista
2026-09-14 13:55:05,BALL,9,1039.75,COMPRAR ★★★,EMA alcista | Cruce MACD | Banda BB inferior | Stoch 22 | Rebote EMA50 | EMA semanal alcista
2026-09-14 13:55:05,FATE,7,39.51,COMPRAR ★★,Golden Cross | RSI 40 rebote | Cruce MACD | Banda BB inferior | EMA semanal alcista
2026-09-14 13:55:05,BA,8,3602.23,COMPRAR ★★★,Golden Cross | RSI 49 óptimo | Cruce MACD | BB zona baja | Stoch 47 | EMA semanal alcista
2026-09-14 13:55:05,LH,8,5403.86,COMPRAR ★★★,EMA alcista | Cruce MACD | Banda BB inferior | Stoch 26 | EMA semanal alcista
2026-09-14 13:55:05,CL,7,1516.03,COMPRAR ★★,Golden Cross | Cruce MACD | BB zona baja | Stoch 30 | Rebote EMA50 | EMA semanal alcista
2026-09-14 13:55:05,FER.MC,4,932.75,OBSERVAR,Golden Cross | Cruce MACD | Banda BB inferior
2026-09-14 13:55:05,ROK,8,7152.07,COMPRAR ★★★,Golden Cross | RSI 40 rebote | MACD positivo | Banda BB inferior | EMA semanal alcista
2026-09-14 13:55:05,RVTY,8,2149.07,COMPRAR ★★★,EMA alcista | RSI 54 óptimo | Cruce MACD | Stoch 35 | EMA semanal alcista
2026-09-14 13:55:05,ZION,8,1198.4,COMPRAR ★★★,EMA alcista | RSI 61 óptimo | MACD positivo | EMA semanal alcista
2026-09-14 13:55:05,VALE,7,252.19,COMPRAR ★★,EMA alcista | RSI 44 rebote | BB zona baja | Rebote EMA50 | EMA semanal alcista
2026-09-14 13:55:05,NOK,8,173.08,VENDER,Golden Cross | RSI 51 óptimo | MACD positivo | BB zona baja | EMA semanal alcista | 🛑 Stop Loss -38.8%
2026-09-14 13:55:05,FMC,5,195.75,OBSERVAR,EMA alcista | RSI 51 óptimo | Rebote EMA50
2026-09-14 13:55:05,SNPS,5,6697.17,OBSERVAR,Golden Cross | RSI 49 óptimo | Cruce MACD | BB zona baja
2026-09-14 13:55:05,SCHW,8,1847.58,COMPRAR ★★★,EMA alcista | RSI 32 rebote | Cruce MACD | BB zona baja | Stoch 20 | EMA semanal alcista
2026-09-14 13:55:05,CLX,4,1529.35,OBSERVAR,Golden Cross | Cruce MACD | Banda BB inferior
2026-09-14 13:55:05,SNOW,7,5601.85,COMPRAR ★★,EMA alcista | RSI 51 óptimo | Cruce MACD | EMA semanal alcista
2026-09-14 13:55:05,NXPI,7,3958.86,COMPRAR ★★,Golden Cross | RSI 58 óptimo | MACD positivo | EMA semanal alcista
2026-09-14 13:55:05,AAL,8,221.86,COMPRAR ★★★,Golden Cross | RSI 35 rebote | MACD positivo | Cruce MACD | BB zona baja | EMA semanal alcista
2026-09-14 13:55:05,WYNN,4,1506.24,OBSERVAR,Golden Cross | Cruce MACD | Banda BB inferior
2026-09-14 13:55:05,ELV,8,7291.04,COMPRAR ★★★,EMA alcista | RSI 64 óptimo | MACD positivo | EMA semanal alcista
2026-09-14 13:55:05,SPG,6,3528.88,COMPRAR ★★,Golden Cross | Cruce MACD | Banda BB inferior | EMA semanal alcista
2026-09-14 13:55:05,VESTA.MX,6,56.76,COMPRAR ★★,Golden Cross | Cruce MACD | Banda BB inferior | EMA semanal alcista
2026-09-14 13:55:05,HSIC,8,1514.49,COMPRAR ★★★,EMA alcista | RSI 44 rebote | Cruce MACD | BB zona baja | Stoch 23 | EMA semanal alcista
2026-09-14 13:55:05,HCA,6,7414.22,COMPRAR ★★,EMA alcista | RSI 52 óptimo | MACD positivo
2026-09-14 13:55:05,NEM,7,2098.74,COMPRAR ★★,EMA alcista | RSI 38 rebote | Cruce MACD | BB zona baja | EMA semanal alcista
2026-09-14 13:55:05,ENG.MC,8,324.31,COMPRAR ★★★,Golden Cross | RSI 36 rebote | Cruce MACD | Banda BB inferior | Rebote EMA50 | EMA semanal alcista
2026-09-14 13:55:05,JBHT,8,4644.82,COMPRAR ★★★,Golden Cross | RSI 61 óptimo | MACD positivo | Rebote EMA50 | EMA semanal alcista
2026-09-14 13:55:05,USO,6,2743.89,COMPRAR ★★,EMA alcista | MACD positivo | EMA semanal alcista
2026-09-14 13:55:05,SNA,7,6481.75,COMPRAR ★★,Golden Cross | Cruce MACD | Banda BB inferior | Stoch 20 | EMA semanal alcista
2026-09-14 13:55:05,VTI,9,6431.16,COMPRAR ★★★,EMA alcista | RSI 45 óptimo | Cruce MACD | Banda BB inferior | EMA semanal alcista
2026-09-14 13:55:05,D,9,1111.13,COMPRAR ★★★,Golden Cross | RSI 40 rebote | Cruce MACD | Banda BB inferior | Stoch 23 | Rebote EMA50 | EMA semanal alcista
2026-09-14 13:55:05,NI,5,713.44,OBSERVAR,Golden Cross | RSI 59 óptimo | MACD positivo
2026-09-14 13:55:05,XHB,6,1680.09,COMPRAR ★★,Golden Cross | Cruce MACD | Banda BB inferior | EMA semanal alcista
2026-09-14 13:55:05,ICE,5,2733.07,OBSERVAR,EMA alcista | RSI 43 rebote | Cruce MACD | Stoch 43
2026-09-14 13:55:05,VIS.MC,7,1083.02,COMPRAR ★★,Golden Cross | Cruce MACD | Banda BB inferior | Stoch 24 | EMA semanal alcista
2026-09-14 13:55:05,KWEB,4,423.03,OBSERVAR,Golden Cross | Cruce MACD | Banda BB inferior
2026-09-14 13:55:05,HSY,5,3025.8,OBSERVAR,Golden Cross | Cruce MACD | BB zona baja | Stoch 33 | Rebote EMA50
2026-09-14 13:55:05,DVA,7,3192.17,COMPRAR ★★,Golden Cross | RSI 64 óptimo | MACD positivo | EMA semanal alcista
2026-09-14 13:55:05,MRNA,7,2413.97,COMPRAR ★★,EMA alcista | RSI 51 óptimo | Cruce MACD | EMA semanal alcista
2026-09-14 13:55:05,CBOE,9,4874.68,COMPRAR ★★★,EMA alcista | RSI 32 rebote | Cruce MACD | Banda BB inferior | Rebote EMA50 | EMA semanal alcista
2026-09-14 13:55:05,XYL,4,1840.46,OBSERVAR,Golden Cross | RSI 31 rebote | Cruce MACD | BB zona baja
2026-09-14 13:55:05,MAP.MC,8,87.51,COMPRAR ★★★,EMA alcista | RSI 51 óptimo | Cruce MACD | Stoch 38 | EMA semanal alcista
2026-09-14 13:55:05,TAN,6,795.38,COMPRAR ★★,Golden Cross | RSI 40 rebote | MACD positivo | Banda BB inferior
2026-09-14 13:55:05,LNT,7,1157.68,COMPRAR ★★,Golden Cross | RSI 38 rebote | MACD positivo | BB zona baja | EMA semanal alcista
2026-09-14 13:55:05,BWA,8,1104.77,COMPRAR ★★★,EMA alcista | RSI 50 óptimo | BB zona baja | Rebote EMA50 | EMA semanal alcista
2026-09-14 13:55:05,MHK,8,2192.62,COMPRAR ★★★,EMA alcista | RSI 39 rebote | Cruce MACD | BB zona baja | Stoch 41 | EMA semanal alcista
2026-09-14 13:55:05,AIZ,7,4905.68,COMPRAR ★★,EMA alcista | RSI 48 óptimo | Cruce MACD | EMA semanal alcista
2026-09-14 13:55:05,EXPE,8,4918.82,COMPRAR ★★★,EMA alcista | Cruce MACD | BB zona baja | Stoch 31 | Rebote EMA50 | EMA semanal alcista
2026-09-14 13:55:05,WMB,9,1237.39,COMPRAR ★★★,EMA alcista | RSI 56 óptimo | Cruce MACD | BB zona baja | Rebote EMA50 | EMA semanal alcista
2026-09-14 13:55:05,RKLB,6,1067.49,COMPRAR ★★,Golden Cross | RSI 32 rebote | Cruce MACD | BB zona baja | EMA semanal alcista
2026-09-14 13:55:05,INCY,8,2094.1,COMPRAR ★★★,EMA alcista | RSI 38 rebote | Cruce MACD | Banda BB inferior | EMA semanal alcista
2026-09-14 13:55:05,CSCO,8,1895.77,COMPRAR ★★★,Golden Cross | RSI 50 óptimo | MACD positivo | Rebote EMA50 | EMA semanal alcista
2026-09-14 13:55:05,ALGN,6,2610.32,COMPRAR ★★,Golden Cross | RSI 34 rebote | Cruce MACD | Banda BB inferior | Stoch 24
2026-09-14 13:55:05,RIVN,8,276.32,COMPRAR ★★★,Golden Cross | RSI 43 rebote | MACD positivo | Stoch 45 | Rebote EMA50 | EMA semanal alcista
2026-09-14 13:55:05,GS,6,17192.76,COMPRAR ★★,RSI 41 rebote | Banda BB inferior | Rebote EMA50 | EMA semanal alcista
2026-09-14 13:55:05,HDB,6,395.14,COMPRAR ★★,Golden Cross | RSI 46 óptimo | MACD positivo | Rebote EMA50
2026-09-14 13:55:05,GMEXICOB.MX,8,214.1,COMPRAR ★★★,EMA alcista | Cruce MACD | Banda BB inferior | Rebote EMA50 | EMA semanal alcista
2026-09-14 13:55:05,MAS,8,1183.11,COMPRAR ★★★,Golden Cross | RSI 34 rebote | Cruce MACD | Banda BB inferior | Stoch 25 | EMA semanal alcista
2026-09-14 13:55:05,MKTX,3,2804.36,EVITAR,EMA alcista | Cruce MACD
2026-09-14 13:55:05,VTRS,8,285.77,COMPRAR ★★★,EMA alcista | RSI 52 óptimo | Cruce MACD | Stoch 44 | EMA semanal alcista
2026-09-14 13:55:05,MTD,7,22162.34,COMPRAR ★★,EMA alcista | Cruce MACD | Banda BB inferior | EMA semanal alcista
2026-09-14 13:55:05,NOW,7,2375.0,COMPRAR ★★,EMA alcista | RSI 58 óptimo | Cruce MACD | EMA semanal alcista
2026-09-14 13:55:05,ARKK,8,1436.67,COMPRAR ★★★,EMA alcista | RSI 49 óptimo | Cruce MACD | Stoch 22 | EMA semanal alcista
2026-09-14 13:55:05,MSFT,8,8598.18,COMPRAR ★★★,EMA alcista | RSI 58 óptimo | Cruce MACD | Stoch 48 | EMA semanal alcista
2026-09-14 13:55:05,CRWD,9,3853.21,COMPRAR ★★★,EMA alcista | RSI 62 óptimo | MACD positivo | Cruce MACD | EMA semanal alcista
2026-09-14 13:55:05,EXPD,7,3318.44,COMPRAR ★★,EMA alcista | RSI 63 óptimo | Cruce MACD | EMA semanal alcista
2026-09-14 13:55:05,CMS,5,1157.08,OBSERVAR,Golden Cross | RSI 39 rebote | MACD positivo | BB zona baja
2026-09-14 13:55:05,SLV,6,974.73,COMPRAR ★★,EMA alcista | RSI 34 rebote | Cruce MACD | Banda BB inferior
2026-09-14 13:55:05,O,6,1026.44,COMPRAR ★★,Golden Cross | Cruce MACD | Banda BB inferior | EMA semanal alcista
2026-09-14 13:55:05,WY,6,380.0,COMPRAR ★★,Golden Cross | Cruce MACD | Banda BB inferior | EMA semanal alcista
2026-09-14 13:55:05,PAYX,8,2023.38,COMPRAR ★★★,EMA alcista | RSI 31 rebote | Cruce MACD | BB zona baja | Stoch 24 | EMA semanal alcista
2026-09-14 13:55:05,F,9,237.67,COMPRAR ★★★,EMA alcista | RSI 48 óptimo | Cruce MACD | BB zona baja | Rebote EMA50 | EMA semanal alcista
2026-09-14 13:55:05,DANHOS13.MX,6,29.51,COMPRAR ★★,EMA alcista | MACD positivo | EMA semanal alcista
2026-09-14 13:55:05,DDOG,9,3856.8,COMPRAR ★★★,Golden Cross | RSI 49 óptimo | MACD positivo | Cruce MACD | Stoch 44 | EMA semanal alcista
2026-09-14 13:55:05,AMZN,9,4355.35,COMPRAR ★★★,EMA alcista | RSI 41 rebote | Cruce MACD | Banda BB inferior | Rebote EMA50 | EMA semanal alcista
2026-09-14 13:55:05,ZBH,8,1655.52,COMPRAR ★★★,EMA alcista | RSI 38 rebote | Cruce MACD | BB zona baja | Stoch 43 | EMA semanal alcista
2026-09-14 13:55:05,APPN,8,634.93,COMPRAR ★★★,EMA alcista | RSI 44 rebote | Cruce MACD | BB zona baja | Stoch 34 | EMA semanal alcista
2026-09-14 13:55:05,CIE.MC,8,503.89,COMPRAR ★★★,Golden Cross | RSI 43 rebote | MACD positivo | BB zona baja | Rebote EMA50 | EMA semanal alcista
2026-09-14 13:55:05,BLK,8,18464.85,COMPRAR ★★★,EMA alcista | Cruce MACD | Banda BB inferior | Rebote EMA50 | EMA semanal alcista
2026-09-14 13:55:05,EWZ,6,640.94,COMPRAR ★★,EMA alcista | MACD positivo | EMA semanal alcista
2026-09-14 13:55:05,MTB,8,4139.59,COMPRAR ★★★,EMA alcista | RSI 52 óptimo | MACD positivo | EMA semanal alcista
2026-09-14 13:55:05,CDNS,7,4865.22,COMPRAR ★★,Golden Cross | RSI 35 rebote | Cruce MACD | Banda BB inferior | EMA semanal alcista
2026-09-14 13:55:05,IRM,7,1903.07,COMPRAR ★★,Golden Cross | RSI 32 rebote | Cruce MACD | Banda BB inferior | EMA semanal alcista
2026-09-14 13:55:05,AENA.MC,6,489.84,COMPRAR ★★,Golden Cross | Cruce MACD | Banda BB inferior | EMA semanal alcista
2026-09-14 13:55:05,APA,7,791.09,COMPRAR ★★,EMA alcista | RSI 64 óptimo | Cruce MACD | EMA semanal alcista
2026-09-14 13:55:05,CINF,7,2972.76,COMPRAR ★★,Golden Cross | RSI 55 óptimo | MACD positivo | EMA semanal alcista
2026-09-14 13:55:05,LRCX,7,4775.55,COMPRAR ★★,Golden Cross | RSI 36 rebote | Cruce MACD | Banda BB inferior | EMA semanal alcista
2026-09-14 13:55:05,EWX,10,1230.18,COMPRAR ★★★,EMA alcista | RSI 49 óptimo | Cruce MACD | Banda BB inferior | Rebote EMA50 | EMA semanal alcista
2026-09-14 13:55:05,TFX,9,2265.55,COMPRAR ★★★,EMA alcista | RSI 35 rebote | Cruce MACD | Banda BB inferior | Rebote EMA50 | EMA semanal alcista
2026-09-14 13:55:05,HAS,8,1585.78,COMPRAR ★★★,EMA alcista | RSI 38 rebote | Cruce MACD | BB zona baja | Stoch 44 | EMA semanal alcista
2026-09-14 13:55:05,ARM,8,4197.48,VENDER,Golden Cross | RSI 52 óptimo | MACD positivo | BB zona baja | EMA semanal alcista | 🛑 Stop Loss -30.2%
2026-09-14 13:55:05,IDXX,4,8726.51,OBSERVAR,Golden Cross | Cruce MACD | Banda BB inferior
2026-09-14 13:55:05,ATO,5,2819.56,OBSERVAR,Golden Cross | RSI 39 rebote | Cruce MACD | Banda BB inferior
2026-09-14 13:55:05,APP,3,5586.9,EVITAR,Golden Cross | MACD positivo
2026-09-14 13:55:05,INFY,5,195.58,OBSERVAR,Golden Cross | RSI 42 rebote | Cruce MACD | BB zona baja | Stoch 41
2026-09-14 13:55:05,WAB,8,4746.43,COMPRAR ★★★,EMA alcista | Cruce MACD | Banda BB inferior | Rebote EMA50 | EMA semanal alcista
2026-09-14 13:55:05,AEP,9,2110.16,COMPRAR ★★★,Golden Cross | RSI 55 óptimo | MACD positivo | BB zona baja | Rebote EMA50 | EMA semanal alcista
2026-09-14 13:55:05,AKAM,8,1781.27,COMPRAR ★★★,Golden Cross | RSI 47 óptimo | MACD positivo | BB zona baja | EMA semanal alcista
2026-09-14 13:55:05,ACHR,6,93.74,COMPRAR ★★,EMA alcista | RSI 31 rebote | Cruce MACD | Banda BB inferior
2026-09-14 13:55:05,EWC,9,1037.43,COMPRAR ★★★,EMA alcista | RSI 38 rebote | Cruce MACD | Banda BB inferior | Rebote EMA50 | EMA semanal alcista
2026-09-14 13:55:05,FUNO11.MX,8,29.89,COMPRAR ★★★,EMA alcista | RSI 54 óptimo | MACD positivo | EMA semanal alcista
2026-09-14 13:55:05,STE,7,3680.65,COMPRAR ★★,EMA alcista | Cruce MACD | Banda BB inferior | EMA semanal alcista
2026-09-14 13:55:05,FDX,8,5367.68,COMPRAR ★★★,EMA alcista | Cruce MACD | Banda BB inferior | Rebote EMA50 | EMA semanal alcista
2026-09-14 13:55:05,MAR,6,5714.03,COMPRAR ★★,Golden Cross | Cruce MACD | BB zona baja | Stoch 28 | EMA semanal alcista
2026-09-14 13:55:05,ROP,8,6855.04,COMPRAR ★★★,EMA alcista | RSI 39 rebote | Cruce MACD | BB zona baja | Stoch 33 | EMA semanal alcista
2026-09-14 13:55:05,KR,5,1024.55,OBSERVAR,Golden Cross | RSI 53 óptimo | MACD positivo
2026-09-14 13:55:05,KHC,9,423.37,COMPRAR ★★★,EMA alcista | RSI 43 rebote | Cruce MACD | BB zona baja | Stoch 36 | Rebote EMA50 | EMA semanal alcista
2026-09-14 13:55:05,EWJ,8,1674.85,COMPRAR ★★★,EMA alcista | RSI 63 óptimo | MACD positivo | EMA semanal alcista
2026-09-14 13:55:05,BAC,7,1069.07,COMPRAR ★★,EMA alcista | RSI 52 óptimo | Cruce MACD | EMA semanal alcista
2026-09-14 13:55:05,VRSN,9,5139.31,COMPRAR ★★★,EMA alcista | RSI 59 óptimo | MACD positivo | Cruce MACD | EMA semanal alcista
2026-09-14 13:55:05,LABB.MX,4,12.68,OBSERVAR,Golden Cross | Cruce MACD | Banda BB inferior
2026-09-14 13:55:05,LOG.MC,9,698.52,COMPRAR ★★★,EMA alcista | RSI 47 óptimo | Cruce MACD | BB zona baja | Stoch 33 | EMA semanal alcista
2026-09-14 13:55:05,FE,4,789.63,OBSERVAR,Golden Cross | RSI 41 rebote | BB zona baja | Rebote EMA50
2026-09-14 13:55:05,AC.MX,7,196.84,COMPRAR ★★,Golden Cross | RSI 55 óptimo | MACD positivo | EMA semanal alcista
2026-09-14 13:55:05,KTOS,3,800.53,EVITAR,Golden Cross | Cruce MACD | BB zona baja
2026-09-14 13:55:05,SBAC,7,3140.38,COMPRAR ★★,RSI 47 óptimo | Cruce MACD | BB zona baja | Rebote EMA50 | EMA semanal alcista
2026-09-14 13:55:05,ALLE,8,2658.08,COMPRAR ★★★,EMA alcista | RSI 34 rebote | Cruce MACD | BB zona baja | Stoch 31 | EMA semanal alcista
2026-09-14 13:55:05,TSLA,5,6218.05,OBSERVAR,Golden Cross | RSI 55 óptimo | MACD positivo
2026-09-14 13:55:05,EWT,6,1840.37,COMPRAR ★★,EMA alcista | RSI 59 óptimo | EMA semanal alcista
2026-09-14 13:55:05,TXT,5,1420.35,OBSERVAR,Golden Cross | RSI 52 óptimo | MACD positivo
2026-09-14 13:55:05,PSX,5,4533.5,OBSERVAR,EMA alcista | Cruce MACD | EMA semanal alcista
2026-09-14 13:55:05,RSG,9,3890.06,COMPRAR ★★★,EMA alcista | RSI 56 óptimo | MACD positivo | Cruce MACD | EMA semanal alcista
2026-09-14 13:55:05,NRG,6,1889.5,COMPRAR ★★,Golden Cross | RSI 47 óptimo | MACD positivo | BB zona baja
2026-09-14 13:55:05,NDAQ,8,1574.96,COMPRAR ★★★,EMA alcista | Cruce MACD | Banda BB inferior | Rebote EMA50 | EMA semanal alcista
2026-09-14 13:55:05,VWO,10,1021.54,COMPRAR ★★★,EMA alcista | RSI 45 óptimo | Cruce MACD | Banda BB inferior | Rebote EMA50 | EMA semanal alcista
2026-09-14 13:55:05,LKQ,5,410.23,OBSERVAR,Golden Cross | RSI 33 rebote | Cruce MACD | Banda BB inferior
2026-09-14 13:55:05,MPWR,7,20153.19,COMPRAR ★★,Golden Cross | RSI 32 rebote | Cruce MACD | Banda BB inferior | EMA semanal alcista
2026-09-14 13:55:05,DG,8,2186.44,COMPRAR ★★★,EMA alcista | RSI 53 óptimo | Cruce MACD | Stoch 50 | EMA semanal alcista
2026-09-14 13:55:05,TEF.MC,8,72.88,COMPRAR ★★★,Golden Cross | RSI 54 óptimo | MACD positivo | Cruce MACD | EMA semanal alcista
2026-09-14 13:55:05,COP,7,2381.33,COMPRAR ★★,EMA alcista | RSI 64 óptimo | Cruce MACD | EMA semanal alcista
2026-09-14 13:55:05,POOL,4,2990.75,OBSERVAR,Golden Cross | Cruce MACD | Banda BB inferior
2026-09-14 13:55:05,IBM,5,4210.19,OBSERVAR,Golden Cross | RSI 63 óptimo | MACD positivo
2026-09-14 13:55:05,WMT,6,1867.69,COMPRAR ★★,Golden Cross | RSI 57 óptimo | MACD positivo | Rebote EMA50
2026-09-14 13:55:05,INTU,4,5842.61,OBSERVAR,EMA alcista | RSI 37 rebote | Cruce MACD
2026-09-14 13:55:05,PWR,7,10694.6,COMPRAR ★★,Golden Cross | RSI 52 óptimo | MACD positivo | EMA semanal alcista
2026-09-14 13:55:05,FIVN,8,538.99,COMPRAR ★★★,EMA alcista | RSI 44 rebote | Cruce MACD | BB zona baja | Stoch 25 | EMA semanal alcista
2026-09-14 13:55:05,JETS,6,482.04,COMPRAR ★★,Golden Cross | RSI 34 rebote | Cruce MACD | BB zona baja | EMA semanal alcista
2026-09-14 13:55:05,GFNORTEO.MX,6,198.54,COMPRAR ★★,EMA alcista | MACD positivo | EMA semanal alcista
2026-09-14 13:55:05,REP.MC,6,584.28,COMPRAR ★★,EMA alcista | MACD positivo | EMA semanal alcista
2026-09-14 13:55:05,VOLARA.MX,7,11.0,COMPRAR ★★,Golden Cross | RSI 35 rebote | MACD positivo | BB zona baja | EMA semanal alcista
2026-09-14 13:55:05,AI,7,186.13,COMPRAR ★★,EMA alcista | RSI 60 óptimo | Cruce MACD | EMA semanal alcista
2026-09-14 13:55:05,ISRG,5,6446.96,OBSERVAR,Golden Cross | RSI 51 óptimo | Cruce MACD | Rebote EMA50
2026-09-14 13:55:05,IBB,8,3495.21,COMPRAR ★★★,EMA alcista | RSI 34 rebote | Cruce MACD | Banda BB inferior | EMA semanal alcista
2026-09-14 13:55:05,VNO,6,605.55,COMPRAR ★★,Golden Cross | Cruce MACD | Banda BB inferior | EMA semanal alcista
2026-09-14 13:55:05,CNC,9,1172.97,COMPRAR ★★★,EMA alcista | RSI 59 óptimo | MACD positivo | Cruce MACD | EMA semanal alcista
2026-09-14 13:55:05,PAYC,8,3820.4,COMPRAR ★★★,EMA alcista | RSI 43 rebote | Cruce MACD | BB zona baja | Stoch 28 | EMA semanal alcista
2026-09-14 13:55:05,HD,7,5341.16,COMPRAR ★★,Golden Cross | Cruce MACD | Banda BB inferior | Stoch 20 | EMA semanal alcista
2026-09-14 13:55:05,PHM,7,2036.64,COMPRAR ★★,Golden Cross | Cruce MACD | Banda BB inferior | Stoch 22 | EMA semanal alcista
2026-09-14 13:55:05,AWK,6,2380.17,COMPRAR ★★,EMA alcista | RSI 45 rebote | Cruce MACD | EMA semanal alcista
2026-09-14 13:55:05,BIO,7,6311.25,COMPRAR ★★,EMA alcista | RSI 36 rebote | Cruce MACD | BB zona baja | EMA semanal alcista
2026-09-14 13:55:05,AXP,8,5611.81,COMPRAR ★★★,Golden Cross | RSI 35 rebote | Cruce MACD | BB zona baja | Stoch 41 | Rebote EMA50 | EMA semanal alcista
2026-09-14 13:55:05,GL,7,2963.18,COMPRAR ★★,Golden Cross | RSI 49 óptimo | Cruce MACD | Rebote EMA50 | EMA semanal alcista
2026-09-14 13:55:05,IVVPESO.MX,10,155.13,COMPRAR ★★★,EMA alcista | RSI 47 óptimo | Cruce MACD | Volumen alto | BB zona baja | Stoch 27 | EMA semanal alcista
2026-09-14 13:55:05,AMD,8,8363.6,COMPRAR ★★★,EMA alcista | RSI 58 óptimo | MACD positivo | EMA semanal alcista
2026-09-14 13:55:05,TPR,4,2030.37,OBSERVAR,Golden Cross | Cruce MACD | BB zona baja | Stoch 31
2026-09-14 13:55:05,AVB,6,1170.57,COMPRAR ★★,Golden Cross | RSI 52 óptimo | MACD positivo | Volumen alto
2026-09-14 13:55:05,EWQ,6,762.05,COMPRAR ★★,Golden Cross | Cruce MACD | Banda BB inferior | EMA semanal alcista
2026-09-14 13:55:05,VRTX,8,8888.68,COMPRAR ★★★,EMA alcista | RSI 31 rebote | Cruce MACD | Banda BB inferior | EMA semanal alcista
2026-09-14 13:55:05,HRL,5,358.62,OBSERVAR,Golden Cross | Cruce MACD | BB zona baja | EMA semanal alcista
2026-09-14 13:55:05,RHI,8,666.54,COMPRAR ★★★,EMA alcista | Cruce MACD | Banda BB inferior | Rebote EMA50 | EMA semanal alcista
2026-09-14 13:55:05,XLI,6,2907.0,COMPRAR ★★,Golden Cross | Cruce MACD | Banda BB inferior | EMA semanal alcista
2026-09-14 13:55:05,MCK,6,15380.39,COMPRAR ★★,EMA alcista | RSI 57 óptimo | Cruce MACD | Stoch 44
2026-09-14 13:55:05,COST,5,15716.92,OBSERVAR,Golden Cross | Cruce MACD | BB zona baja | Stoch 23 | Rebote EMA50
2026-09-14 13:55:05,PGR,7,3810.27,COMPRAR ★★,EMA alcista | RSI 47 óptimo | Cruce MACD | EMA semanal alcista
2026-09-14 13:55:05,MRVL,10,3785.7,VENDER,EMA alcista | RSI 46 óptimo | MACD positivo | BB zona baja | Rebote EMA50 | EMA semanal alcista | 🛑 Stop Loss -29.9%
2026-09-14 13:55:05,HOOD,8,1969.3,COMPRAR ★★★,EMA alcista | RSI 60 óptimo | MACD positivo | EMA semanal alcista
2026-09-14 13:55:05,ADBE,8,4469.16,COMPRAR ★★★,EMA alcista | RSI 41 rebote | Cruce MACD | BB zona baja | Stoch 35 | EMA semanal alcista
2026-09-14 13:55:05,WDC,9,7262.1,COMPRAR ★★★,Golden Cross | RSI 46 óptimo | MACD positivo | Banda BB inferior | EMA semanal alcista
2026-09-14 13:55:05,COO,4,940.13,OBSERVAR,Golden Cross | Cruce MACD | Banda BB inferior
2026-09-14 13:55:05,FICO,5,17176.95,OBSERVAR,Golden Cross | RSI 31 rebote | Cruce MACD | BB zona baja | Stoch 39
2026-09-14 13:55:05,QCOM,5,3075.87,OBSERVAR,Golden Cross | MACD positivo | EMA semanal alcista
2026-09-14 13:55:05,EWG,10,731.05,COMPRAR ★★★,EMA alcista | RSI 31 rebote | Cruce MACD | Volumen alto | Banda BB inferior | Rebote EMA50 | EMA semanal alcista
2026-09-14 13:55:05,XLB,8,868.22,COMPRAR ★★★,EMA alcista | Cruce MACD | Banda BB inferior | Rebote EMA50 | EMA semanal alcista
2026-09-14 13:55:05,ADP,7,4712.33,COMPRAR ★★,EMA alcista | RSI 42 rebote | Cruce MACD | Stoch 48 | EMA semanal alcista
2026-09-14 13:55:05,CELH,4,477.06,OBSERVAR,Golden Cross | Cruce MACD | Banda BB inferior
2026-09-14 13:55:05,FANG,9,3593.47,COMPRAR ★★★,EMA alcista | RSI 56 óptimo | MACD positivo | Cruce MACD | EMA semanal alcista
2026-09-14 13:55:05,GOLD,8,821.41,COMPRAR ★★★,EMA alcista | RSI 54 óptimo | MACD positivo | EMA semanal alcista
2026-09-14 13:55:05,DOW,5,503.51,OBSERVAR,Golden Cross | RSI 36 rebote | Cruce MACD | BB zona baja | Stoch 20
2026-09-14 13:55:05,VTR,9,1561.04,COMPRAR ★★★,EMA alcista | RSI 36 rebote | Cruce MACD | BB zona baja | Stoch 39 | Rebote EMA50 | EMA semanal alcista
2026-09-14 13:55:05,GRMN,6,4855.17,COMPRAR ★★,EMA alcista | RSI 40 rebote | Cruce MACD | EMA semanal alcista
2026-09-14 13:55:05,EMN,6,1161.12,COMPRAR ★★,Golden Cross | Cruce MACD | Banda BB inferior | EMA semanal alcista
2026-09-14 13:55:05,LUV,7,667.74,COMPRAR ★★,Golden Cross | RSI 39 rebote | MACD positivo | BB zona baja | EMA semanal alcista
2026-09-14 13:55:05,XOM,7,2889.22,COMPRAR ★★,EMA alcista | RSI 57 óptimo | MACD positivo | Cruce MACD
2026-09-14 13:55:05,ORCL,5,2482.34,OBSERVAR,EMA alcista | RSI 52 óptimo | BB zona baja
2026-09-14 13:55:05,ANET,8,3202.31,COMPRAR ★★★,EMA alcista | RSI 49 óptimo | Cruce MACD | BB zona baja | EMA semanal alcista
2026-09-14 13:55:05,FXI,10,596.19,COMPRAR ★★★,EMA alcista | RSI 38 rebote | Cruce MACD | Banda BB inferior | Stoch 24 | Rebote EMA50 | EMA semanal alcista
2026-09-14 13:55:05,TRV,9,6544.71,COMPRAR ★★★,EMA alcista | RSI 63 óptimo | MACD positivo | Cruce MACD | EMA semanal alcista
2026-09-14 13:55:05,FDS,8,4830.26,COMPRAR ★★★,EMA alcista | RSI 40 rebote | Cruce MACD | BB zona baja | Stoch 39 | EMA semanal alcista
2026-09-14 13:55:05,ZS,7,3071.92,COMPRAR ★★,EMA alcista | RSI 51 óptimo | Cruce MACD | EMA semanal alcista
2026-09-14 13:55:05,AMAT,5,7319.47,OBSERVAR,Golden Cross | Banda BB inferior | EMA semanal alcista
2026-09-14 13:55:05,PEP,6,2366.56,COMPRAR ★★,Golden Cross | RSI 31 rebote | Cruce MACD | BB zona baja | Stoch 27 | Rebote EMA50
2026-09-14 13:55:05,NEMAKA.MX,2,2.95,EVITAR,Golden Cross | Rebote EMA50
2026-09-14 13:55:05,HBAN,9,290.97,COMPRAR ★★★,Golden Cross | RSI 48 óptimo | MACD positivo | Cruce MACD | Rebote EMA50 | EMA semanal alcista
2026-09-14 13:55:05,KMB,7,1718.74,COMPRAR ★★,Golden Cross | Cruce MACD | Banda BB inferior | Stoch 21 | EMA semanal alcista
2026-09-14 13:55:05,BIDU,6,1570.83,COMPRAR ★★,Golden Cross | RSI 48 óptimo | MACD positivo | BB zona baja
2026-09-14 13:55:05,AVY,7,2926.24,COMPRAR ★★,EMA alcista | Cruce MACD | BB zona baja | Rebote EMA50 | EMA semanal alcista
2026-09-14 13:55:05,RMD,6,3832.94,COMPRAR ★★,EMA alcista | RSI 37 rebote | Cruce MACD | BB zona baja | Stoch 28
2026-09-14 13:55:05,TYL,6,6040.08,COMPRAR ★★,EMA alcista | RSI 48 óptimo | Cruce MACD | Stoch 30
2026-09-14 13:55:05,TMUS,6,3165.37,COMPRAR ★★,Golden Cross | RSI 54 óptimo | MACD positivo | Cruce MACD
2026-09-14 13:55:05,SBUX,6,1712.04,COMPRAR ★★,Golden Cross | Cruce MACD | Banda BB inferior | EMA semanal alcista
2026-09-14 13:55:05,UNH,8,6596.16,COMPRAR ★★★,Golden Cross | RSI 38 rebote | Cruce MACD | Banda BB inferior | Stoch 26 | EMA semanal alcista
2026-09-14 13:55:05,APD,8,4988.56,COMPRAR ★★★,EMA alcista | Cruce MACD | Banda BB inferior | Rebote EMA50 | EMA semanal alcista
2026-09-14 13:55:05,TECL,8,3298.51,COMPRAR ★★★,EMA alcista | RSI 54 óptimo | BB zona baja | Rebote EMA50 | EMA semanal alcista
2026-09-14 13:55:05,MMM,7,2777.56,COMPRAR ★★,EMA alcista | Cruce MACD | Banda BB inferior | EMA semanal alcista
2026-09-14 13:55:05,DBC,6,575.81,COMPRAR ★★,EMA alcista | MACD positivo | EMA semanal alcista
2026-09-14 13:55:05,SO,4,1498.52,OBSERVAR,Golden Cross | Cruce MACD | Banda BB inferior
2026-09-14 13:55:05,TSN,5,917.95,OBSERVAR,Golden Cross | RSI 33 rebote | Cruce MACD | BB zona baja | Stoch 42
2026-09-14 13:55:05,CVS,9,1642.13,COMPRAR ★★★,Golden Cross | RSI 56 óptimo | MACD positivo | Stoch 50 | Rebote EMA50 | EMA semanal alcista
2026-09-14 13:55:05,TDY,6,10270.24,COMPRAR ★★,Golden Cross | RSI 30 rebote | Cruce MACD | BB zona baja | EMA semanal alcista
2026-09-14 13:55:05,TER,7,5856.1,COMPRAR ★★,Golden Cross | RSI 43 rebote | MACD positivo | BB zona baja | EMA semanal alcista
2026-09-14 13:55:05,ABT,8,1781.36,COMPRAR ★★★,EMA alcista | Cruce MACD | Banda BB inferior | Rebote EMA50 | EMA semanal alcista
2026-09-14 13:55:05,AEE,9,1801.92,COMPRAR ★★★,Golden Cross | RSI 39 rebote | MACD positivo | BB zona baja | Stoch 25 | Rebote EMA50 | EMA semanal alcista
2026-09-14 13:55:05,ADSK,4,3810.5,OBSERVAR,RSI 34 rebote | Cruce MACD | BB zona baja | Stoch 24
2026-09-14 13:55:05,ENPH,6,626.51,VENDER,Golden Cross | RSI 47 óptimo | MACD positivo | BB zona baja | 🛑 Stop Loss -29.4%
2026-09-14 13:55:05,BKNG,5,3055.17,OBSERVAR,Cruce MACD | Banda BB inferior | EMA semanal alcista
2026-09-14 13:55:05,STT,8,3258.31,COMPRAR ★★★,EMA alcista | RSI 47 óptimo | Cruce MACD | BB zona baja | EMA semanal alcista
2026-09-14 13:55:05,WEC,5,1810.99,OBSERVAR,Golden Cross | RSI 37 rebote | MACD positivo | BB zona baja
2026-09-14 13:55:05,BBY,8,1588.61,COMPRAR ★★★,EMA alcista | RSI 59 óptimo | MACD positivo | EMA semanal alcista
2026-09-14 13:55:05,ASML,7,27445.52,COMPRAR ★★,Golden Cross | RSI 34 rebote | Cruce MACD | Banda BB inferior | EMA semanal alcista
2026-09-14 13:55:05,AFL,9,2007.69,COMPRAR ★★★,Golden Cross | RSI 45 óptimo | MACD positivo | Cruce MACD | Rebote EMA50 | EMA semanal alcista
2026-09-14 13:55:05,XLRE,7,741.35,COMPRAR ★★,Golden Cross | Cruce MACD | Banda BB inferior | Rebote EMA50 | EMA semanal alcista
2026-09-14 13:55:05,SMCI,7,644.72,COMPRAR ★★,EMA alcista | RSI 56 óptimo | Cruce MACD | EMA semanal alcista
2026-09-14 13:55:05,GLD,6,6731.01,COMPRAR ★★,EMA alcista | Cruce MACD | Banda BB inferior | Rebote EMA50
2026-09-14 13:55:05,CABK.MC,7,260.26,COMPRAR ★★,EMA alcista | RSI 46 óptimo | Cruce MACD | EMA semanal alcista
2026-09-14 13:55:05,ROBO,7,1325.43,COMPRAR ★★,Golden Cross | RSI 39 rebote | Cruce MACD | Banda BB inferior | EMA semanal alcista
2026-09-14 13:55:05,DIA,10,9012.79,COMPRAR ★★★,EMA alcista | RSI 39 rebote | Cruce MACD | Banda BB inferior | Stoch 27 | Rebote EMA50 | EMA semanal alcista
2026-09-14 13:55:05,ADI,8,6270.62,COMPRAR ★★★,Golden Cross | RSI 47 óptimo | MACD positivo | Rebote EMA50 | EMA semanal alcista
2026-09-14 13:55:05,AFRM,7,1253.84,COMPRAR ★★,Golden Cross | RSI 43 rebote | Cruce MACD | Stoch 29 | Rebote EMA50 | EMA semanal alcista
2026-09-14 13:55:05,IR,4,1235.16,OBSERVAR,Golden Cross | Cruce MACD | Banda BB inferior
2026-09-14 13:55:05,HPE,8,964.25,COMPRAR ★★★,EMA alcista | RSI 55 óptimo | MACD positivo | EMA semanal alcista
2026-09-14 13:55:05,J,6,2450.39,COMPRAR ★★,EMA alcista | Cruce MACD | BB zona baja | EMA semanal alcista
2026-09-14 13:55:05,TSCO,7,579.61,COMPRAR ★★,EMA alcista | RSI 31 rebote | Cruce MACD | Banda BB inferior | Stoch 27
2026-09-14 13:55:05,IAG.MC,7,94.09,COMPRAR ★★,Golden Cross | RSI 35 rebote | Cruce MACD | Banda BB inferior | EMA semanal alcista
2026-09-14 13:55:05,PFG,8,2010.78,COMPRAR ★★★,EMA alcista | RSI 64 óptimo | MACD positivo | EMA semanal alcista
2026-09-14 13:55:05,LOW,3,3411.89,EVITAR,Golden Cross | Cruce MACD | BB zona baja
2026-09-14 13:55:05,WFC,6,1547.81,COMPRAR ★★,EMA alcista | MACD positivo | EMA semanal alcista
2026-09-14 13:55:05,DAL,9,1359.36,COMPRAR ★★★,Golden Cross | RSI 40 rebote | MACD positivo | Cruce MACD | BB zona baja | Stoch 35 | EMA semanal alcista
2026-09-14 13:55:05,C,8,2335.98,COMPRAR ★★★,EMA alcista | RSI 62 óptimo | MACD positivo | EMA semanal alcista
2026-09-14 13:55:05,PM,9,3340.08,COMPRAR ★★★,EMA alcista | RSI 55 óptimo | MACD positivo | Cruce MACD | EMA semanal alcista
2026-09-14 13:55:05,LIN,6,7940.58,COMPRAR ★★,Golden Cross | Cruce MACD | Banda BB inferior | EMA semanal alcista
2026-09-14 13:55:05,DTE,4,2272.42,OBSERVAR,Golden Cross | RSI 37 rebote | Banda BB inferior
2026-09-14 13:55:05,OXY,4,1072.99,OBSERVAR,EMA alcista | MACD positivo
2026-09-14 13:55:05,PFE,8,479.38,COMPRAR ★★★,EMA alcista | RSI 49 óptimo | Cruce MACD | Stoch 28 | EMA semanal alcista
2026-09-14 13:55:05,USB,9,1082.35,COMPRAR ★★★,EMA alcista | RSI 54 óptimo | MACD positivo | Cruce MACD | EMA semanal alcista
2026-09-14 13:55:05,CVX,6,3712.86,COMPRAR ★★,EMA alcista | MACD positivo | EMA semanal alcista
2026-09-14 13:55:05,ACX.MC,10,338.57,COMPRAR ★★★,EMA alcista | RSI 49 óptimo | Cruce MACD | Banda BB inferior | Rebote EMA50 | EMA semanal alcista
2026-09-14 13:55:05,EEM,9,1132.94,COMPRAR ★★★,EMA alcista | RSI 49 óptimo | Banda BB inferior | Rebote EMA50 | EMA semanal alcista
2026-09-14 13:55:05,HUM,6,7077.94,COMPRAR ★★,EMA alcista | MACD positivo | EMA semanal alcista
2026-09-14 13:55:05,GPC,8,2281.61,COMPRAR ★★★,EMA alcista | RSI 46 óptimo | Cruce MACD | BB zona baja | EMA semanal alcista
2026-09-14 13:55:05,AMGN,7,6492.57,COMPRAR ★★,EMA alcista | Cruce MACD | Banda BB inferior | EMA semanal alcista
2026-09-14 13:55:05,KIM,8,400.78,COMPRAR ★★★,Golden Cross | RSI 35 rebote | Cruce MACD | Banda BB inferior | Stoch 20 | EMA semanal alcista
2026-09-14 13:55:05,DLR,6,3088.58,COMPRAR ★★,RSI 38 rebote | Cruce MACD | Banda BB inferior | EMA semanal alcista
2026-09-14 13:55:05,MSCI,8,9572.39,COMPRAR ★★★,Golden Cross | RSI 41 rebote | Cruce MACD | BB zona baja | Stoch 38 | Rebote EMA50 | EMA semanal alcista
2026-09-14 13:55:05,MSI,8,8041.24,COMPRAR ★★★,EMA alcista | RSI 37 rebote | Cruce MACD | BB zona baja | Stoch 26 | EMA semanal alcista
2026-09-14 13:55:05,FIBRAMQ12.MX,8,43.37,COMPRAR ★★★,EMA alcista | RSI 55 óptimo | Cruce MACD | Volumen alto | EMA semanal alcista
2026-09-14 13:55:05,MAA,6,2136.53,COMPRAR ★★,Golden Cross | Cruce MACD | Banda BB inferior | EMA semanal alcista
2026-09-14 13:55:05,FIS,5,678.65,OBSERVAR,Golden Cross | RSI 43 rebote | Cruce MACD | BB zona baja | Stoch 42
2026-09-14 13:55:05,WALMEX.MX,5,45.55,OBSERVAR,Golden Cross | RSI 39 rebote | Cruce MACD | Banda BB inferior
2026-09-14 13:55:05,BBVA.MC,7,498.75,COMPRAR ★★,EMA alcista | RSI 52 óptimo | Cruce MACD | EMA semanal alcista
2026-09-14 13:55:05,FCX,9,1170.57,COMPRAR ★★★,EMA alcista | RSI 31 rebote | Cruce MACD | Banda BB inferior | Rebote EMA50 | EMA semanal alcista
2026-09-14 13:55:05,CAG,9,254.42,COMPRAR ★★★,EMA alcista | Cruce MACD | Banda BB inferior | Stoch 22 | Rebote EMA50 | EMA semanal alcista
2026-09-14 13:55:05,PNR,4,980.57,OBSERVAR,Golden Cross | Cruce MACD | Banda BB inferior
2026-09-14 13:55:05,CHTR,8,2490.5,COMPRAR ★★★,EMA alcista | RSI 47 óptimo | Cruce MACD | BB zona baja | Stoch 43 | Rebote EMA50
2026-09-14 13:55:05,SYF,10,1308.43,COMPRAR ★★★,EMA alcista | RSI 36 rebote | Cruce MACD | Banda BB inferior | Stoch 22 | Rebote EMA50 | EMA semanal alcista
2026-09-14 13:55:05,UAL,9,1863.05,COMPRAR ★★★,Golden Cross | RSI 42 rebote | MACD positivo | Cruce MACD | BB zona baja | Stoch 28 | EMA semanal alcista
2026-09-14 13:55:05,ARKW,7,2689.52,COMPRAR ★★,EMA alcista | RSI 55 óptimo | Cruce MACD | EMA semanal alcista
2026-09-14 13:55:05,MDT,7,1607.94,COMPRAR ★★,EMA alcista | RSI 52 óptimo | Cruce MACD | EMA semanal alcista
2026-09-14 13:55:05,CPB,5,366.77,OBSERVAR,Cruce MACD | Banda BB inferior | EMA semanal alcista
2026-09-14 13:55:05,KEYS,8,5555.64,COMPRAR ★★★,Golden Cross | RSI 58 óptimo | MACD positivo | Rebote EMA50 | EMA semanal alcista
2026-09-14 13:55:05,MET,7,1668.49,COMPRAR ★★,EMA alcista | RSI 53 óptimo | Cruce MACD | EMA semanal alcista
2026-09-14 13:55:05,SMH,9,9324.67,COMPRAR ★★★,Golden Cross | RSI 49 óptimo | MACD positivo | Banda BB inferior | EMA semanal alcista
2026-09-14 13:55:05,KO,7,1533.13,COMPRAR ★★,EMA alcista | RSI 36 rebote | Cruce MACD | Stoch 38 | EMA semanal alcista
2026-09-14 13:55:05,AMCR,7,727.09,COMPRAR ★★,EMA alcista | Cruce MACD | Banda BB inferior | EMA semanal alcista
2026-09-14 13:55:05,AXON,6,8228.66,COMPRAR ★★,Golden Cross | Cruce MACD | Banda BB inferior | EMA semanal alcista
2026-09-14 13:55:05,GOOGL,8,5955.9,COMPRAR ★★★,Golden Cross | RSI 49 óptimo | MACD positivo | Cruce MACD | EMA semanal alcista
2026-09-14 13:55:05,MU,9,15544.45,COMPRAR ★★★,EMA alcista | RSI 49 óptimo | Banda BB inferior | Rebote EMA50 | EMA semanal alcista
2026-09-14 13:55:05,STLD,9,4118.28,COMPRAR ★★★,Golden Cross | RSI 63 óptimo | MACD positivo | Stoch 50 | Rebote EMA50 | EMA semanal alcista
2026-09-14 13:55:05,TLEVISACPO.MX,4,7.96,OBSERVAR,Golden Cross | Cruce MACD | Banda BB inferior
2026-09-14 13:55:05,DXCM,8,1451.44,COMPRAR ★★★,EMA alcista | Cruce MACD | Banda BB inferior | Stoch 22 | EMA semanal alcista
2026-09-14 13:55:05,NU,9,246.43,COMPRAR ★★★,EMA alcista | RSI 45 óptimo | Cruce MACD | BB zona baja | Rebote EMA50 | EMA semanal alcista
2026-09-14 13:55:05,ROL,6,608.82,COMPRAR ★★,Golden Cross | RSI 34 rebote | MACD positivo | BB zona baja | Stoch 35
2026-09-14 13:55:05,KMI,6,532.72,COMPRAR ★★,Golden Cross | RSI 50 óptimo | Cruce MACD | BB zona baja | Rebote EMA50
2026-09-14 13:55:05,XLP,8,1451.27,COMPRAR ★★★,Golden Cross | RSI 31 rebote | Cruce MACD | BB zona baja | Stoch 39 | Rebote EMA50 | EMA semanal alcista
2026-09-14 13:55:05,EXR,6,2383.31,COMPRAR ★★,Golden Cross | Cruce MACD | BB zona baja | Stoch 30 | EMA semanal alcista
2026-09-14 13:55:05,NET,8,5486.32,COMPRAR ★★★,EMA alcista | RSI 63 óptimo | MACD positivo | EMA semanal alcista
2026-09-14 13:55:05,ARKG,7,780.61,COMPRAR ★★,EMA alcista | RSI 35 rebote | Cruce MACD | BB zona baja | EMA semanal alcista
2026-09-14 13:55:05,NFLX,5,1375.17,OBSERVAR,EMA alcista | RSI 50 óptimo | Cruce MACD
2026-09-14 13:55:05,GRF.MC,9,191.7,COMPRAR ★★★,EMA alcista | RSI 40 rebote | Cruce MACD | Banda BB inferior | Rebote EMA50 | EMA semanal alcista
2026-09-14 13:55:05,NOC,6,9099.46,COMPRAR ★★,Golden Cross | RSI 39 rebote | Cruce MACD | BB zona baja | Stoch 44 | Rebote EMA50
2026-09-14 13:55:05,EL,7,1661.45,COMPRAR ★★,EMA alcista | RSI 33 rebote | Cruce MACD | BB zona baja | EMA semanal alcista
2026-09-14 13:55:05,SAN.MC,7,251.97,COMPRAR ★★,EMA alcista | RSI 54 óptimo | Cruce MACD | EMA semanal alcista
2026-09-14 13:55:05,MRK,7,2492.13,COMPRAR ★★,EMA alcista | RSI 40 rebote | Cruce MACD | BB zona baja | EMA semanal alcista
2026-09-14 13:55:05,AZO,6,50567.55,COMPRAR ★★,Golden Cross | RSI 43 rebote | Cruce MACD | BB zona baja | Stoch 43 | Rebote EMA50
2026-09-14 13:55:05,UNG,5,177.89,OBSERVAR,Golden Cross | RSI 55 óptimo | Cruce MACD | Rebote EMA50
2026-09-14 13:55:05,PCAR,6,2084.31,COMPRAR ★★,Golden Cross | Cruce MACD | Banda BB inferior | EMA semanal alcista
2026-09-14 13:55:05,PCG,3,237.58,EVITAR,Golden Cross | Cruce MACD | BB zona baja
2026-09-14 13:55:05,CME,6,4786.03,COMPRAR ★★,EMA alcista | RSI 51 óptimo | Cruce MACD | Stoch 42
2026-09-14 13:55:05,IFF,8,1442.76,COMPRAR ★★★,EMA alcista | RSI 41 rebote | Cruce MACD | BB zona baja | Stoch 23 | EMA semanal alcista
2026-09-14 13:55:05,FISV,4,905.84,OBSERVAR,Golden Cross | RSI 49 óptimo | Cruce MACD
2026-09-14 13:55:05,Q.MX,6,155.0,COMPRAR ★★,Golden Cross | RSI 64 óptimo | MACD positivo | Rebote EMA50
2026-09-14 13:55:05,RF,9,521.38,COMPRAR ★★★,EMA alcista | RSI 50 óptimo | MACD positivo | Cruce MACD | EMA semanal alcista
2026-09-14 13:55:05,BKR,8,996.46,COMPRAR ★★★,EMA alcista | RSI 31 rebote | Cruce MACD | Banda BB inferior | EMA semanal alcista
2026-09-14 13:55:05,PBR,6,363.93,COMPRAR ★★,EMA alcista | MACD positivo | EMA semanal alcista
2026-09-14 13:55:05,BBAJIOO.MX,6,57.53,COMPRAR ★★,EMA alcista | MACD positivo | EMA semanal alcista
2026-09-14 13:55:05,EOG,7,2581.38,COMPRAR ★★,EMA alcista | RSI 50 óptimo | Cruce MACD | EMA semanal alcista
2026-09-14 13:55:05,CEG,6,4662.51,COMPRAR ★★,EMA alcista | RSI 49 óptimo | BB zona baja | Rebote EMA50
2026-09-14 13:55:05,ALB,4,1982.27,OBSERVAR,Golden Cross | Cruce MACD | Banda BB inferior
2026-09-14 13:55:05,GPN,8,1541.46,COMPRAR ★★★,EMA alcista | RSI 38 rebote | Cruce MACD | BB zona baja | Stoch 42 | EMA semanal alcista
2026-09-14 13:55:05,EWA,9,498.87,COMPRAR ★★★,EMA alcista | RSI 36 rebote | Cruce MACD | Banda BB inferior | Rebote EMA50 | EMA semanal alcista
2026-09-14 13:55:05,JPM,7,6065.25,COMPRAR ★★,EMA alcista | RSI 45 rebote | Cruce MACD | BB zona baja | EMA semanal alcista
2026-09-14 13:55:05,SPGI,9,7245.52,COMPRAR ★★★,EMA alcista | RSI 44 rebote | Cruce MACD | BB zona baja | Stoch 30 | Rebote EMA50 | EMA semanal alcista
2026-09-14 13:55:05,NUE,8,4401.91,COMPRAR ★★★,EMA alcista | RSI 63 óptimo | MACD positivo | EMA semanal alcista
2026-09-14 13:55:05,ADM,6,1510.28,COMPRAR ★★,EMA alcista | MACD positivo | EMA semanal alcista
2026-09-14 13:55:05,CMCSA,8,434.97,COMPRAR ★★★,EMA alcista | RSI 35 rebote | Cruce MACD | Banda BB inferior | Stoch 36 | Rebote EMA50
2026-09-14 13:55:05,PSA,5,5108.64,OBSERVAR,Golden Cross | Cruce MACD | BB zona baja | EMA semanal alcista
2026-09-14 13:55:05,SAP,7,3671.98,COMPRAR ★★,EMA alcista | RSI 46 óptimo | Cruce MACD | EMA semanal alcista
2026-09-14 13:55:05,NVDA,10,3620.35,COMPRAR ★★★,EMA alcista | RSI 52 óptimo | Cruce MACD | Banda BB inferior | Rebote EMA50 | EMA semanal alcista
2026-09-14 13:55:05,EWH,8,388.67,COMPRAR ★★★,EMA alcista | RSI 36 rebote | Cruce MACD | BB zona baja | Stoch 20 | EMA semanal alcista
2026-09-14 13:55:05,BABA,4,1858.28,OBSERVAR,Golden Cross | Cruce MACD | Banda BB inferior
2026-09-14 13:55:05,AON,6,5335.15,COMPRAR ★★,Golden Cross | Cruce MACD | Banda BB inferior | EMA semanal alcista
2026-09-14 13:55:05,FIBRAPL14.MX,6,75.11,COMPRAR ★★,Golden Cross | RSI 47 óptimo | MACD positivo | Rebote EMA50
2026-09-14 13:55:05,VRT,6,4031.65,COMPRAR ★★,Golden Cross | RSI 43 rebote | Banda BB inferior | EMA semanal alcista
2026-09-14 13:55:05,EME,8,12881.9,COMPRAR ★★★,Golden Cross | RSI 47 óptimo | MACD positivo | BB zona baja | EMA semanal alcista
2026-09-14 13:55:05,IEX,9,3801.68,COMPRAR ★★★,EMA alcista | RSI 33 rebote | Cruce MACD | Banda BB inferior | Rebote EMA50 | EMA semanal alcista
2026-09-14 13:55:05,JNJ,8,4632.62,COMPRAR ★★★,EMA alcista | RSI 48 óptimo | Cruce MACD | Stoch 34 | EMA semanal alcista
2026-09-14 13:55:05,AJG,9,4269.46,COMPRAR ★★★,EMA alcista | RSI 32 rebote | Cruce MACD | BB zona baja | Stoch 26 | Rebote EMA50 | EMA semanal alcista
2026-09-14 13:55:05,ZM,9,1655.7,COMPRAR ★★★,EMA alcista | RSI 38 rebote | Cruce MACD | BB zona baja | Stoch 30 | Rebote EMA50 | EMA semanal alcista
2026-09-14 13:55:05,KEY,7,379.74,COMPRAR ★★,Golden Cross | RSI 58 óptimo | MACD positivo | EMA semanal alcista
2026-09-14 13:55:05,TSM,9,7206.87,COMPRAR ★★★,EMA alcista | RSI 56 óptimo | MACD positivo | Rebote EMA50 | EMA semanal alcista
2026-09-14 13:55:05,CMG,7,632.87,COMPRAR ★★,EMA alcista | RSI 41 rebote | Cruce MACD | Stoch 36 | EMA semanal alcista
2026-09-14 13:55:05,BR,6,2967.47,COMPRAR ★★,EMA alcista | RSI 31 rebote | Cruce MACD | BB zona baja | Stoch 40
2026-09-14 13:55:05,A,8,2509.49,COMPRAR ★★★,EMA alcista | RSI 37 rebote | Cruce MACD | BB zona baja | Stoch 21 | EMA semanal alcista
2026-09-14 13:55:05,TXN,7,4522.46,COMPRAR ★★,Golden Cross | RSI 54 óptimo | MACD positivo | EMA semanal alcista
2026-09-14 13:55:05,DHI,8,2380.21,COMPRAR ★★★,Golden Cross | RSI 33 rebote | Cruce MACD | Banda BB inferior | Stoch 26 | EMA semanal alcista
2026-09-14 13:55:05,SOXX,9,8584.61,COMPRAR ★★★,Golden Cross | RSI 48 óptimo | MACD positivo | Banda BB inferior | EMA semanal alcista
2026-09-14 13:55:05,OMC,9,1390.28,COMPRAR ★★★,EMA alcista | RSI 31 rebote | Cruce MACD | BB zona baja | Stoch 32 | Rebote EMA50 | EMA semanal alcista
2026-09-14 13:55:05,FIBRAHD15.MX,4,2.13,VENDER,Golden Cross | RSI 45 rebote | Banda BB inferior | 🛑 Stop Loss -9.0%
2026-09-14 13:55:05,VMC,6,4310.09,COMPRAR ★★,Golden Cross | Cruce MACD | Banda BB inferior | EMA semanal alcista
2026-09-14 13:55:05,CB,8,5895.43,COMPRAR ★★★,Golden Cross | RSI 48 óptimo | MACD positivo | Cruce MACD | EMA semanal alcista
2026-09-14 13:55:05,INVH,6,473.11,COMPRAR ★★,Golden Cross | Cruce MACD | Banda BB inferior | EMA semanal alcista
2026-09-14 13:55:05,GILD,8,2490.59,COMPRAR ★★★,EMA alcista | RSI 46 óptimo | Cruce MACD | BB zona baja | EMA semanal alcista
2026-09-14 13:55:05,HWM,6,3848.75,COMPRAR ★★,Golden Cross | Cruce MACD | Banda BB inferior | EMA semanal alcista
2026-09-14 13:55:05,DLTR,7,2029.51,COMPRAR ★★,EMA alcista | Cruce MACD | Banda BB inferior | EMA semanal alcista
2026-09-14 13:55:05,ETR,6,1786.21,COMPRAR ★★,Golden Cross | RSI 42 rebote | Banda BB inferior | EMA semanal alcista
2026-09-14 13:55:05,ITX.MC,7,1074.31,COMPRAR ★★,EMA alcista | Cruce MACD | Banda BB inferior | EMA semanal alcista
2026-09-14 13:55:05,FLR,9,901.37,COMPRAR ★★★,EMA alcista | RSI 54 óptimo | Cruce MACD | BB zona baja | Rebote EMA50 | EMA semanal alcista
2026-09-14 13:55:05,XLY,9,1937.86,COMPRAR ★★★,Golden Cross | RSI 30 rebote | Cruce MACD | Banda BB inferior | Stoch 24 | Rebote EMA50 | EMA semanal alcista
2026-09-14 13:55:05,ODFL,6,3107.48,COMPRAR ★★,Golden Cross | Cruce MACD | Banda BB inferior | EMA semanal alcista
2026-09-14 13:55:05,GAPB.MX,7,344.07,COMPRAR ★★,Golden Cross | RSI 46 óptimo | MACD positivo | Banda BB inferior
2026-09-14 13:55:05,CUERVO.MX,7,14.85,COMPRAR ★★,Golden Cross | RSI 55 óptimo | MACD positivo | EMA semanal alcista
2026-09-14 13:55:05,LIT,6,1200.97,COMPRAR ★★,Golden Cross | Cruce MACD | Banda BB inferior | EMA semanal alcista
2026-09-14 13:55:05,CRL,8,4779.15,COMPRAR ★★★,EMA alcista | RSI 32 rebote | Cruce MACD | Banda BB inferior | EMA semanal alcista
2026-09-14 13:55:05,TCEHY,5,943.46,OBSERVAR,Golden Cross | RSI 38 rebote | Cruce MACD | BB zona baja | Stoch 26
2026-09-14 13:55:05,AOS,4,990.62,OBSERVAR,Golden Cross | Cruce MACD | Banda BB inferior
2026-09-14 13:55:05,NKE,4,636.91,OBSERVAR,Golden Cross | Cruce MACD | Banda BB inferior
2026-09-14 13:55:05,CSX,7,837.81,COMPRAR ★★,EMA alcista | Cruce MACD | BB zona baja | Rebote EMA50 | EMA semanal alcista
2026-09-14 13:55:05,EBAY,7,1860.38,COMPRAR ★★,Golden Cross | RSI 53 óptimo | MACD positivo | EMA semanal alcista
2026-09-14 13:55:05,PLD,6,2310.12,COMPRAR ★★,Golden Cross | Cruce MACD | Banda BB inferior | EMA semanal alcista
2026-09-14 13:55:05,RELY,7,382.92,COMPRAR ★★,EMA alcista | Cruce MACD | Banda BB inferior | EMA semanal alcista
2026-09-14 13:55:05,EXC,4,739.89,OBSERVAR,Golden Cross | RSI 37 rebote | Banda BB inferior
2026-09-14 13:55:05,LCID,4,71.34,OBSERVAR,Golden Cross | Cruce MACD | Banda BB inferior
2026-09-14 13:55:05,EW,7,1475.32,COMPRAR ★★,RSI 30 rebote | Cruce MACD | Banda BB inferior | Stoch 23 | EMA semanal alcista
2026-09-14 13:55:05,ULTA,5,9385.83,OBSERVAR,EMA alcista | RSI 53 óptimo | Cruce MACD
2026-09-14 13:55:05,ROST,7,3960.75,COMPRAR ★★,Golden Cross | RSI 31 rebote | Cruce MACD | Stoch 41 | Rebote EMA50 | EMA semanal alcista
2026-09-14 13:55:05,SRE,6,1434.61,COMPRAR ★★,Golden Cross | RSI 46 óptimo | MACD positivo | BB zona baja
2026-09-14 13:55:05,OTIS,4,1219.35,OBSERVAR,Golden Cross | RSI 45 rebote | Cruce MACD | Rebote EMA50
2026-09-14 13:55:05,NVCR,8,265.02,COMPRAR ★★★,EMA alcista | RSI 38 rebote | Cruce MACD | Banda BB inferior | EMA semanal alcista
2026-09-14 13:55:05,MELI,7,32382.11,COMPRAR ★★,EMA alcista | RSI 43 rebote | Cruce MACD | BB zona baja | EMA semanal alcista
2026-09-14 13:55:05,PLUG,5,35.21,VENDER,Golden Cross | RSI 43 rebote | Cruce MACD | Banda BB inferior | 🛑 Stop Loss -48.2%
2026-09-14 13:55:05,FAST,8,847.6,COMPRAR ★★★,EMA alcista | RSI 38 rebote | Cruce MACD | BB zona baja | Stoch 44 | EMA semanal alcista
2026-09-14 13:55:05,GCC.MX,6,183.06,COMPRAR ★★,Golden Cross | Cruce MACD | Banda BB inferior | EMA semanal alcista
2026-09-14 13:55:05,BIIB,7,3736.74,COMPRAR ★★,EMA alcista | RSI 49 óptimo | Cruce MACD | EMA semanal alcista
2026-09-14 13:55:05,OMAB.MX,6,208.91,COMPRAR ★★,Golden Cross | RSI 34 rebote | MACD positivo | Cruce MACD | BB zona baja
2026-09-14 13:55:05,CAT,8,13499.22,COMPRAR ★★★,Golden Cross | RSI 42 rebote | MACD positivo | Banda BB inferior | EMA semanal alcista
2026-09-14 13:55:05,STZ,4,2132.58,OBSERVAR,Golden Cross | Cruce MACD | BB zona baja | Stoch 23
2026-09-14 13:55:05,FSLR,7,3606.53,COMPRAR ★★,Golden Cross | RSI 52 óptimo | MACD positivo | EMA semanal alcista
2026-09-14 13:55:05,ARE,6,893.9,COMPRAR ★★,EMA alcista | RSI 40 rebote | Cruce MACD | EMA semanal alcista
2026-09-14 13:55:05,EIX,3,978.68,EVITAR,Golden Cross | Cruce MACD | BB zona baja
2026-09-14 13:55:05,QQQ,10,12125.51,COMPRAR ★★★,EMA alcista | RSI 50 óptimo | Cruce MACD | Banda BB inferior | Rebote EMA50 | EMA semanal alcista
2026-09-14 13:55:05,DD,6,2136.53,COMPRAR ★★,Golden Cross | Cruce MACD | Banda BB inferior | EMA semanal alcista
2026-09-14 13:55:05,HUBS,6,4146.2,COMPRAR ★★,EMA alcista | RSI 49 óptimo | Cruce MACD | Stoch 45
2026-09-14 13:55:05,RJF,8,2981.39,COMPRAR ★★★,EMA alcista | RSI 45 rebote | Cruce MACD | BB zona baja | Stoch 37 | EMA semanal alcista
2026-09-14 13:55:05,PRU,8,2057.42,COMPRAR ★★★,EMA alcista | RSI 46 óptimo | Cruce MACD | Stoch 45 | EMA semanal alcista
2026-09-14 13:55:05,DVN,4,876.46,OBSERVAR,EMA alcista | MACD positivo
2026-09-14 13:55:05,MCD,4,4417.37,OBSERVAR,Golden Cross | Cruce MACD | BB zona baja | Stoch 27
2026-09-14 13:55:05,HST,9,381.37,COMPRAR ★★★,Golden Cross | RSI 30 rebote | MACD positivo | BB zona baja | Stoch 39 | Rebote EMA50 | EMA semanal alcista
2026-09-14 13:55:05,HPQ,6,592.15,COMPRAR ★★,EMA alcista | MACD positivo | EMA semanal alcista
2026-09-14 13:55:05,SOFI,8,297.62,COMPRAR ★★★,EMA alcista | RSI 43 rebote | Cruce MACD | BB zona baja | Rebote EMA50 | EMA semanal alcista
2026-09-14 13:55:05,GEV,6,15110.16,COMPRAR ★★,Golden Cross | RSI 40 rebote | Banda BB inferior | EMA semanal alcista
2026-09-14 13:55:05,IBN,10,500.76,COMPRAR ★★★,EMA alcista | RSI 45 rebote | Cruce MACD | Banda BB inferior | Stoch 20 | Rebote EMA50 | EMA semanal alcista
2026-09-14 13:55:05,RCL,6,4382.49,COMPRAR ★★,Golden Cross | Cruce MACD | Banda BB inferior | EMA semanal alcista
2026-09-14 13:55:05,AME,7,4022.17,COMPRAR ★★,Golden Cross | RSI 41 rebote | Cruce MACD | BB zona baja | Rebote EMA50 | EMA semanal alcista
2026-09-14 13:55:05,VZ,7,880.76,COMPRAR ★★,EMA alcista | RSI 61 óptimo | Cruce MACD | EMA semanal alcista
2026-09-14 13:55:05,AIG,8,1314.78,COMPRAR ★★★,Golden Cross | RSI 45 rebote | MACD positivo | Cruce MACD | Rebote EMA50 | EMA semanal alcista
2026-09-14 13:55:05,LMT,4,9080.22,OBSERVAR,Golden Cross | RSI 33 rebote | Cruce MACD | BB zona baja
2026-09-14 13:55:05,URA,6,718.42,COMPRAR ★★,EMA alcista | RSI 38 rebote | Cruce MACD | Banda BB inferior
2026-09-14 13:55:05,HLT,6,5282.41,COMPRAR ★★,Golden Cross | Cruce MACD | BB zona baja | Stoch 22 | EMA semanal alcista
2026-09-14 13:55:05,IWM,7,4954.68,COMPRAR ★★,RSI 32 rebote | Cruce MACD | Banda BB inferior | Rebote EMA50 | EMA semanal alcista
2026-09-14 13:55:05,TEL,8,3532.49,COMPRAR ★★★,Golden Cross | RSI 54 óptimo | MACD positivo | Rebote EMA50 | EMA semanal alcista
2026-09-14 13:55:05,UPS,8,1740.99,COMPRAR ★★★,Golden Cross | RSI 45 rebote | Cruce MACD | BB zona baja | Stoch 31 | Rebote EMA50 | EMA semanal alcista
2026-09-14 13:55:05,AMP,7,9568.18,COMPRAR ★★,EMA alcista | RSI 47 óptimo | Cruce MACD | EMA semanal alcista
2026-09-21 19:43:04,INCY,7,2146.72,COMPRAR ★★,EMA alcista | RSI 53 óptimo | Cruce MACD | EMA semanal alcista
2026-09-21 19:43:04,UNG,5,176.52,OBSERVAR,Golden Cross | RSI 43 rebote | Volumen alto | BB zona baja | Rebote EMA50
2026-09-21 19:43:04,CE,6,771.61,COMPRAR ★★,Golden Cross | RSI 48 óptimo | MACD positivo | BB zona baja
2026-09-21 19:43:04,ESS,5,4662.21,OBSERVAR,Golden Cross | Cruce MACD | BB zona baja | EMA semanal alcista
2026-09-21 19:43:04,TEF.MC,6,70.6,COMPRAR ★★,RSI 44 rebote | Banda BB inferior | Rebote EMA50 | EMA semanal alcista
2026-09-21 19:43:04,XLF,9,962.58,COMPRAR ★★★,EMA alcista | RSI 33 rebote | Cruce MACD | Banda BB inferior | Rebote EMA50 | EMA semanal alcista
2026-09-21 19:43:04,AMAT,8,8052.98,COMPRAR ★★★,Golden Cross | RSI 53 óptimo | MACD positivo | Cruce MACD | EMA semanal alcista
2026-09-21 19:43:04,WMT,6,1849.43,COMPRAR ★★,Golden Cross | RSI 60 óptimo | MACD positivo | Rebote EMA50
2026-09-21 19:43:04,GIS,7,613.44,COMPRAR ★★,EMA alcista | Cruce MACD | Banda BB inferior | EMA semanal alcista
2026-09-21 19:43:04,CTSH,6,1022.22,COMPRAR ★★,EMA alcista | RSI 37 rebote | Cruce MACD | Banda BB inferior
2026-09-21 19:43:04,DE,7,11822.06,COMPRAR ★★,EMA alcista | RSI 64 óptimo | Cruce MACD | EMA semanal alcista
2026-09-21 19:43:04,MNDY,9,1508.46,COMPRAR ★★★,EMA alcista | RSI 38 rebote | Cruce MACD | BB zona baja | Stoch 40 | Rebote EMA50 | EMA semanal alcista
2026-09-21 19:43:04,CRM,6,4087.68,COMPRAR ★★,EMA alcista | RSI 36 rebote | Cruce MACD | EMA semanal alcista
2026-09-21 19:43:04,ITW,8,4613.42,COMPRAR ★★★,Golden Cross | RSI 36 rebote | Cruce MACD | BB zona baja | Stoch 43 | Rebote EMA50 | EMA semanal alcista
2026-09-21 19:43:04,VZ,7,824.37,COMPRAR ★★,EMA alcista | RSI 36 rebote | Cruce MACD | Banda BB inferior | Rebote EMA50
2026-09-21 19:43:04,TSCO,7,559.56,COMPRAR ★★,EMA alcista | RSI 31 rebote | Cruce MACD | Banda BB inferior | Rebote EMA50
2026-09-21 19:43:04,PDD,5,1370.24,OBSERVAR,Golden Cross | RSI 34 rebote | Cruce MACD | BB zona baja | Stoch 34
2026-09-21 19:43:04,MDB,6,6951.41,COMPRAR ★★,EMA alcista | RSI 39 rebote | Cruce MACD | EMA semanal alcista
2026-09-21 19:43:04,HUM,9,6445.55,COMPRAR ★★★,EMA alcista | RSI 45 rebote | Cruce MACD | Banda BB inferior | Rebote EMA50 | EMA semanal alcista
2026-09-21 19:43:04,ZBH,8,1623.76,COMPRAR ★★★,EMA alcista | RSI 36 rebote | Cruce MACD | BB zona baja | Rebote EMA50 | EMA semanal alcista
2026-09-21 19:43:04,PEG,4,1194.6,OBSERVAR,Golden Cross | Cruce MACD | Banda BB inferior
2026-09-21 19:43:04,DLR,6,3219.5,COMPRAR ★★,Golden Cross | RSI 54 óptimo | Cruce MACD | EMA semanal alcista
2026-09-21 19:43:04,EQIX,8,18238.87,COMPRAR ★★★,Golden Cross | RSI 53 óptimo | MACD positivo | Cruce MACD | EMA semanal alcista
2026-09-21 19:43:04,ASML,8,29611.27,COMPRAR ★★★,Golden Cross | RSI 52 óptimo | MACD positivo | Cruce MACD | EMA semanal alcista
2026-09-21 19:43:04,BAX,8,396.13,COMPRAR ★★★,EMA alcista | Cruce MACD | Volumen alto | Banda BB inferior | EMA semanal alcista
2026-09-21 19:43:04,ADI,7,6600.46,COMPRAR ★★,Golden Cross | RSI 64 óptimo | MACD positivo | EMA semanal alcista
2026-09-21 19:43:04,FMTY14.MX,6,14.05,COMPRAR ★★,Golden Cross | RSI 32 rebote | Cruce MACD | Banda BB inferior | Rebote EMA50
2026-09-21 19:43:04,WEC,5,1775.4,OBSERVAR,Golden Cross | RSI 35 rebote | Cruce MACD | Banda BB inferior
2026-09-21 19:43:04,IFF,8,1444.43,COMPRAR ★★★,EMA alcista | RSI 39 rebote | Cruce MACD | BB zona baja | Stoch 32 | EMA semanal alcista
2026-09-21 19:43:04,ADP,7,4652.75,COMPRAR ★★,EMA alcista | RSI 34 rebote | Cruce MACD | BB zona baja | EMA semanal alcista
2026-09-21 19:43:04,BKR,4,997.28,OBSERVAR,Golden Cross | Cruce MACD | BB zona baja | Stoch 23
2026-09-21 19:43:04,PSA,8,5120.91,COMPRAR ★★★,Golden Cross | RSI 42 rebote | MACD positivo | BB zona baja | Stoch 45 | EMA semanal alcista
2026-09-21 19:43:04,TEL,8,3621.4,COMPRAR ★★★,Golden Cross | RSI 55 óptimo | MACD positivo | Cruce MACD | EMA semanal alcista
2026-09-21 19:43:04,DUOL,8,2555.55,COMPRAR ★★★,EMA alcista | RSI 50 óptimo | Cruce MACD | Stoch 37 | EMA semanal alcista
2026-09-21 19:43:04,ROK,9,7304.23,COMPRAR ★★★,Golden Cross | RSI 50 óptimo | MACD positivo | Cruce MACD | Rebote EMA50 | EMA semanal alcista
2026-09-21 19:43:04,ANA.MC,8,4237.7,COMPRAR ★★★,Golden Cross | RSI 59 óptimo | MACD positivo | Rebote EMA50 | EMA semanal alcista
2026-09-21 19:43:04,TMUS,5,2862.87,OBSERVAR,Golden Cross | RSI 34 rebote | Cruce MACD | Banda BB inferior
2026-09-21 19:43:04,CIBR,8,1772.49,COMPRAR ★★★,EMA alcista | RSI 56 óptimo | MACD positivo | EMA semanal alcista
2026-09-21 19:43:04,KIM,6,387.36,COMPRAR ★★,Golden Cross | Cruce MACD | Banda BB inferior | EMA semanal alcista
2026-09-21 19:43:04,HAL,5,577.89,OBSERVAR,EMA alcista | Cruce MACD | Banda BB inferior
2026-09-21 19:43:04,ZM,8,1574.3,COMPRAR ★★★,Golden Cross | RSI 39 rebote | Cruce MACD | Banda BB inferior | Stoch 25 | EMA semanal alcista
2026-09-21 19:43:04,XLE,8,1076.52,COMPRAR ★★★,EMA alcista | RSI 43 rebote | Cruce MACD | Banda BB inferior | EMA semanal alcista
2026-09-21 19:43:04,CRWD,8,4299.21,COMPRAR ★★★,EMA alcista | RSI 58 óptimo | MACD positivo | EMA semanal alcista
2026-09-21 19:43:04,ILMN,8,4115.73,COMPRAR ★★★,EMA alcista | RSI 64 óptimo | MACD positivo | EMA semanal alcista
2026-09-21 19:43:04,CBOE,6,4662.56,COMPRAR ★★,Golden Cross | Cruce MACD | Banda BB inferior | EMA semanal alcista
2026-09-21 19:43:04,NTES,9,2023.44,COMPRAR ★★★,Golden Cross | RSI 40 rebote | MACD positivo | Cruce MACD | BB zona baja | Stoch 40 | EMA semanal alcista
2026-09-21 19:43:04,HLT,7,5295.79,COMPRAR ★★,Golden Cross | RSI 39 rebote | Cruce MACD | BB zona baja | Stoch 40 | EMA semanal alcista
2026-09-21 19:43:04,RXRX,9,67.73,COMPRAR ★★★,EMA alcista | RSI 63 óptimo | MACD positivo | Volumen alto | EMA semanal alcista
2026-09-21 19:43:04,HST,8,383.4,COMPRAR ★★★,Golden Cross | RSI 57 óptimo | MACD positivo | Rebote EMA50 | EMA semanal alcista
2026-09-21 19:43:04,PATH,6,235.98,COMPRAR ★★,EMA alcista | Cruce MACD | BB zona baja | EMA semanal alcista
2026-09-21 19:43:04,MCHP,8,1291.76,COMPRAR ★★★,Golden Cross | RSI 54 óptimo | MACD positivo | Rebote EMA50 | EMA semanal alcista
2026-09-21 19:43:04,NOC,6,9030.05,COMPRAR ★★,Golden Cross | RSI 39 rebote | MACD positivo | BB zona baja | Rebote EMA50
2026-09-21 19:43:04,CABK.MC,9,259.57,COMPRAR ★★★,EMA alcista | RSI 52 óptimo | Cruce MACD | BB zona baja | Stoch 43 | EMA semanal alcista
2026-09-21 19:43:04,CVS,6,1504.16,COMPRAR ★★,Golden Cross | Cruce MACD | Banda BB inferior | EMA semanal alcista
2026-09-21 19:43:04,UDR,6,580.82,COMPRAR ★★,Golden Cross | Cruce MACD | Banda BB inferior | EMA semanal alcista
2026-09-21 19:43:04,AFRM,7,1230.83,COMPRAR ★★,Golden Cross | RSI 44 rebote | Cruce MACD | BB zona baja | Rebote EMA50 | EMA semanal alcista
2026-09-21 19:43:04,MKTX,3,2816.92,EVITAR,EMA alcista | Cruce MACD
2026-09-21 19:43:04,MAP.MC,7,87.95,COMPRAR ★★,EMA alcista | RSI 50 óptimo | Cruce MACD | EMA semanal alcista
2026-09-21 19:43:04,TSM,6,7657.62,COMPRAR ★★,EMA alcista | MACD positivo | EMA semanal alcista
2026-09-21 19:43:04,CDW,7,2499.01,COMPRAR ★★,EMA alcista | RSI 43 rebote | Cruce MACD | BB zona baja | EMA semanal alcista
2026-09-21 19:43:04,MSCI,6,9596.24,COMPRAR ★★,Golden Cross | RSI 43 rebote | Cruce MACD | Rebote EMA50 | EMA semanal alcista
2026-09-21 19:43:04,STZ,4,2047.28,OBSERVAR,Golden Cross | Cruce MACD | Banda BB inferior
2026-09-21 19:43:04,PH,6,16526.1,COMPRAR ★★,Golden Cross | RSI 44 rebote | Cruce MACD | Rebote EMA50 | EMA semanal alcista
2026-09-21 19:43:04,PAYX,8,1974.82,COMPRAR ★★★,EMA alcista | Cruce MACD | Banda BB inferior | Rebote EMA50 | EMA semanal alcista
2026-09-21 19:43:04,ARM,6,5550.53,VENDER,Golden Cross | MACD positivo | Volumen alto | EMA semanal alcista | 🛑 Stop Loss -7.7%
2026-09-21 19:43:04,RHI,6,636.67,COMPRAR ★★,EMA alcista | Cruce MACD | BB zona baja | EMA semanal alcista
2026-09-21 19:43:04,NOW,7,2366.31,COMPRAR ★★,EMA alcista | RSI 40 rebote | Cruce MACD | Stoch 41 | EMA semanal alcista
2026-09-21 19:43:04,UPS,7,1631.61,COMPRAR ★★,Golden Cross | Cruce MACD | Volumen alto | Banda BB inferior | EMA semanal alcista
2026-09-21 19:43:04,PNW,6,1605.19,COMPRAR ★★,Golden Cross | Cruce MACD | Banda BB inferior | EMA semanal alcista
2026-09-21 19:43:04,PG,8,2522.07,COMPRAR ★★★,EMA alcista | RSI 55 óptimo | MACD positivo | EMA semanal alcista
2026-09-21 19:43:04,TYL,9,5702.34,COMPRAR ★★★,EMA alcista | RSI 31 rebote | Cruce MACD | Banda BB inferior | Rebote EMA50 | EMA semanal alcista
2026-09-21 19:43:04,OKLO,6,700.1,COMPRAR ★★,Golden Cross | RSI 50 óptimo | MACD positivo | Cruce MACD
2026-09-21 19:43:04,MET,7,1663.54,COMPRAR ★★,EMA alcista | RSI 55 óptimo | Cruce MACD | EMA semanal alcista
2026-09-21 19:43:04,IWM,8,4927.28,COMPRAR ★★★,Golden Cross | RSI 37 rebote | Cruce MACD | BB zona baja | Stoch 36 | Rebote EMA50 | EMA semanal alcista
2026-09-21 19:43:04,SOFI,7,292.0,COMPRAR ★★,Golden Cross | RSI 41 rebote | Cruce MACD | Volumen alto | BB zona baja | EMA semanal alcista
2026-09-21 19:43:04,ZION,7,1115.4,COMPRAR ★★,Golden Cross | RSI 41 rebote | Cruce MACD | Banda BB inferior | EMA semanal alcista
2026-09-21 19:43:04,VRSN,7,5278.83,COMPRAR ★★,EMA alcista | MACD positivo | Volumen alto | EMA semanal alcista
2026-09-21 19:43:04,NEMAKA.MX,4,3.05,OBSERVAR,EMA alcista | RSI 51 óptimo
2026-09-21 19:43:04,HSY,4,2877.85,OBSERVAR,Golden Cross | Cruce MACD | Banda BB inferior
2026-09-21 19:43:04,SLB,8,893.22,COMPRAR ★★★,EMA alcista | Cruce MACD | Banda BB inferior | Rebote EMA50 | EMA semanal alcista
2026-09-21 19:43:04,INVH,5,466.7,OBSERVAR,Golden Cross | Cruce MACD | BB zona baja | EMA semanal alcista
2026-09-21 19:43:04,AJG,8,4099.12,COMPRAR ★★★,EMA alcista | RSI 30 rebote | Cruce MACD | Banda BB inferior | EMA semanal alcista
2026-09-21 19:43:04,TSLA,5,6457.17,OBSERVAR,Golden Cross | RSI 53 óptimo | MACD positivo
2026-09-21 19:43:04,SCHW,8,1836.09,COMPRAR ★★★,EMA alcista | RSI 39 rebote | Cruce MACD | BB zona baja | Stoch 44 | EMA semanal alcista
2026-09-21 19:43:04,ACS.MC,7,1879.91,COMPRAR ★★,Golden Cross | RSI 39 rebote | Cruce MACD | BB zona baja | Stoch 33 | EMA semanal alcista
2026-09-21 19:43:04,DOW,5,488.05,OBSERVAR,Golden Cross | RSI 34 rebote | Cruce MACD | Banda BB inferior
2026-09-21 19:43:04,USO,6,2545.19,COMPRAR ★★,EMA alcista | RSI 64 óptimo | EMA semanal alcista
2026-09-21 19:43:04,PFE,8,478.06,COMPRAR ★★★,EMA alcista | RSI 37 rebote | Cruce MACD | BB zona baja | Stoch 27 | EMA semanal alcista
2026-09-21 19:43:04,ZS,8,3565.29,COMPRAR ★★★,EMA alcista | RSI 60 óptimo | MACD positivo | EMA semanal alcista
2026-09-21 19:43:04,RVTY,6,2462.35,COMPRAR ★★,EMA alcista | MACD positivo | EMA semanal alcista
2026-09-21 19:43:04,URI,8,17749.87,COMPRAR ★★★,Golden Cross | RSI 48 óptimo | MACD positivo | Rebote EMA50 | EMA semanal alcista
2026-09-21 19:43:04,PCAR,7,1978.35,COMPRAR ★★,Golden Cross | Cruce MACD | Volumen alto | Banda BB inferior | EMA semanal alcista
2026-09-21 19:43:04,LABB.MX,5,12.33,OBSERVAR,Golden Cross | RSI 31 rebote | Cruce MACD | Banda BB inferior
2026-09-21 19:43:04,LOG.MC,6,702.2,COMPRAR ★★,EMA alcista | RSI 45 rebote | Cruce MACD | EMA semanal alcista
2026-09-21 19:43:04,FATE,9,43.55,COMPRAR ★★★,EMA alcista | Golden Cross | RSI 62 óptimo | MACD positivo | EMA semanal alcista
2026-09-21 19:43:04,APH,7,1395.03,COMPRAR ★★,EMA alcista | RSI 54 óptimo | Cruce MACD | EMA semanal alcista
2026-09-21 19:43:04,NI,6,695.8,COMPRAR ★★,Golden Cross | RSI 43 rebote | MACD positivo | Banda BB inferior
2026-09-21 19:43:04,FAST,7,852.08,COMPRAR ★★,EMA alcista | RSI 52 óptimo | Cruce MACD | EMA semanal alcista
2026-09-21 19:43:04,BRO,6,1114.3,COMPRAR ★★,Golden Cross | Cruce MACD | Banda BB inferior | EMA semanal alcista
2026-09-21 19:43:04,GM,8,1458.72,COMPRAR ★★★,EMA alcista | RSI 47 óptimo | Cruce MACD | BB zona baja | EMA semanal alcista
2026-09-21 19:43:04,AIZ,9,4770.31,COMPRAR ★★★,EMA alcista | RSI 42 rebote | Cruce MACD | Banda BB inferior | Rebote EMA50 | EMA semanal alcista
2026-09-21 19:43:04,AAL,7,232.1,COMPRAR ★★,Golden Cross | RSI 51 óptimo | MACD positivo | EMA semanal alcista
2026-09-21 19:43:04,MAS,7,1169.9,COMPRAR ★★,Golden Cross | RSI 33 rebote | Cruce MACD | Banda BB inferior | EMA semanal alcista
2026-09-21 19:43:04,CHTR,5,2141.0,OBSERVAR,Golden Cross | RSI 32 rebote | Cruce MACD | Banda BB inferior
2026-09-21 19:43:04,LKQ,5,398.89,OBSERVAR,Golden Cross | RSI 34 rebote | Cruce MACD | Banda BB inferior
2026-09-21 19:43:04,BLK,8,18711.94,COMPRAR ★★★,EMA alcista | RSI 37 rebote | Cruce MACD | BB zona baja | Rebote EMA50 | EMA semanal alcista
2026-09-21 19:43:04,NEE,5,1372.31,OBSERVAR,Golden Cross | RSI 35 rebote | Cruce MACD | Banda BB inferior
2026-09-21 19:43:04,TFC,9,845.37,COMPRAR ★★★,Golden Cross | RSI 47 óptimo | Cruce MACD | BB zona baja | Stoch 35 | Rebote EMA50 | EMA semanal alcista
2026-09-21 19:43:04,PLTR,7,3134.49,VENDER,EMA alcista | RSI 47 óptimo | Cruce MACD | EMA semanal alcista | 🎯 Take Profit +37.3%
2026-09-21 19:43:04,CSX,6,790.81,COMPRAR ★★,Golden Cross | Cruce MACD | Banda BB inferior | EMA semanal alcista
2026-09-21 19:43:04,MU,8,18053.49,COMPRAR ★★★,EMA alcista | RSI 62 óptimo | MACD positivo | EMA semanal alcista
2026-09-21 19:43:04,RJF,7,2839.46,COMPRAR ★★,EMA alcista | Cruce MACD | Banda BB inferior | EMA semanal alcista
2026-09-21 19:43:04,AMP,9,9201.88,COMPRAR ★★★,EMA alcista | RSI 39 rebote | Cruce MACD | Banda BB inferior | Rebote EMA50 | EMA semanal alcista
2026-09-21 19:43:04,BIIB,7,3799.2,COMPRAR ★★,EMA alcista | RSI 55 óptimo | Cruce MACD | EMA semanal alcista
2026-09-21 19:43:04,PLD,8,2345.13,COMPRAR ★★★,Golden Cross | RSI 43 rebote | MACD positivo | Cruce MACD | Rebote EMA50 | EMA semanal alcista
2026-09-21 19:43:04,NOK,7,188.73,VENDER,Golden Cross | RSI 59 óptimo | MACD positivo | EMA semanal alcista | 🛑 Stop Loss -33.2%
2026-09-21 19:43:04,SNPS,6,6945.21,COMPRAR ★★,Golden Cross | RSI 35 rebote | Cruce MACD | Rebote EMA50 | EMA semanal alcista
2026-09-21 19:43:04,LVS,4,694.02,OBSERVAR,Golden Cross | Cruce MACD | Banda BB inferior
2026-09-21 19:43:04,ALB,4,1947.54,OBSERVAR,Golden Cross | Cruce MACD | Banda BB inferior
2026-09-21 19:43:04,GRMN,7,4823.32,COMPRAR ★★,EMA alcista | RSI 47 óptimo | Cruce MACD | EMA semanal alcista
2026-09-21 19:43:04,APP,5,5791.15,OBSERVAR,Golden Cross | RSI 60 óptimo | MACD positivo
2026-09-21 19:43:04,FSLR,8,3458.23,COMPRAR ★★★,Golden Cross | RSI 49 óptimo | Cruce MACD | BB zona baja | Stoch 36 | EMA semanal alcista
2026-09-21 19:43:04,HWM,6,3912.2,COMPRAR ★★,Golden Cross | RSI 38 rebote | Cruce MACD | BB zona baja | EMA semanal alcista
2026-09-21 19:43:04,KO,8,1508.72,COMPRAR ★★★,EMA alcista | RSI 47 óptimo | Cruce MACD | BB zona baja | EMA semanal alcista
2026-09-21 19:43:04,RCL,6,4325.89,COMPRAR ★★,Golden Cross | Cruce MACD | BB zona baja | Stoch 25 | EMA semanal alcista
2026-09-21 19:43:04,APPN,6,666.12,COMPRAR ★★,EMA alcista | RSI 38 rebote | Cruce MACD | EMA semanal alcista
2026-09-21 19:43:04,XYL,6,1852.91,COMPRAR ★★,Golden Cross | RSI 41 rebote | MACD positivo | BB zona baja | Stoch 46
2026-09-21 19:43:04,XLV,8,2909.6,COMPRAR ★★★,EMA alcista | RSI 45 óptimo | Cruce MACD | Stoch 42 | EMA semanal alcista
2026-09-21 19:43:04,META,7,12870.53,COMPRAR ★★,EMA alcista | MACD positivo | Volumen alto | EMA semanal alcista
2026-09-21 19:43:04,ALL,8,4179.85,COMPRAR ★★★,EMA alcista | RSI 31 rebote | Cruce MACD | Banda BB inferior | EMA semanal alcista
2026-09-21 19:43:04,VRT,7,4344.31,COMPRAR ★★,Golden Cross | RSI 48 óptimo | Cruce MACD | Stoch 37 | EMA semanal alcista
2026-09-21 19:43:04,COST,3,15470.32,EVITAR,Golden Cross | Cruce MACD | BB zona baja
2026-09-21 19:43:04,VRTX,8,8821.84,COMPRAR ★★★,EMA alcista | RSI 31 rebote | Cruce MACD | BB zona baja | Rebote EMA50 | EMA semanal alcista
2026-09-21 19:43:04,HPQ,6,564.9,COMPRAR ★★,EMA alcista | RSI 60 óptimo | EMA semanal alcista
2026-09-21 19:43:04,YUM,5,2405.38,OBSERVAR,Golden Cross | RSI 31 rebote | Cruce MACD | BB zona baja | Stoch 28
2026-09-21 19:43:04,EBAY,9,1863.72,COMPRAR ★★★,EMA alcista | Golden Cross | RSI 60 óptimo | MACD positivo | EMA semanal alcista
2026-09-21 19:43:04,KMI,5,546.39,OBSERVAR,Golden Cross | RSI 44 rebote | MACD positivo | Cruce MACD
2026-09-21 19:43:04,CI,9,4715.83,COMPRAR ★★★,Golden Cross | RSI 49 óptimo | Cruce MACD | Banda BB inferior | Rebote EMA50 | EMA semanal alcista
2026-09-21 19:43:04,OTIS,5,1146.92,OBSERVAR,Golden Cross | RSI 32 rebote | Cruce MACD | Banda BB inferior
2026-09-21 19:43:04,WST,6,6216.72,COMPRAR ★★,EMA alcista | MACD positivo | EMA semanal alcista
2026-09-21 19:43:04,NKE,5,623.93,OBSERVAR,Golden Cross | RSI 33 rebote | Cruce MACD | BB zona baja | Stoch 25
2026-09-21 19:43:04,TXT,5,1370.33,OBSERVAR,Golden Cross | RSI 44 rebote | MACD positivo | BB zona baja
2026-09-21 19:43:04,MAA,6,2043.67,COMPRAR ★★,Golden Cross | Cruce MACD | Banda BB inferior | EMA semanal alcista
2026-09-21 19:43:04,MMM,8,2841.18,COMPRAR ★★★,Golden Cross | RSI 35 rebote | Cruce MACD | BB zona baja | Stoch 39 | Rebote EMA50 | EMA semanal alcista
2026-09-21 19:43:04,IBN,6,487.1,COMPRAR ★★,Golden Cross | Cruce MACD | Banda BB inferior | EMA semanal alcista
2026-09-21 19:43:04,BALL,7,1033.24,COMPRAR ★★,Golden Cross | Cruce MACD | Banda BB inferior | Rebote EMA50 | EMA semanal alcista
2026-09-21 19:43:04,VWO,7,1053.12,COMPRAR ★★,EMA alcista | RSI 56 óptimo | Cruce MACD | EMA semanal alcista
2026-09-21 19:43:04,FTV,7,949.07,COMPRAR ★★,Golden Cross | RSI 31 rebote | Cruce MACD | BB zona baja | Stoch 21 | EMA semanal alcista
2026-09-21 19:43:04,SLV,5,1028.33,OBSERVAR,EMA alcista | RSI 49 óptimo | Cruce MACD
2026-09-21 19:43:04,CPB,6,345.7,COMPRAR ★★,Golden Cross | Cruce MACD | Banda BB inferior | EMA semanal alcista
2026-09-21 19:43:04,NEM,8,2123.96,COMPRAR ★★★,EMA alcista | RSI 46 óptimo | Cruce MACD | BB zona baja | EMA semanal alcista
2026-09-21 19:43:04,TJX,4,2259.25,OBSERVAR,Golden Cross | RSI 44 rebote | MACD positivo
2026-09-21 19:43:04,NET,8,6027.3,COMPRAR ★★★,EMA alcista | RSI 63 óptimo | MACD positivo | EMA semanal alcista
2026-09-21 19:43:04,IQV,7,4638.81,COMPRAR ★★,EMA alcista | RSI 58 óptimo | Cruce MACD | EMA semanal alcista
2026-09-21 19:43:04,PCG,5,223.76,OBSERVAR,Golden Cross | RSI 47 óptimo | Cruce MACD | BB zona baja
2026-09-21 19:43:04,EWJ,7,1688.76,COMPRAR ★★,EMA alcista | RSI 59 óptimo | Cruce MACD | EMA semanal alcista
2026-09-21 19:43:04,GCC.MX,6,180.1,COMPRAR ★★,Golden Cross | Cruce MACD | Banda BB inferior | EMA semanal alcista
2026-09-21 19:43:04,NTAP,8,3405.91,COMPRAR ★★★,EMA alcista | RSI 62 óptimo | MACD positivo | EMA semanal alcista
2026-09-21 19:43:04,XLY,8,1935.4,COMPRAR ★★★,Golden Cross | RSI 36 rebote | Cruce MACD | BB zona baja | Stoch 38 | Rebote EMA50 | EMA semanal alcista
2026-09-21 19:43:04,ALLE,8,2619.84,COMPRAR ★★★,EMA alcista | RSI 45 rebote | Cruce MACD | BB zona baja | Rebote EMA50 | EMA semanal alcista
2026-09-21 19:43:04,RKLB,7,1195.37,COMPRAR ★★,Golden Cross | RSI 62 óptimo | MACD positivo | EMA semanal alcista
2026-09-21 19:43:04,TROW,6,1795.9,COMPRAR ★★,Golden Cross | Cruce MACD | BB zona baja | Stoch 33 | EMA semanal alcista
2026-09-21 19:43:04,INTU,3,5234.6,EVITAR,Cruce MACD | Banda BB inferior
2026-09-21 19:43:04,JKHY,8,2616.57,COMPRAR ★★★,EMA alcista | RSI 31 rebote | Cruce MACD | Banda BB inferior | EMA semanal alcista
2026-09-21 19:43:04,C,8,2329.39,COMPRAR ★★★,EMA alcista | RSI 59 óptimo | Cruce MACD | Stoch 46 | EMA semanal alcista
2026-09-21 19:43:04,BBY,6,1603.47,COMPRAR ★★,EMA alcista | MACD positivo | EMA semanal alcista
2026-09-21 19:43:04,PAYC,7,3880.7,COMPRAR ★★,EMA alcista | RSI 35 rebote | Cruce MACD | BB zona baja | EMA semanal alcista
2026-09-21 19:43:04,CFG,8,1160.69,COMPRAR ★★★,Golden Cross | RSI 43 rebote | Cruce MACD | Banda BB inferior | Stoch 32 | EMA semanal alcista
2026-09-21 19:43:04,IDXX,4,8903.51,OBSERVAR,Golden Cross | Cruce MACD | BB zona baja | Stoch 29
2026-09-21 19:43:04,RSG,9,3695.42,COMPRAR ★★★,EMA alcista | RSI 39 rebote | Cruce MACD | Banda BB inferior | Rebote EMA50 | EMA semanal alcista
2026-09-21 19:43:04,XLK,6,3354.9,COMPRAR ★★,EMA alcista | MACD positivo | EMA semanal alcista
2026-09-21 19:43:04,DAL,7,1422.06,COMPRAR ★★,Golden Cross | RSI 65 óptimo | MACD positivo | EMA semanal alcista
2026-09-21 19:43:04,TDG,7,19117.45,COMPRAR ★★,Golden Cross | RSI 33 rebote | Cruce MACD | BB zona baja | Stoch 36 | EMA semanal alcista
2026-09-21 19:43:04,ETR,5,1746.67,OBSERVAR,Golden Cross | RSI 31 rebote | Cruce MACD | Banda BB inferior
2026-09-21 19:43:04,IBE.MC,7,400.86,COMPRAR ★★,Golden Cross | RSI 59 óptimo | MACD positivo | EMA semanal alcista
2026-09-21 19:43:04,NRG,5,1768.88,OBSERVAR,Golden Cross | RSI 39 rebote | Cruce MACD | Banda BB inferior
2026-09-21 19:43:04,CMG,7,573.25,COMPRAR ★★,EMA alcista | Cruce MACD | Banda BB inferior | EMA semanal alcista
2026-09-21 19:43:04,PPL,5,568.77,OBSERVAR,Golden Cross | RSI 38 rebote | Cruce MACD | Banda BB inferior
2026-09-21 19:43:04,ODFL,5,3018.47,OBSERVAR,Golden Cross | Cruce MACD | BB zona baja | EMA semanal alcista
2026-09-21 19:43:04,NUE,8,4175.63,COMPRAR ★★★,EMA alcista | RSI 45 rebote | Cruce MACD | Banda BB inferior | EMA semanal alcista
2026-09-21 19:43:04,CINF,7,2875.95,COMPRAR ★★,Golden Cross | RSI 42 rebote | Banda BB inferior | Rebote EMA50 | EMA semanal alcista
2026-09-21 19:43:04,GD,5,6103.2,OBSERVAR,Golden Cross | Cruce MACD | BB zona baja | EMA semanal alcista
2026-09-21 19:43:04,KTOS,5,839.43,OBSERVAR,Golden Cross | RSI 37 rebote | MACD positivo | Cruce MACD
2026-09-21 19:43:04,LDOS,5,2200.3,OBSERVAR,EMA alcista | Cruce MACD | BB zona baja | Rebote EMA50
2026-09-21 19:43:04,EL,8,1655.62,COMPRAR ★★★,EMA alcista | RSI 37 rebote | Cruce MACD | BB zona baja | Stoch 27 | EMA semanal alcista
2026-09-21 19:43:04,OMC,6,1307.08,COMPRAR ★★,Golden Cross | Cruce MACD | Banda BB inferior | EMA semanal alcista
2026-09-21 19:43:04,FIBRAMQ12.MX,8,43.6,COMPRAR ★★★,EMA alcista | RSI 47 óptimo | MACD positivo | EMA semanal alcista
2026-09-21 19:43:04,ORBIA.MX,7,19.75,COMPRAR ★★,Golden Cross | RSI 35 rebote | Cruce MACD | BB zona baja | Stoch 36 | EMA semanal alcista
2026-09-21 19:43:04,EW,6,1518.96,COMPRAR ★★,Golden Cross | RSI 41 rebote | Cruce MACD | Rebote EMA50 | EMA semanal alcista
2026-09-21 19:43:04,FIVN,10,633.32,COMPRAR ★★★,EMA alcista | RSI 57 óptimo | MACD positivo | Cruce MACD | Volumen alto | EMA semanal alcista
2026-09-21 19:43:04,WFC,9,1489.5,COMPRAR ★★★,EMA alcista | RSI 50 óptimo | Cruce MACD | BB zona baja | Rebote EMA50 | EMA semanal alcista
2026-09-21 19:43:04,DRI,9,3641.8,COMPRAR ★★★,EMA alcista | RSI 47 óptimo | Cruce MACD | BB zona baja | Stoch 34 | EMA semanal alcista
2026-09-21 19:43:04,CLNX.MC,5,505.13,OBSERVAR,Golden Cross | RSI 50 óptimo | Cruce MACD | Rebote EMA50
2026-09-21 19:43:04,BBWI,6,294.93,COMPRAR ★★,Golden Cross | RSI 36 rebote | Cruce MACD | BB zona baja | EMA semanal alcista
2026-09-21 19:43:04,KLAC,8,3195.58,COMPRAR ★★★,Golden Cross | RSI 57 óptimo | MACD positivo | Rebote EMA50 | EMA semanal alcista
2026-09-21 19:43:04,NVCR,8,284.34,COMPRAR ★★★,EMA alcista | RSI 40 rebote | Cruce MACD | BB zona baja | Rebote EMA50 | EMA semanal alcista
2026-09-21 19:43:04,VMC,6,4260.83,COMPRAR ★★,Golden Cross | Cruce MACD | BB zona baja | Stoch 25 | EMA semanal alcista
2026-09-21 19:43:04,APA,5,753.02,OBSERVAR,EMA alcista | RSI 52 óptimo | Cruce MACD
2026-09-21 19:43:04,DHR,9,3701.83,COMPRAR ★★★,EMA alcista | RSI 52 óptimo | MACD positivo | Cruce MACD | EMA semanal alcista
2026-09-21 19:43:04,GOLD,7,752.34,COMPRAR ★★,EMA alcista | RSI 50 óptimo | BB zona baja | EMA semanal alcista
2026-09-21 19:43:04,KEY,8,359.47,COMPRAR ★★★,Golden Cross | RSI 43 rebote | Cruce MACD | Banda BB inferior | Stoch 21 | EMA semanal alcista
2026-09-21 19:43:04,LIT,6,1219.81,COMPRAR ★★,Golden Cross | Cruce MACD | BB zona baja | Stoch 27 | EMA semanal alcista
2026-09-21 19:43:04,BR,8,2826.73,COMPRAR ★★★,EMA alcista | Cruce MACD | Banda BB inferior | Rebote EMA50 | EMA semanal alcista
2026-09-21 19:43:04,XLB,6,857.85,COMPRAR ★★,Golden Cross | Cruce MACD | Banda BB inferior | EMA semanal alcista
2026-09-21 19:43:04,AON,6,5030.12,COMPRAR ★★,Golden Cross | Cruce MACD | Banda BB inferior | EMA semanal alcista
2026-09-21 19:43:04,BIO,7,6472.66,COMPRAR ★★,EMA alcista | RSI 41 rebote | Cruce MACD | BB zona baja | EMA semanal alcista
2026-09-21 19:43:04,MCK,8,15317.82,COMPRAR ★★★,EMA alcista | RSI 52 óptimo | Cruce MACD | Stoch 39 | EMA semanal alcista
2026-09-21 19:43:04,SMCI,7,705.52,COMPRAR ★★,EMA alcista | RSI 58 óptimo | Cruce MACD | EMA semanal alcista
2026-09-21 19:43:04,SAP,7,3603.42,COMPRAR ★★,EMA alcista | RSI 39 rebote | Cruce MACD | BB zona baja | EMA semanal alcista
2026-09-21 19:43:04,JPM,8,6051.22,COMPRAR ★★★,EMA alcista | RSI 44 rebote | Cruce MACD | BB zona baja | Stoch 43 | EMA semanal alcista
2026-09-21 19:43:04,VTRS,8,296.65,COMPRAR ★★★,EMA alcista | RSI 64 óptimo | MACD positivo | EMA semanal alcista
2026-09-21 19:43:04,SOXX,5,9664.54,OBSERVAR,Golden Cross | MACD positivo | EMA semanal alcista
2026-09-21 19:43:04,FDX,6,5075.04,COMPRAR ★★,Golden Cross | Cruce MACD | Banda BB inferior | EMA semanal alcista
2026-09-21 19:43:04,CNC,8,1116.71,COMPRAR ★★★,EMA alcista | RSI 51 óptimo | Cruce MACD | BB zona baja | EMA semanal alcista
2026-09-21 19:43:04,PEP,4,2234.46,OBSERVAR,Golden Cross | Cruce MACD | Banda BB inferior
2026-09-21 19:43:04,LCID,6,73.41,COMPRAR ★★,Golden Cross | RSI 35 rebote | MACD positivo | BB zona baja | Stoch 32
2026-09-21 19:43:04,EWU,9,821.96,COMPRAR ★★★,EMA alcista | RSI 43 rebote | Cruce MACD | BB zona baja | Stoch 36 | Rebote EMA50 | EMA semanal alcista
2026-09-21 19:43:04,INFY,4,187.37,OBSERVAR,Golden Cross | Cruce MACD | Banda BB inferior
2026-09-21 19:43:04,LYV,5,2918.12,OBSERVAR,Golden Cross | Cruce MACD | BB zona baja | EMA semanal alcista
2026-09-21 19:43:04,MHK,9,2042.2,COMPRAR ★★★,EMA alcista | RSI 38 rebote | Cruce MACD | Volumen alto | Banda BB inferior | EMA semanal alcista
2026-09-21 19:43:04,TPR,5,1948.74,OBSERVAR,Golden Cross | MACD positivo | Banda BB inferior
2026-09-21 19:43:04,BOTZ,9,617.92,COMPRAR ★★★,Golden Cross | RSI 50 óptimo | MACD positivo | Cruce MACD | Rebote EMA50 | EMA semanal alcista
2026-09-21 19:43:04,CNP,5,653.8,OBSERVAR,Golden Cross | RSI 33 rebote | Cruce MACD | Banda BB inferior
2026-09-21 19:43:04,NFLX,6,1268.78,COMPRAR ★★,Golden Cross | RSI 34 rebote | Cruce MACD | Banda BB inferior | Stoch 27
2026-09-21 19:43:04,ADM,6,1433.93,COMPRAR ★★,EMA alcista | RSI 56 óptimo | EMA semanal alcista
2026-09-21 19:43:04,CB,9,5814.64,COMPRAR ★★★,Golden Cross | RSI 50 óptimo | MACD positivo | BB zona baja | Rebote EMA50 | EMA semanal alcista
2026-09-21 19:43:04,TRV,8,6389.01,COMPRAR ★★★,EMA alcista | RSI 57 óptimo | MACD positivo | EMA semanal alcista
2026-09-21 19:43:04,BAC,7,999.24,COMPRAR ★★,EMA alcista | Cruce MACD | Banda BB inferior | EMA semanal alcista
2026-09-21 19:43:04,OMAB.MX,6,213.98,COMPRAR ★★,Golden Cross | RSI 54 óptimo | MACD positivo | Rebote EMA50
2026-09-21 19:43:04,FITB,9,918.69,COMPRAR ★★★,Golden Cross | RSI 48 óptimo | Cruce MACD | BB zona baja | Stoch 44 | Rebote EMA50 | EMA semanal alcista
2026-09-21 19:43:04,SYK,3,4707.22,EVITAR,Golden Cross | Cruce MACD | BB zona baja
2026-09-21 19:43:04,CEMEXCPO.MX,5,17.32,OBSERVAR,Golden Cross | RSI 34 rebote | Cruce MACD | Banda BB inferior
2026-09-21 19:43:04,WY,4,364.46,OBSERVAR,Golden Cross | Cruce MACD | Banda BB inferior
2026-09-21 19:43:04,MTD,8,24647.07,COMPRAR ★★★,EMA alcista | RSI 54 óptimo | MACD positivo | EMA semanal alcista
2026-09-21 19:43:04,ADSK,4,3769.94,OBSERVAR,Golden Cross | Cruce MACD | BB zona baja | Stoch 25
2026-09-21 19:43:04,HON,4,3562.46,OBSERVAR,Golden Cross | RSI 38 rebote | MACD positivo
2026-09-21 19:43:04,CUERVO.MX,6,14.47,COMPRAR ★★,Golden Cross | RSI 48 óptimo | Cruce MACD | Stoch 34 | Rebote EMA50
2026-09-21 19:43:04,FISV,4,802.94,OBSERVAR,Golden Cross | Cruce MACD | Banda BB inferior
2026-09-21 19:43:04,RELY,5,375.82,OBSERVAR,Golden Cross | Cruce MACD | BB zona baja | EMA semanal alcista
2026-09-21 19:43:04,AMZN,7,4450.68,COMPRAR ★★,EMA alcista | RSI 49 óptimo | Cruce MACD | EMA semanal alcista
2026-09-21 19:43:04,KEYS,7,5898.72,COMPRAR ★★,Golden Cross | RSI 61 óptimo | MACD positivo | EMA semanal alcista
2026-09-21 19:43:04,ALK,7,720.42,COMPRAR ★★,Golden Cross | RSI 53 óptimo | MACD positivo | EMA semanal alcista
2026-09-21 19:43:04,TXN,7,4665.4,COMPRAR ★★,Golden Cross | RSI 59 óptimo | MACD positivo | EMA semanal alcista
2026-09-21 19:43:04,YPF,6,917.92,COMPRAR ★★,EMA alcista | RSI 56 óptimo | EMA semanal alcista
2026-09-21 19:43:04,EMR,7,2612.52,COMPRAR ★★,EMA alcista | RSI 49 óptimo | Cruce MACD | EMA semanal alcista
2026-09-21 19:43:04,HD,6,5146.56,COMPRAR ★★,Golden Cross | Cruce MACD | Banda BB inferior | EMA semanal alcista
2026-09-21 19:43:04,BIDU,5,1595.17,OBSERVAR,Golden Cross | RSI 45 rebote | MACD positivo | Stoch 39
2026-09-21 19:43:04,UAL,7,1972.58,COMPRAR ★★,Golden Cross | RSI 61 óptimo | MACD positivo | EMA semanal alcista
2026-09-21 19:43:04,NDAQ,6,1623.61,COMPRAR ★★,EMA alcista | RSI 41 rebote | Cruce MACD | EMA semanal alcista
2026-09-21 19:43:04,PANW,8,6388.06,COMPRAR ★★★,EMA alcista | RSI 46 óptimo | MACD positivo | EMA semanal alcista
2026-09-21 19:43:04,ARKG,6,891.67,COMPRAR ★★,EMA alcista | MACD positivo | EMA semanal alcista
2026-09-21 19:43:04,SHW,7,5554.05,COMPRAR ★★,Golden Cross | RSI 31 rebote | Cruce MACD | BB zona baja | Stoch 35 | EMA semanal alcista
2026-09-21 19:43:04,LRCX,7,5250.95,COMPRAR ★★,Golden Cross | RSI 51 óptimo | Cruce MACD | Rebote EMA50 | EMA semanal alcista
2026-09-21 19:43:04,OXY,7,985.65,COMPRAR ★★,EMA alcista | RSI 39 rebote | Cruce MACD | Banda BB inferior | Rebote EMA50
2026-09-21 19:43:04,CDNS,7,5086.66,COMPRAR ★★,Golden Cross | MACD positivo | Cruce MACD | Stoch 38 | EMA semanal alcista
2026-09-21 19:43:04,NVR,7,107091.99,COMPRAR ★★,Golden Cross | RSI 46 óptimo | Cruce MACD | BB zona baja | Stoch 41 | Rebote EMA50
2026-09-21 19:43:04,DVN,6,817.31,COMPRAR ★★,EMA alcista | RSI 47 óptimo | Cruce MACD | BB zona baja
2026-09-21 19:43:04,LEN,5,1341.86,OBSERVAR,Golden Cross | RSI 35 rebote | Cruce MACD | BB zona baja | Stoch 21
2026-09-21 19:43:04,MLM,5,8613.92,OBSERVAR,Golden Cross | RSI 41 rebote | Cruce MACD | BB zona baja | Stoch 32
2026-09-21 19:43:04,QQQ,6,12779.22,COMPRAR ★★,EMA alcista | MACD positivo | EMA semanal alcista
2026-09-21 19:43:04,MO,8,1181.09,COMPRAR ★★★,EMA alcista | RSI 58 óptimo | MACD positivo | EMA semanal alcista
2026-09-21 19:43:04,EXR,8,2369.58,COMPRAR ★★★,Golden Cross | RSI 45 óptimo | MACD positivo | Rebote EMA50 | EMA semanal alcista
2026-09-21 19:43:04,EXPE,8,4849.14,COMPRAR ★★★,EMA alcista | RSI 30 rebote | Cruce MACD | BB zona baja | Stoch 38 | EMA semanal alcista
2026-09-21 19:43:04,EWT,7,1992.38,COMPRAR ★★,EMA alcista | MACD positivo | Cruce MACD | EMA semanal alcista
2026-09-21 19:43:04,KOFUBL.MX,8,191.32,COMPRAR ★★★,EMA alcista | RSI 55 óptimo | MACD positivo | EMA semanal alcista
2026-09-21 19:43:04,CME,6,4733.82,COMPRAR ★★,EMA alcista | RSI 39 rebote | Cruce MACD | BB zona baja | Stoch 29
2026-09-21 19:43:04,DG,8,2113.72,COMPRAR ★★★,EMA alcista | RSI 44 rebote | Cruce MACD | BB zona baja | Rebote EMA50 | EMA semanal alcista
2026-09-21 19:43:04,STLD,7,3957.64,COMPRAR ★★,Golden Cross | RSI 48 óptimo | Banda BB inferior | EMA semanal alcista
2026-09-21 19:43:04,AMCR,5,726.09,OBSERVAR,Golden Cross | Cruce MACD | BB zona baja | EMA semanal alcista
2026-09-21 19:43:04,LH,7,5533.92,COMPRAR ★★,EMA alcista | RSI 40 rebote | Cruce MACD | BB zona baja | EMA semanal alcista
2026-09-21 19:43:04,UPST,7,443.04,COMPRAR ★★,Golden Cross | RSI 34 rebote | Cruce MACD | BB zona baja | Stoch 28 | EMA semanal alcista
2026-09-21 19:43:04,KHC,8,419.2,COMPRAR ★★★,EMA alcista | RSI 37 rebote | Cruce MACD | BB zona baja | Rebote EMA50 | EMA semanal alcista
2026-09-21 19:43:04,GAPB.MX,6,357.96,COMPRAR ★★,Golden Cross | RSI 55 óptimo | MACD positivo | Rebote EMA50
2026-09-21 19:43:04,NU,9,242.09,COMPRAR ★★★,EMA alcista | RSI 44 rebote | Cruce MACD | BB zona baja | Stoch 21 | Rebote EMA50 | EMA semanal alcista
2026-09-21 19:43:04,MCO,8,8056.59,COMPRAR ★★★,Golden Cross | RSI 32 rebote | Cruce MACD | BB zona baja | Stoch 22 | Rebote EMA50 | EMA semanal alcista
2026-09-21 19:43:04,PGR,9,3661.85,COMPRAR ★★★,EMA alcista | RSI 41 rebote | Cruce MACD | Banda BB inferior | Rebote EMA50 | EMA semanal alcista
2026-09-21 19:43:04,AWK,9,2305.89,COMPRAR ★★★,EMA alcista | RSI 35 rebote | Cruce MACD | Banda BB inferior | Rebote EMA50 | EMA semanal alcista
2026-09-21 19:43:04,SWK,4,1531.87,OBSERVAR,Cruce MACD | BB zona baja | EMA semanal alcista
2026-09-21 19:43:04,COO,3,939.43,EVITAR,Golden Cross | Cruce MACD | BB zona baja
2026-09-21 19:43:04,SPGI,7,6970.77,COMPRAR ★★,Golden Cross | RSI 34 rebote | Cruce MACD | Banda BB inferior | EMA semanal alcista
2026-09-21 19:43:04,FMC,5,176.51,OBSERVAR,Golden Cross | RSI 39 rebote | Cruce MACD | Banda BB inferior
2026-09-21 19:43:04,ENPH,8,601.3,VENDER,Golden Cross | RSI 43 rebote | Cruce MACD | Banda BB inferior | Stoch 23 | EMA semanal alcista | 🛑 Stop Loss -32.2%
2026-09-21 19:43:04,AENA.MC,9,509.08,COMPRAR ★★★,Golden Cross | RSI 47 óptimo | MACD positivo | Cruce MACD | Rebote EMA50 | EMA semanal alcista
2026-09-21 19:43:04,MTS.MC,8,1242.09,COMPRAR ★★★,EMA alcista | RSI 47 óptimo | Cruce MACD | BB zona baja | EMA semanal alcista
2026-09-21 19:43:04,TECL,8,3958.24,COMPRAR ★★★,EMA alcista | RSI 65 óptimo | MACD positivo | EMA semanal alcista
2026-09-21 19:43:04,CTAS,10,3395.76,COMPRAR ★★★,EMA alcista | RSI 37 rebote | Cruce MACD | Banda BB inferior | Stoch 25 | Rebote EMA50 | EMA semanal alcista
2026-09-21 19:43:04,XLI,7,2928.97,COMPRAR ★★,Golden Cross | RSI 35 rebote | Cruce MACD | BB zona baja | Stoch 32 | EMA semanal alcista
2026-09-21 19:43:04,SO,5,1469.56,OBSERVAR,Golden Cross | RSI 33 rebote | Cruce MACD | Banda BB inferior
2026-09-21 19:43:04,CL,6,1486.43,COMPRAR ★★,Golden Cross | Cruce MACD | Banda BB inferior | EMA semanal alcista
2026-09-21 19:43:04,MELI,10,31431.87,COMPRAR ★★★,EMA alcista | RSI 37 rebote | Cruce MACD | Volumen alto | Banda BB inferior | Rebote EMA50 | EMA semanal alcista
2026-09-21 19:43:04,CF,7,2113.81,COMPRAR ★★,EMA alcista | RSI 42 rebote | Cruce MACD | Banda BB inferior | Rebote EMA50
2026-09-21 19:43:04,IRM,8,2011.91,COMPRAR ★★★,Golden Cross | RSI 55 óptimo | MACD positivo | Rebote EMA50 | EMA semanal alcista
2026-09-21 19:43:04,ENG.MC,7,332.74,COMPRAR ★★,Golden Cross | RSI 56 óptimo | MACD positivo | EMA semanal alcista
2026-09-21 19:43:04,XOM,6,2738.08,COMPRAR ★★,EMA alcista | RSI 47 óptimo | Cruce MACD | BB zona baja
2026-09-21 19:43:04,MPC,4,6938.67,OBSERVAR,EMA alcista | EMA semanal alcista
2026-09-21 19:43:04,ICE,8,2679.22,COMPRAR ★★★,EMA alcista | RSI 42 rebote | Cruce MACD | BB zona baja | Stoch 30 | EMA semanal alcista
2026-09-21 19:43:04,O,6,976.26,COMPRAR ★★,Golden Cross | Cruce MACD | Banda BB inferior | EMA semanal alcista
2026-09-21 19:43:04,LULU,4,1731.44,OBSERVAR,Golden Cross | RSI 31 rebote | Cruce MACD | BB zona baja
2026-09-21 19:43:04,GNRC,8,3540.68,COMPRAR ★★★,Golden Cross | RSI 64 óptimo | MACD positivo | Rebote EMA50 | EMA semanal alcista
2026-09-21 19:43:04,XLC,10,1984.89,COMPRAR ★★★,EMA alcista | RSI 60 óptimo | MACD positivo | Cruce MACD | Volumen alto | EMA semanal alcista
2026-09-21 19:43:04,ROST,9,3999.04,COMPRAR ★★★,Golden Cross | RSI 56 óptimo | MACD positivo | Cruce MACD | Rebote EMA50 | EMA semanal alcista
2026-09-21 19:43:04,ARKW,10,2851.0,COMPRAR ★★★,EMA alcista | RSI 61 óptimo | MACD positivo | Cruce MACD | Volumen alto | EMA semanal alcista
2026-09-21 19:43:04,DDOG,7,4197.49,COMPRAR ★★,Golden Cross | RSI 54 óptimo | MACD positivo | EMA semanal alcista
2026-09-21 19:43:04,IVVPESO.MX,8,154.82,COMPRAR ★★★,EMA alcista | RSI 42 rebote | Cruce MACD | BB zona baja | Stoch 38 | EMA semanal alcista
2026-09-21 19:43:04,XEL,5,1237.54,OBSERVAR,Golden Cross | RSI 34 rebote | Cruce MACD | Banda BB inferior
2026-09-21 19:43:04,MRK,7,2583.05,COMPRAR ★★,EMA alcista | RSI 58 óptimo | Cruce MACD | EMA semanal alcista
2026-09-21 19:43:04,DTE,4,2169.57,OBSERVAR,Golden Cross | Cruce MACD | Banda BB inferior
2026-09-21 19:43:04,TDY,8,10486.76,COMPRAR ★★★,Golden Cross | RSI 47 óptimo | MACD positivo | Rebote EMA50 | EMA semanal alcista
2026-09-21 19:43:04,ULTA,7,9625.29,COMPRAR ★★,EMA alcista | RSI 59 óptimo | Cruce MACD | EMA semanal alcista
2026-09-21 19:43:04,VESTA.MX,7,57.78,COMPRAR ★★,Golden Cross | RSI 42 rebote | MACD positivo | Cruce MACD | Stoch 47 | Rebote EMA50
2026-09-21 19:43:04,BKNG,5,2906.25,OBSERVAR,Golden Cross | Cruce MACD | BB zona baja | EMA semanal alcista
2026-09-21 19:43:04,EEM,7,1186.16,COMPRAR ★★,EMA alcista | RSI 59 óptimo | Cruce MACD | EMA semanal alcista
2026-09-21 19:43:04,ETN,7,7512.61,COMPRAR ★★,Golden Cross | RSI 62 óptimo | MACD positivo | EMA semanal alcista
2026-09-21 19:43:04,ED,5,1786.09,OBSERVAR,Golden Cross | RSI 37 rebote | Cruce MACD | Banda BB inferior
2026-09-21 19:43:04,IEX,8,3844.82,COMPRAR ★★★,Golden Cross | RSI 40 rebote | Cruce MACD | BB zona baja | Stoch 43 | Rebote EMA50 | EMA semanal alcista
2026-09-21 19:43:04,HRL,6,354.48,COMPRAR ★★,Golden Cross | MACD positivo | BB zona baja | EMA semanal alcista
2026-09-21 19:43:04,ARKF,7,819.21,COMPRAR ★★,EMA alcista | RSI 54 óptimo | Cruce MACD | EMA semanal alcista
2026-09-21 19:43:04,HBAN,8,276.1,COMPRAR ★★★,Golden Cross | RSI 42 rebote | Cruce MACD | Banda BB inferior | Stoch 38 | EMA semanal alcista
2026-09-21 19:43:04,EWH,7,392.0,COMPRAR ★★,EMA alcista | RSI 48 óptimo | Cruce MACD | EMA semanal alcista
2026-09-21 19:43:04,FER.MC,6,960.69,COMPRAR ★★,Golden Cross | RSI 40 rebote | MACD positivo | Cruce MACD | BB zona baja
2026-09-21 19:43:04,RTX,5,3344.64,OBSERVAR,Golden Cross | Cruce MACD | BB zona baja | EMA semanal alcista
2026-09-21 19:43:04,PCTY,6,2487.82,COMPRAR ★★,EMA alcista | Cruce MACD | BB zona baja | EMA semanal alcista
2026-09-21 19:43:04,NXPI,8,4007.64,COMPRAR ★★★,Golden Cross | RSI 57 óptimo | MACD positivo | Rebote EMA50 | EMA semanal alcista
2026-09-21 19:43:04,POOL,4,2890.76,OBSERVAR,Golden Cross | Cruce MACD | Banda BB inferior
2026-09-21 19:43:04,PBR,4,355.26,OBSERVAR,EMA alcista | RSI 62 óptimo
2026-09-21 19:43:04,BDX,7,3107.8,COMPRAR ★★,EMA alcista | RSI 39 rebote | Cruce MACD | BB zona baja | EMA semanal alcista
2026-09-21 19:43:04,XHB,6,1674.47,COMPRAR ★★,Golden Cross | RSI 33 rebote | Cruce MACD | BB zona baja | EMA semanal alcista
2026-09-21 19:43:04,HOOD,9,2142.03,COMPRAR ★★★,EMA alcista | RSI 65 óptimo | MACD positivo | Cruce MACD | EMA semanal alcista
2026-09-21 19:43:04,MA,7,9752.84,COMPRAR ★★,EMA alcista | RSI 30 rebote | Cruce MACD | BB zona baja | EMA semanal alcista
2026-09-21 19:43:04,TTWO,7,3616.76,COMPRAR ★★,Golden Cross | RSI 40 rebote | Cruce MACD | BB zona baja | Stoch 30 | EMA semanal alcista
2026-09-21 19:43:04,ELV,6,7032.22,COMPRAR ★★,EMA alcista | RSI 60 óptimo | EMA semanal alcista
2026-09-21 19:43:04,CELH,5,484.69,OBSERVAR,Golden Cross | RSI 34 rebote | Cruce MACD | BB zona baja | Stoch 27
2026-09-21 19:43:04,MSI,7,7922.34,COMPRAR ★★,EMA alcista | RSI 32 rebote | Cruce MACD | BB zona baja | EMA semanal alcista
2026-09-21 19:43:04,AXP,7,5402.59,COMPRAR ★★,Golden Cross | RSI 33 rebote | Cruce MACD | Banda BB inferior | EMA semanal alcista
2026-09-21 19:43:04,GOOGL,7,6129.45,COMPRAR ★★,Golden Cross | RSI 64 óptimo | MACD positivo | EMA semanal alcista
2026-09-21 19:43:04,SMR,6,153.01,COMPRAR ★★,Golden Cross | RSI 47 óptimo | Cruce MACD | BB zona baja | Stoch 25
2026-09-21 19:43:04,CBRE,7,2455.46,COMPRAR ★★,Golden Cross | RSI 45 rebote | Cruce MACD | Stoch 42 | Rebote EMA50 | EMA semanal alcista
2026-09-21 19:43:04,FTNT,8,3019.5,COMPRAR ★★★,EMA alcista | RSI 54 óptimo | MACD positivo | EMA semanal alcista
2026-09-21 19:43:04,TAN,8,804.25,COMPRAR ★★★,Golden Cross | RSI 46 óptimo | MACD positivo | Cruce MACD | BB zona baja | Stoch 46
2026-09-21 19:43:04,D,7,1084.01,COMPRAR ★★,Golden Cross | RSI 33 rebote | Cruce MACD | Banda BB inferior | EMA semanal alcista
2026-09-21 19:43:04,MS,8,3552.9,COMPRAR ★★★,Golden Cross | RSI 40 rebote | Cruce MACD | BB zona baja | Stoch 34 | Rebote EMA50 | EMA semanal alcista
2026-09-21 19:43:04,FIBRAPL14.MX,6,73.94,COMPRAR ★★,Golden Cross | RSI 35 rebote | Cruce MACD | Banda BB inferior | Rebote EMA50
2026-09-21 19:43:04,PNR,4,959.83,OBSERVAR,Golden Cross | Cruce MACD | Banda BB inferior
2026-09-21 19:43:04,FXI,7,601.39,COMPRAR ★★,Golden Cross | RSI 46 óptimo | Cruce MACD | Rebote EMA50 | EMA semanal alcista
2026-09-21 19:43:04,AMGN,9,6773.78,COMPRAR ★★★,EMA alcista | RSI 33 rebote | Cruce MACD | BB zona baja | Stoch 27 | Rebote EMA50 | EMA semanal alcista
2026-09-21 19:43:04,MDLZ,9,1038.31,COMPRAR ★★★,EMA alcista | RSI 36 rebote | Cruce MACD | Banda BB inferior | Rebote EMA50 | EMA semanal alcista
2026-09-21 19:43:04,ZTS,4,1230.92,OBSERVAR,Golden Cross | Cruce MACD | Banda BB inferior
2026-09-21 19:43:04,VTI,7,6566.72,COMPRAR ★★,EMA alcista | RSI 55 óptimo | Cruce MACD | EMA semanal alcista
2026-09-21 19:43:04,LMT,7,9204.03,COMPRAR ★★,Golden Cross | RSI 37 rebote | MACD positivo | Cruce MACD | BB zona baja | Rebote EMA50
2026-09-21 19:43:04,SRE,6,1399.85,COMPRAR ★★,Golden Cross | RSI 48 óptimo | Cruce MACD | Banda BB inferior
2026-09-21 19:43:04,BBAJIOO.MX,8,57.61,COMPRAR ★★★,EMA alcista | RSI 63 óptimo | MACD positivo | EMA semanal alcista
2026-09-21 19:43:04,IVZ,8,539.17,COMPRAR ★★★,EMA alcista | RSI 40 rebote | Cruce MACD | BB zona baja | Stoch 47 | EMA semanal alcista
2026-09-21 19:43:04,AOS,4,981.6,OBSERVAR,Golden Cross | RSI 37 rebote | Cruce MACD | BB zona baja
2026-09-21 19:43:04,AME,7,4167.03,COMPRAR ★★,Golden Cross | RSI 58 óptimo | MACD positivo | EMA semanal alcista
2026-09-21 19:43:04,UNP,6,4631.75,COMPRAR ★★,Cruce MACD | Volumen alto | Banda BB inferior | EMA semanal alcista
2026-09-21 19:43:04,FANG,6,3245.32,COMPRAR ★★,EMA alcista | RSI 38 rebote | Cruce MACD | Banda BB inferior
2026-09-21 19:43:04,CLX,3,1469.22,EVITAR,Golden Cross | Cruce MACD | BB zona baja
2026-09-21 19:43:04,PYPL,9,907.33,COMPRAR ★★★,EMA alcista | RSI 51 óptimo | Cruce MACD | BB zona baja | Stoch 32 | EMA semanal alcista
2026-09-21 19:43:04,SNA,6,6383.41,COMPRAR ★★,Golden Cross | Cruce MACD | Banda BB inferior | EMA semanal alcista
2026-09-21 19:43:04,FEMSAUBD.MX,8,206.88,COMPRAR ★★★,Golden Cross | RSI 53 óptimo | MACD positivo | Rebote EMA50 | EMA semanal alcista
2026-09-21 19:43:04,EXC,5,721.1,OBSERVAR,Golden Cross | RSI 34 rebote | Cruce MACD | Banda BB inferior
2026-09-21 19:43:04,EME,9,13028.45,COMPRAR ★★★,Golden Cross | RSI 56 óptimo | MACD positivo | Cruce MACD | Rebote EMA50 | EMA semanal alcista
2026-09-21 19:43:04,VNO,7,610.17,COMPRAR ★★,Golden Cross | RSI 34 rebote | Cruce MACD | BB zona baja | Stoch 41 | EMA semanal alcista
2026-09-21 19:43:04,SMH,8,10291.74,COMPRAR ★★★,Golden Cross | RSI 64 óptimo | MACD positivo | Volumen alto | EMA semanal alcista
2026-09-21 19:43:04,GFNORTEO.MX,8,193.21,COMPRAR ★★★,EMA alcista | RSI 51 óptimo | Cruce MACD | BB zona baja | EMA semanal alcista
2026-09-21 19:43:04,MCD,4,4282.16,OBSERVAR,Golden Cross | Cruce MACD | Banda BB inferior
2026-09-21 19:43:04,FLR,7,947.09,COMPRAR ★★,EMA alcista | RSI 52 óptimo | Cruce MACD | EMA semanal alcista
2026-09-21 19:43:04,BWXT,4,2537.91,OBSERVAR,Golden Cross | RSI 44 rebote | Cruce MACD | BB zona baja
2026-09-21 19:43:04,MDT,7,1580.75,COMPRAR ★★,EMA alcista | RSI 55 óptimo | Cruce MACD | EMA semanal alcista
2026-09-21 19:43:04,XLU,5,700.18,OBSERVAR,Golden Cross | RSI 34 rebote | Cruce MACD | Banda BB inferior
2026-09-21 19:43:04,MGM,7,663.01,COMPRAR ★★,Golden Cross | Cruce MACD | Banda BB inferior | Stoch 22 | EMA semanal alcista
2026-09-21 19:43:04,LW,5,811.37,OBSERVAR,Golden Cross | Cruce MACD | BB zona baja | EMA semanal alcista
2026-09-21 19:43:04,EWC,9,1039.43,COMPRAR ★★★,EMA alcista | RSI 42 rebote | Cruce MACD | BB zona baja | Stoch 32 | Rebote EMA50 | EMA semanal alcista
2026-09-21 19:43:04,CAT,8,14088.37,COMPRAR ★★★,Golden Cross | RSI 56 óptimo | MACD positivo | Rebote EMA50 | EMA semanal alcista
2026-09-21 19:43:04,SYY,7,1354.93,COMPRAR ★★,Golden Cross | RSI 41 rebote | Cruce MACD | Banda BB inferior | EMA semanal alcista
2026-09-21 19:43:04,DBC,6,560.51,COMPRAR ★★,EMA alcista | RSI 64 óptimo | EMA semanal alcista
2026-09-21 19:43:04,VLO,6,6789.53,COMPRAR ★★,EMA alcista | MACD positivo | EMA semanal alcista
2026-09-21 19:43:04,IBB,8,3570.8,COMPRAR ★★★,EMA alcista | RSI 47 óptimo | Cruce MACD | Stoch 47 | EMA semanal alcista
2026-09-21 19:43:04,MNST,7,763.95,COMPRAR ★★,Golden Cross | RSI 36 rebote | MACD positivo | Rebote EMA50 | EMA semanal alcista
2026-09-21 19:43:04,SBUX,6,1639.62,COMPRAR ★★,Golden Cross | Cruce MACD | Banda BB inferior | EMA semanal alcista
2026-09-21 19:43:04,ACHC,8,489.34,COMPRAR ★★★,Golden Cross | RSI 56 óptimo | MACD positivo | Rebote EMA50 | EMA semanal alcista
2026-09-21 19:43:04,NVDA,7,3914.61,COMPRAR ★★,EMA alcista | RSI 57 óptimo | Cruce MACD | EMA semanal alcista
2026-09-21 19:43:04,CMCSA,4,395.88,OBSERVAR,Golden Cross | Cruce MACD | Banda BB inferior
2026-09-21 19:43:04,AFL,10,1981.27,COMPRAR ★★★,Golden Cross | RSI 47 óptimo | MACD positivo | Banda BB inferior | Rebote EMA50 | EMA semanal alcista
2026-09-21 19:43:04,WYNN,4,1434.64,OBSERVAR,Golden Cross | Cruce MACD | Banda BB inferior
2026-09-21 19:43:04,ICLN,6,306.63,COMPRAR ★★,Golden Cross | RSI 58 óptimo | MACD positivo | Rebote EMA50
2026-09-21 19:43:04,ZBRA,8,6030.65,COMPRAR ★★★,EMA alcista | RSI 48 óptimo | Cruce MACD | Stoch 49 | EMA semanal alcista
2026-09-21 19:43:04,MEL.MC,10,192.53,COMPRAR ★★★,Golden Cross | RSI 48 óptimo | MACD positivo | Cruce MACD | BB zona baja | Stoch 29 | EMA semanal alcista
2026-09-21 19:43:04,SPG,9,3529.49,COMPRAR ★★★,Golden Cross | RSI 36 rebote | MACD positivo | Cruce MACD | BB zona baja | Stoch 42 | EMA semanal alcista
2026-09-21 19:43:04,HCA,6,7367.6,COMPRAR ★★,EMA alcista | RSI 61 óptimo | MACD positivo
2026-09-21 19:43:04,MOS,7,411.54,COMPRAR ★★,EMA alcista | RSI 50 óptimo | Cruce MACD | Volumen alto | BB zona baja
2026-09-21 19:43:04,ORLY,5,1436.69,OBSERVAR,Golden Cross | RSI 30 rebote | Cruce MACD | Banda BB inferior
2026-09-21 19:43:04,SPY,9,13327.77,COMPRAR ★★★,EMA alcista | RSI 56 óptimo | MACD positivo | Cruce MACD | EMA semanal alcista
2026-09-21 19:43:04,AAPL,6,5837.62,COMPRAR ★★,EMA alcista | MACD positivo | EMA semanal alcista
2026-09-21 19:43:04,HSIC,9,1470.94,COMPRAR ★★★,EMA alcista | RSI 34 rebote | Cruce MACD | Banda BB inferior | Rebote EMA50 | EMA semanal alcista
2026-09-21 19:43:04,BA,8,3461.76,COMPRAR ★★★,Golden Cross | RSI 42 rebote | Cruce MACD | Banda BB inferior | Stoch 29 | EMA semanal alcista
2026-09-21 19:43:04,BSX,3,750.36,EVITAR,Golden Cross | Cruce MACD | BB zona baja
2026-09-21 19:43:04,A,8,2786.97,COMPRAR ★★★,EMA alcista | RSI 62 óptimo | MACD positivo | EMA semanal alcista
2026-09-21 19:43:04,TSN,5,898.12,OBSERVAR,Golden Cross | RSI 39 rebote | MACD positivo | BB zona baja
2026-09-21 19:43:04,OKE,9,1582.47,COMPRAR ★★★,EMA alcista | RSI 34 rebote | Cruce MACD | Banda BB inferior | Rebote EMA50 | EMA semanal alcista
2026-09-21 19:43:04,ACN,6,3195.92,COMPRAR ★★,EMA alcista | RSI 47 óptimo | Cruce MACD | Volumen alto
2026-09-21 19:43:04,L,6,1839.96,COMPRAR ★★,Golden Cross | RSI 41 rebote | Banda BB inferior | EMA semanal alcista
2026-09-21 19:43:04,ORCL,7,2554.09,COMPRAR ★★,Golden Cross | RSI 49 óptimo | Cruce MACD | Rebote EMA50 | EMA semanal alcista
2026-09-21 19:43:04,APTV,6,751.05,COMPRAR ★★,Golden Cross | RSI 45 rebote | MACD positivo | Banda BB inferior
2026-09-21 19:43:04,SNOW,7,5762.23,COMPRAR ★★,EMA alcista | RSI 51 óptimo | Cruce MACD | EMA semanal alcista
2026-09-21 19:43:04,UHS,6,3002.81,COMPRAR ★★,EMA alcista | RSI 56 óptimo | MACD positivo
2026-09-21 19:43:04,URA,6,743.39,COMPRAR ★★,Golden Cross | RSI 42 rebote | Cruce MACD | BB zona baja | Stoch 33 | Rebote EMA50
2026-09-21 19:43:04,MRVL,6,4480.97,VENDER,EMA alcista | MACD positivo | EMA semanal alcista | 🛑 Stop Loss -17.0%
2026-09-21 19:43:04,DOV,6,3218.47,COMPRAR ★★,Golden Cross | RSI 35 rebote | MACD positivo | Cruce MACD | BB zona baja
2026-09-21 19:43:04,RMD,6,3847.4,COMPRAR ★★,EMA alcista | Cruce MACD | BB zona baja | EMA semanal alcista
2026-09-21 19:43:04,FIS,4,608.96,OBSERVAR,Golden Cross | Cruce MACD | Banda BB inferior
2026-09-21 19:43:04,LOW,5,3307.63,OBSERVAR,Golden Cross | Cruce MACD | Banda BB inferior | Stoch 23
2026-09-21 19:43:04,GWW,8,21981.96,COMPRAR ★★★,Golden Cross | RSI 40 rebote | Cruce MACD | BB zona baja | Stoch 33 | Rebote EMA50 | EMA semanal alcista
2026-09-21 19:43:04,KRE,8,1243.05,COMPRAR ★★★,Golden Cross | RSI 42 rebote | Cruce MACD | Banda BB inferior | Rebote EMA50 | EMA semanal alcista
2026-09-21 19:43:04,STE,6,3555.48,COMPRAR ★★,Golden Cross | Cruce MACD | Banda BB inferior | EMA semanal alcista
2026-09-21 19:43:04,HUBS,6,3709.96,COMPRAR ★★,EMA alcista | RSI 31 rebote | Cruce MACD | Banda BB inferior
2026-09-21 19:43:04,AVB,6,1172.83,COMPRAR ★★,Golden Cross | RSI 52 óptimo | MACD positivo | Volumen alto
2026-09-21 19:43:04,VOLARA.MX,6,11.73,COMPRAR ★★,Golden Cross | RSI 62 óptimo | MACD positivo | Volumen alto
2026-09-21 19:43:04,CEG,7,4554.47,COMPRAR ★★,EMA alcista | RSI 45 rebote | Cruce MACD | BB zona baja | Stoch 25 | Rebote EMA50
2026-09-21 19:43:04,DPZ,4,5096.13,OBSERVAR,Golden Cross | Cruce MACD | Banda BB inferior
2026-09-21 19:43:04,RF,8,492.18,COMPRAR ★★★,Golden Cross | RSI 38 rebote | Cruce MACD | Banda BB inferior | Stoch 20 | EMA semanal alcista
2026-09-21 19:43:04,AI,7,187.61,COMPRAR ★★,EMA alcista | RSI 51 óptimo | Cruce MACD | EMA semanal alcista
2026-09-21 19:43:04,RIVN,8,266.79,COMPRAR ★★★,Golden Cross | RSI 42 rebote | Cruce MACD | BB zona baja | Stoch 34 | Rebote EMA50 | EMA semanal alcista
2026-09-21 19:43:04,FDS,8,4880.2,COMPRAR ★★★,EMA alcista | RSI 34 rebote | Cruce MACD | BB zona baja | Stoch 43 | EMA semanal alcista
2026-09-21 19:43:04,GRF.MC,9,189.33,COMPRAR ★★★,EMA alcista | RSI 35 rebote | Cruce MACD | Banda BB inferior | Rebote EMA50 | EMA semanal alcista
2026-09-21 19:43:04,ABT,7,1771.89,COMPRAR ★★,EMA alcista | Cruce MACD | BB zona baja | Rebote EMA50 | EMA semanal alcista
2026-09-21 19:43:04,AXON,5,7791.7,OBSERVAR,Golden Cross | Cruce MACD | BB zona baja | EMA semanal alcista
2026-09-21 19:43:04,ARE,8,927.55,COMPRAR ★★★,EMA alcista | RSI 59 óptimo | MACD positivo | EMA semanal alcista
2026-09-21 19:43:04,PM,8,3222.86,COMPRAR ★★★,EMA alcista | RSI 50 óptimo | BB zona baja | Rebote EMA50 | EMA semanal alcista
2026-09-21 19:43:04,EWX,7,1261.81,COMPRAR ★★,EMA alcista | RSI 49 óptimo | Cruce MACD | EMA semanal alcista
2026-09-21 19:43:04,EWA,9,500.87,COMPRAR ★★★,EMA alcista | RSI 40 rebote | Cruce MACD | BB zona baja | Stoch 38 | Rebote EMA50 | EMA semanal alcista
2026-09-21 19:43:04,FICO,6,15944.42,COMPRAR ★★,Golden Cross | Cruce MACD | Banda BB inferior | EMA semanal alcista
2026-09-21 19:43:04,TER,7,6619.05,COMPRAR ★★,Golden Cross | RSI 59 óptimo | MACD positivo | EMA semanal alcista
2026-09-21 19:43:04,J,8,2473.62,COMPRAR ★★★,EMA alcista | RSI 36 rebote | Cruce MACD | BB zona baja | Stoch 34 | EMA semanal alcista
2026-09-21 19:43:04,INDA,8,835.04,COMPRAR ★★★,Golden Cross | RSI 38 rebote | Cruce MACD | BB zona baja | Stoch 44 | Rebote EMA50 | EMA semanal alcista
2026-09-21 19:43:04,MPWR,9,22019.14,COMPRAR ★★★,Golden Cross | RSI 52 óptimo | MACD positivo | Cruce MACD | Rebote EMA50 | EMA semanal alcista
2026-09-21 19:43:04,CSCO,8,1909.33,COMPRAR ★★★,Golden Cross | RSI 51 óptimo | MACD positivo | Rebote EMA50 | EMA semanal alcista
2026-09-21 19:43:04,EOG,7,2437.56,COMPRAR ★★,EMA alcista | RSI 44 rebote | Cruce MACD | Banda BB inferior | Rebote EMA50
2026-09-21 19:43:04,WMB,7,1234.62,COMPRAR ★★,Golden Cross | RSI 36 rebote | Cruce MACD | BB zona baja | Rebote EMA50 | EMA semanal alcista
2026-09-21 19:43:04,GMEXICOB.MX,9,215.08,COMPRAR ★★★,EMA alcista | RSI 32 rebote | Cruce MACD | BB zona baja | Stoch 24 | Rebote EMA50 | EMA semanal alcista
2026-09-21 19:43:04,EWZ,3,655.78,EVITAR,EMA alcista | Cruce MACD
2026-09-21 19:43:04,ELE.MC,8,849.32,COMPRAR ★★★,EMA alcista | RSI 58 óptimo | MACD positivo | EMA semanal alcista
2026-09-21 19:43:04,GL,9,2956.16,COMPRAR ★★★,Golden Cross | RSI 48 óptimo | MACD positivo | BB zona baja | Rebote EMA50 | EMA semanal alcista
2026-09-21 19:43:04,MRNA,5,2985.08,OBSERVAR,EMA alcista | Cruce MACD | EMA semanal alcista
2026-09-21 19:43:04,ABBV,8,4559.89,COMPRAR ★★★,EMA alcista | RSI 62 óptimo | MACD positivo | EMA semanal alcista
2026-09-21 19:43:04,AKAM,5,1995.39,OBSERVAR,Golden Cross | RSI 61 óptimo | MACD positivo
2026-09-21 19:43:04,KMB,5,1683.16,OBSERVAR,Golden Cross | Cruce MACD | BB zona baja | EMA semanal alcista
2026-09-21 19:43:04,JETS,8,499.41,COMPRAR ★★★,Golden Cross | RSI 56 óptimo | MACD positivo | Rebote EMA50 | EMA semanal alcista
2026-09-21 19:43:04,ARKK,9,1563.45,COMPRAR ★★★,EMA alcista | RSI 62 óptimo | MACD positivo | Cruce MACD | EMA semanal alcista
2026-09-21 19:43:04,JD,9,469.29,COMPRAR ★★★,Golden Cross | RSI 37 rebote | MACD positivo | Cruce MACD | BB zona baja | Stoch 38 | EMA semanal alcista
2026-09-21 19:43:04,EXPD,7,3311.42,COMPRAR ★★,EMA alcista | RSI 55 óptimo | Cruce MACD | EMA semanal alcista
2026-09-21 19:43:04,PLUG,4,36.06,VENDER,Golden Cross | RSI 45 rebote | Cruce MACD | BB zona baja | 🛑 Stop Loss -47.0%
2026-09-21 19:43:04,JCI,7,2482.83,COMPRAR ★★,Golden Cross | RSI 60 óptimo | MACD positivo | EMA semanal alcista
2026-09-21 19:43:04,CHD,7,1642.71,COMPRAR ★★,Golden Cross | Cruce MACD | BB zona baja | Stoch 29 | Rebote EMA50 | EMA semanal alcista
2026-09-21 19:43:04,BBVA.MC,7,496.64,COMPRAR ★★,EMA alcista | RSI 54 óptimo | Cruce MACD | EMA semanal alcista
2026-09-21 19:43:04,UNH,7,6484.02,COMPRAR ★★,Golden Cross | RSI 41 rebote | Cruce MACD | Banda BB inferior | EMA semanal alcista
2026-09-21 19:43:04,ROP,7,6288.83,COMPRAR ★★,EMA alcista | Cruce MACD | Banda BB inferior | EMA semanal alcista
2026-09-21 19:43:04,CMS,4,1110.52,OBSERVAR,Golden Cross | Cruce MACD | Banda BB inferior
2026-09-21 19:43:04,APD,6,4842.17,COMPRAR ★★,Golden Cross | Cruce MACD | Banda BB inferior | EMA semanal alcista
2026-09-21 19:43:04,ROBO,9,1381.0,COMPRAR ★★★,Golden Cross | RSI 49 óptimo | MACD positivo | Cruce MACD | Rebote EMA50 | EMA semanal alcista
2026-09-21 19:43:04,DD,5,2235.67,OBSERVAR,Golden Cross | RSI 38 rebote | MACD positivo | Cruce MACD
2026-09-21 19:43:04,BMY,8,1080.48,COMPRAR ★★★,EMA alcista | Cruce MACD | Banda BB inferior | Rebote EMA50 | EMA semanal alcista
2026-09-21 19:43:04,PRU,9,2042.2,COMPRAR ★★★,EMA alcista | RSI 53 óptimo | Cruce MACD | BB zona baja | Stoch 40 | EMA semanal alcista
2026-09-21 19:43:04,GPC,9,2183.69,COMPRAR ★★★,EMA alcista | RSI 30 rebote | Cruce MACD | Banda BB inferior | Rebote EMA50 | EMA semanal alcista
2026-09-21 19:43:04,ECL,6,4655.85,COMPRAR ★★,Cruce MACD | Banda BB inferior | Rebote EMA50 | EMA semanal alcista
2026-09-21 19:43:04,CVX,6,3511.25,COMPRAR ★★,EMA alcista | RSI 47 óptimo | Cruce MACD | BB zona baja
2026-09-21 19:43:04,SBAC,7,3044.97,COMPRAR ★★,Golden Cross | RSI 31 rebote | Cruce MACD | Banda BB inferior | EMA semanal alcista
2026-09-21 19:43:04,SYF,9,1289.35,COMPRAR ★★★,EMA alcista | RSI 41 rebote | Cruce MACD | Banda BB inferior | Rebote EMA50 | EMA semanal alcista
2026-09-21 19:43:04,VFC,5,225.56,OBSERVAR,Golden Cross | RSI 46 óptimo | MACD positivo
2026-09-21 19:43:04,STT,9,3179.4,COMPRAR ★★★,EMA alcista | RSI 38 rebote | Cruce MACD | Banda BB inferior | Stoch 29 | EMA semanal alcista
2026-09-21 19:43:04,F,7,226.77,COMPRAR ★★,Golden Cross | RSI 40 rebote | Cruce MACD | Banda BB inferior | EMA semanal alcista
2026-09-21 19:43:04,EWY,7,3260.99,COMPRAR ★★,EMA alcista | RSI 57 óptimo | Cruce MACD | EMA semanal alcista
2026-09-21 19:43:04,LYB,6,1040.64,COMPRAR ★★,EMA alcista | RSI 35 rebote | Cruce MACD | Banda BB inferior
2026-09-21 19:43:04,CHPT,6,166.32,COMPRAR ★★,EMA alcista | MACD positivo | EMA semanal alcista
2026-09-21 19:43:04,JBHT,7,4057.47,COMPRAR ★★,Golden Cross | RSI 32 rebote | Cruce MACD | Banda BB inferior | EMA semanal alcista
2026-09-21 19:43:04,QCOM,6,3344.46,COMPRAR ★★,EMA alcista | MACD positivo | EMA semanal alcista
2026-09-21 19:43:04,Q.MX,7,153.27,COMPRAR ★★,Golden Cross | RSI 50 óptimo | MACD positivo | BB zona baja | Rebote EMA50
2026-09-21 19:43:04,XLP,7,1412.16,COMPRAR ★★,Golden Cross | Cruce MACD | Banda BB inferior | Rebote EMA50 | EMA semanal alcista
2026-09-21 19:43:04,XLRE,6,732.97,COMPRAR ★★,Golden Cross | Cruce MACD | Banda BB inferior | EMA semanal alcista
2026-09-21 19:43:04,ASURB.MX,7,421.28,COMPRAR ★★,Golden Cross | RSI 38 rebote | MACD positivo | Banda BB inferior | Stoch 27
2026-09-21 19:43:04,AES,4,255.25,OBSERVAR,EMA alcista | EMA semanal alcista
2026-09-21 19:43:04,ANET,8,3524.67,COMPRAR ★★★,EMA alcista | RSI 57 óptimo | MACD positivo | EMA semanal alcista
2026-09-21 19:43:04,FE,5,774.63,OBSERVAR,Golden Cross | RSI 40 rebote | Cruce MACD | Banda BB inferior
2026-09-21 19:43:04,EMN,4,1128.5,OBSERVAR,Golden Cross | Cruce MACD | Banda BB inferior
2026-09-21 19:43:04,WDC,9,7653.66,COMPRAR ★★★,Golden Cross | RSI 48 óptimo | MACD positivo | Cruce MACD | Stoch 42 | EMA semanal alcista
2026-09-21 19:43:04,WALMEX.MX,5,45.2,OBSERVAR,Golden Cross | RSI 34 rebote | Volumen alto | Banda BB inferior
2026-09-21 19:43:04,ON,7,1237.71,COMPRAR ★★,Golden Cross | RSI 47 óptimo | MACD positivo | EMA semanal alcista
2026-09-21 19:43:04,VALE,6,243.9,COMPRAR ★★,EMA alcista | RSI 37 rebote | Cruce MACD | Banda BB inferior
2026-09-21 19:43:04,LHX,5,4240.26,OBSERVAR,Golden Cross | MACD positivo | Banda BB inferior
2026-09-21 19:43:04,HERDEZ.MX,4,52.99,OBSERVAR,Golden Cross | MACD positivo | Volumen alto
2026-09-21 19:43:04,ITX.MC,6,1022.5,COMPRAR ★★,Golden Cross | Cruce MACD | Banda BB inferior | EMA semanal alcista
2026-09-21 19:43:04,IP,7,610.94,COMPRAR ★★,Golden Cross | RSI 37 rebote | Cruce MACD | BB zona baja | Stoch 46 | EMA semanal alcista
2026-09-21 19:43:04,WHR,4,566.96,OBSERVAR,Golden Cross | Cruce MACD | Banda BB inferior
2026-09-21 19:43:04,MTB,7,3904.97,COMPRAR ★★,Golden Cross | RSI 40 rebote | Cruce MACD | Banda BB inferior | EMA semanal alcista
2026-09-21 19:43:04,CRL,7,4784.76,COMPRAR ★★,EMA alcista | RSI 42 rebote | Cruce MACD | BB zona baja | EMA semanal alcista
2026-09-21 19:43:04,TRMB,6,997.01,COMPRAR ★★,EMA alcista | RSI 39 rebote | Cruce MACD | BB zona baja | Stoch 30
2026-09-21 19:43:04,AMD,7,10589.68,COMPRAR ★★,EMA alcista | MACD positivo | Volumen alto | EMA semanal alcista
2026-09-21 19:43:04,FUNO11.MX,8,29.37,COMPRAR ★★★,EMA alcista | RSI 52 óptimo | BB zona baja | Rebote EMA50 | EMA semanal alcista
2026-09-21 19:43:04,TLEVISACPO.MX,5,8.72,OBSERVAR,Golden Cross | RSI 43 rebote | MACD positivo | Cruce MACD
2026-09-21 19:43:04,AZO,6,48817.45,COMPRAR ★★,Golden Cross | RSI 33 rebote | Cruce MACD | Volumen alto | Banda BB inferior
2026-09-21 19:43:04,DXCM,6,1538.32,COMPRAR ★★,EMA alcista | RSI 45 rebote | Cruce MACD | EMA semanal alcista
2026-09-21 19:43:04,IBM,7,3961.77,COMPRAR ★★,Golden Cross | RSI 47 óptimo | Cruce MACD | BB zona baja | EMA semanal alcista
2026-09-21 19:43:04,DLTR,7,1947.54,COMPRAR ★★,Golden Cross | RSI 30 rebote | Cruce MACD | Banda BB inferior | EMA semanal alcista
2026-09-21 19:43:04,ACHR,8,93.72,COMPRAR ★★★,Golden Cross | RSI 41 rebote | Cruce MACD | BB zona baja | Stoch 39 | Rebote EMA50 | EMA semanal alcista
2026-09-21 19:43:04,CCJ,5,1613.45,OBSERVAR,Golden Cross | RSI 40 rebote | Cruce MACD | BB zona baja | Stoch 28
2026-09-21 19:43:04,MSFT,8,8607.55,COMPRAR ★★★,EMA alcista | RSI 46 óptimo | Cruce MACD | Stoch 48 | EMA semanal alcista
2026-09-21 19:43:04,BWA,8,1088.75,COMPRAR ★★★,Golden Cross | RSI 47 óptimo | Cruce MACD | BB zona baja | Rebote EMA50 | EMA semanal alcista
2026-09-21 19:43:04,STX,8,15016.44,COMPRAR ★★★,Golden Cross | RSI 56 óptimo | MACD positivo | Cruce MACD | EMA semanal alcista
2026-09-21 19:43:04,CAG,7,255.34,COMPRAR ★★,EMA alcista | Cruce MACD | BB zona baja | Rebote EMA50 | EMA semanal alcista
2026-09-21 19:43:04,AVY,9,2925.87,COMPRAR ★★★,EMA alcista | RSI 43 rebote | Cruce MACD | BB zona baja | Stoch 33 | Rebote EMA50 | EMA semanal alcista
2026-09-21 19:43:04,KR,6,1024.59,COMPRAR ★★,EMA alcista | RSI 58 óptimo | MACD positivo
2026-09-21 19:43:04,LNT,4,1118.01,OBSERVAR,Golden Cross | Cruce MACD | Banda BB inferior
2026-09-21 19:43:04,VIS.MC,5,1080.16,OBSERVAR,Golden Cross | Cruce MACD | BB zona baja | Stoch 24 | Rebote EMA50
2026-09-21 19:43:04,GILD,7,2599.36,COMPRAR ★★,EMA alcista | RSI 62 óptimo | Cruce MACD | EMA semanal alcista
2026-09-21 19:43:04,FCX,8,1240.38,COMPRAR ★★★,EMA alcista | RSI 41 rebote | Cruce MACD | BB zona baja | Stoch 43 | EMA semanal alcista
2026-09-21 19:43:04,GPN,9,1465.69,COMPRAR ★★★,EMA alcista | RSI 36 rebote | Cruce MACD | Banda BB inferior | Rebote EMA50 | EMA semanal alcista
2026-09-21 19:43:04,AEP,5,2067.33,OBSERVAR,Golden Cross | RSI 39 rebote | Cruce MACD | Banda BB inferior
2026-09-21 19:43:04,BILL,9,812.41,COMPRAR ★★★,EMA alcista | RSI 43 rebote | Cruce MACD | Banda BB inferior | Stoch 24 | EMA semanal alcista
2026-09-21 19:43:04,REGN,9,13721.23,COMPRAR ★★★,EMA alcista | RSI 49 óptimo | Cruce MACD | BB zona baja | Stoch 31 | EMA semanal alcista
2026-09-21 19:43:04,SMSNN.MX,8,80347.55,COMPRAR ★★★,EMA alcista | RSI 46 óptimo | Volumen alto | BB zona baja | EMA semanal alcista
2026-09-21 19:43:04,REP.MC,8,577.4,COMPRAR ★★★,EMA alcista | RSI 63 óptimo | MACD positivo | EMA semanal alcista
2026-09-21 19:43:04,IAG.MC,7,99.41,COMPRAR ★★,Golden Cross | RSI 56 óptimo | MACD positivo | EMA semanal alcista
2026-09-21 19:43:04,USB,10,1041.14,COMPRAR ★★★,EMA alcista | RSI 44 rebote | Cruce MACD | Banda BB inferior | Stoch 34 | Rebote EMA50 | EMA semanal alcista
2026-09-21 19:43:04,TFX,6,2138.94,COMPRAR ★★,Golden Cross | Cruce MACD | Banda BB inferior | EMA semanal alcista
2026-09-21 19:43:04,WU,4,106.8,OBSERVAR,Golden Cross | Cruce MACD | Banda BB inferior
2026-09-21 19:43:04,ACX.MC,9,341.43,COMPRAR ★★★,EMA alcista | RSI 43 rebote | Cruce MACD | Banda BB inferior | Rebote EMA50 | EMA semanal alcista
2026-09-21 19:43:04,PFG,8,2003.58,COMPRAR ★★★,EMA alcista | RSI 64 óptimo | MACD positivo | EMA semanal alcista
2026-09-21 19:43:04,LIN,4,7873.11,OBSERVAR,Golden Cross | Cruce MACD | Banda BB inferior
2026-09-21 19:43:04,CTVA,8,1361.81,COMPRAR ★★★,EMA alcista | RSI 36 rebote | Cruce MACD | Banda BB inferior | EMA semanal alcista
2026-09-21 19:43:04,GE,7,5513.0,COMPRAR ★★,Golden Cross | RSI 37 rebote | Cruce MACD | BB zona baja | Stoch 38 | EMA semanal alcista
2026-09-21 19:43:04,AC.MX,7,197.0,COMPRAR ★★,Golden Cross | RSI 55 óptimo | MACD positivo | EMA semanal alcista
2026-09-21 19:43:04,GLD,6,6863.28,COMPRAR ★★,EMA alcista | RSI 43 rebote | Cruce MACD | BB zona baja | Stoch 41
2026-09-21 19:43:04,EIX,6,947.18,COMPRAR ★★,Golden Cross | RSI 53 óptimo | Cruce MACD | BB zona baja | Stoch 34
2026-09-21 19:43:04,DHI,7,2401.16,COMPRAR ★★,Golden Cross | RSI 41 rebote | Cruce MACD | BB zona baja | Stoch 46 | EMA semanal alcista
2026-09-21 19:43:04,VTR,6,1494.35,COMPRAR ★★,Golden Cross | Cruce MACD | Banda BB inferior | EMA semanal alcista
2026-09-21 19:43:04,MAR,8,5896.31,COMPRAR ★★★,Golden Cross | RSI 51 óptimo | MACD positivo | Rebote EMA50 | EMA semanal alcista
2026-09-21 19:43:04,NSC,6,5325.74,COMPRAR ★★,Golden Cross | Cruce MACD | Banda BB inferior | EMA semanal alcista
2026-09-21 19:43:04,ATO,4,2735.33,OBSERVAR,Golden Cross | Cruce MACD | Banda BB inferior
2026-09-21 19:43:04,NTRS,10,3072.05,COMPRAR ★★★,EMA alcista | RSI 39 rebote | Cruce MACD | Banda BB inferior | Stoch 25 | Rebote EMA50 | EMA semanal alcista
2026-09-21 19:43:04,INTC,8,2106.92,COMPRAR ★★★,EMA alcista | Golden Cross | MACD positivo | Volumen alto | EMA semanal alcista
2026-09-21 19:43:04,JNJ,7,4641.73,COMPRAR ★★,EMA alcista | RSI 56 óptimo | Cruce MACD | EMA semanal alcista
2026-09-21 19:43:04,T,7,438.3,COMPRAR ★★,EMA alcista | RSI 45 óptimo | Cruce MACD | BB zona baja | Stoch 31
2026-09-21 19:43:04,HPE,8,1052.94,COMPRAR ★★★,EMA alcista | RSI 62 óptimo | MACD positivo | EMA semanal alcista
2026-09-21 19:43:04,PINFRA.MX,6,261.67,COMPRAR ★★,Golden Cross | RSI 50 óptimo | Cruce MACD | Stoch 36 | Rebote EMA50
2026-09-21 19:43:04,ROL,4,559.87,OBSERVAR,Golden Cross | Cruce MACD | Banda BB inferior
2026-09-21 19:43:04,ISRG,3,6939.71,EVITAR,Golden Cross | MACD positivo
2026-09-21 19:43:04,BABA,6,1996.68,COMPRAR ★★,Golden Cross | RSI 55 óptimo | MACD positivo | Cruce MACD
2026-09-21 19:43:04,MKC,6,845.63,COMPRAR ★★,Golden Cross | Cruce MACD | Banda BB inferior | EMA semanal alcista
2026-09-21 19:43:04,PWR,7,11116.37,COMPRAR ★★,Golden Cross | RSI 62 óptimo | MACD positivo | EMA semanal alcista
2026-09-21 19:43:04,LUV,6,715.93,COMPRAR ★★,Golden Cross | MACD positivo | Rebote EMA50 | EMA semanal alcista
2026-09-21 19:43:04,AIG,9,1283.67,COMPRAR ★★★,Golden Cross | RSI 42 rebote | MACD positivo | Banda BB inferior | Rebote EMA50 | EMA semanal alcista
2026-09-21 19:43:04,SAN.MC,7,251.58,COMPRAR ★★,EMA alcista | RSI 54 óptimo | Cruce MACD | EMA semanal alcista
2026-09-21 19:43:04,TCEHY,6,959.74,COMPRAR ★★,Golden Cross | RSI 43 rebote | MACD positivo | Cruce MACD | Rebote EMA50
2026-09-21 19:43:04,DANHOS13.MX,7,29.31,COMPRAR ★★,EMA alcista | RSI 52 óptimo | Cruce MACD | EMA semanal alcista
2026-09-21 19:43:04,PSX,6,4491.82,COMPRAR ★★,EMA alcista | RSI 63 óptimo | EMA semanal alcista
2026-09-21 19:43:04,GEV,8,16363.36,COMPRAR ★★★,Golden Cross | RSI 58 óptimo | MACD positivo | Rebote EMA50 | EMA semanal alcista
2026-09-21 19:43:04,ALPEKA.MX,6,14.8,COMPRAR ★★,EMA alcista | MACD positivo | EMA semanal alcista
2026-09-21 19:43:04,DIA,9,8953.51,COMPRAR ★★★,EMA alcista | RSI 40 rebote | Cruce MACD | BB zona baja | Stoch 36 | Rebote EMA50 | EMA semanal alcista
2026-09-21 19:43:04,AVGO,9,6255.36,COMPRAR ★★★,Golden Cross | RSI 46 óptimo | MACD positivo | Cruce MACD | Rebote EMA50 | EMA semanal alcista
2026-09-21 19:43:04,PHM,7,2052.36,COMPRAR ★★,Golden Cross | RSI 35 rebote | Cruce MACD | BB zona baja | Stoch 39 | EMA semanal alcista
2026-09-21 19:43:04,GS,8,16518.53,COMPRAR ★★★,Golden Cross | RSI 36 rebote | Cruce MACD | Banda BB inferior | Stoch 31 | EMA semanal alcista
2026-09-21 19:43:04,TMO,6,11329.63,COMPRAR ★★,EMA alcista | MACD positivo | EMA semanal alcista
2026-09-21 19:43:04,CIE.MC,6,506.51,COMPRAR ★★,Golden Cross | RSI 55 óptimo | MACD positivo | Rebote EMA50
2026-09-21 19:43:04,ALGN,5,2547.12,OBSERVAR,Golden Cross | RSI 33 rebote | Cruce MACD | Banda BB inferior
2026-09-21 19:43:04,IT,7,3160.81,COMPRAR ★★,EMA alcista | RSI 42 rebote | Cruce MACD | BB zona baja | EMA semanal alcista
2026-09-21 19:43:04,AEE,4,1749.77,OBSERVAR,Golden Cross | Cruce MACD | Banda BB inferior
2026-09-21 19:43:04,WAB,7,4866.0,COMPRAR ★★,EMA alcista | RSI 45 rebote | Cruce MACD | Rebote EMA50 | EMA semanal alcista
2026-09-21 19:43:04,ADBE,7,4283.81,COMPRAR ★★,EMA alcista | Cruce MACD | BB zona baja | Rebote EMA50 | EMA semanal alcista
2026-09-21 19:43:04,EFX,6,2730.86,COMPRAR ★★,Golden Cross | Cruce MACD | Banda BB inferior | EMA semanal alcista
2026-09-21 19:43:04,HDB,5,407.24,OBSERVAR,Golden Cross | RSI 58 óptimo | MACD positivo
2026-09-21 19:43:04,WDAY,7,3314.08,COMPRAR ★★,EMA alcista | RSI 46 óptimo | Cruce MACD | EMA semanal alcista
2026-09-21 19:43:04,KWEB,5,434.52,OBSERVAR,Golden Cross | RSI 43 rebote | MACD positivo | Cruce MACD
2026-09-21 19:43:04,AMT,8,3005.22,COMPRAR ★★★,EMA alcista | RSI 48 óptimo | Cruce MACD | BB zona baja | EMA semanal alcista
2026-09-21 19:43:04,IR,5,1246.75,OBSERVAR,Golden Cross | RSI 30 rebote | Cruce MACD | BB zona baja | Stoch 25
2026-09-21 19:43:04,HAS,7,1507.17,COMPRAR ★★,EMA alcista | Cruce MACD | Banda BB inferior | EMA semanal alcista
2026-09-21 19:43:04,EWG,9,734.18,COMPRAR ★★★,EMA alcista | RSI 33 rebote | Cruce MACD | BB zona baja | Stoch 32 | Rebote EMA50 | EMA semanal alcista
2026-09-21 19:43:04,GOOG,7,6060.0,COMPRAR ★★,Golden Cross | RSI 65 óptimo | MACD positivo | EMA semanal alcista
2026-09-21 19:43:04,EWQ,9,761.89,COMPRAR ★★★,Golden Cross | RSI 32 rebote | Cruce MACD | Volumen alto | BB zona baja | Stoch 27 | Rebote EMA50 | EMA semanal alcista
2026-09-21 19:43:04,DUK,5,2009.38,OBSERVAR,Golden Cross | RSI 34 rebote | Cruce MACD | Banda BB inferior
2026-09-21 19:43:04,COP,6,2200.47,COMPRAR ★★,EMA alcista | RSI 42 rebote | Cruce MACD | Banda BB inferior
2026-09-21 19:43:04,FIBRAHD15.MX,6,2.1,VENDER,Golden Cross | RSI 39 rebote | Cruce MACD | Volumen alto | Banda BB inferior | 🛑 Stop Loss -10.3%
2026-09-21 19:43:04,DVA,8,3164.68,COMPRAR ★★★,Golden Cross | RSI 60 óptimo | MACD positivo | Stoch 41 | EMA semanal alcista
2026-09-21 19:43:04,TGT,7,2717.26,COMPRAR ★★,EMA alcista | RSI 45 rebote | Cruce MACD | BB zona baja | EMA semanal alcista
2026-09-28 19:33:45,LCID,5,70.05,OBSERVAR,Golden Cross | MACD positivo | Banda BB inferior
2026-09-28 19:33:45,NU,7,220.57,COMPRAR ★★,Golden Cross | Cruce MACD | Volumen alto | Banda BB inferior | EMA semanal alcista
2026-09-28 19:33:45,NFLX,5,1236.03,OBSERVAR,Golden Cross | RSI 31 rebote | Cruce MACD | Banda BB inferior
2026-09-28 19:33:45,XLP,8,1476.59,COMPRAR ★★★,Golden Cross | RSI 42 rebote | Cruce MACD | BB zona baja | Stoch 33 | Rebote EMA50 | EMA semanal alcista
2026-09-28 19:33:45,IBB,9,3791.14,COMPRAR ★★★,EMA alcista | RSI 56 óptimo | MACD positivo | Cruce MACD | EMA semanal alcista
2026-09-28 19:33:45,PM,6,3472.35,COMPRAR ★★,EMA alcista | MACD positivo | EMA semanal alcista
2026-09-28 19:33:45,FTV,7,999.76,COMPRAR ★★,Golden Cross | RSI 45 óptimo | MACD positivo | EMA semanal alcista
2026-09-28 19:33:45,UAL,8,2009.21,COMPRAR ★★★,Golden Cross | RSI 57 óptimo | MACD positivo | Rebote EMA50 | EMA semanal alcista
2026-09-28 19:33:45,SBUX,6,1713.57,COMPRAR ★★,Golden Cross | Cruce MACD | BB zona baja | Stoch 31 | EMA semanal alcista
2026-09-28 19:33:45,TSLA,5,6416.21,OBSERVAR,EMA alcista | RSI 42 rebote | BB zona baja | Rebote EMA50
2026-09-28 19:33:45,ABBV,6,4790.54,COMPRAR ★★,EMA alcista | MACD positivo | EMA semanal alcista
2026-09-28 19:33:45,CIBR,6,1828.29,COMPRAR ★★,EMA alcista | MACD positivo | EMA semanal alcista
2026-09-28 19:33:45,DBC,7,582.76,COMPRAR ★★,EMA alcista | RSI 51 óptimo | Cruce MACD | EMA semanal alcista
2026-09-28 19:33:45,ELE.MC,7,857.27,COMPRAR ★★,EMA alcista | RSI 54 óptimo | Cruce MACD | EMA semanal alcista
2026-09-28 19:33:45,SHW,7,5974.18,COMPRAR ★★,Golden Cross | RSI 57 óptimo | MACD positivo | EMA semanal alcista
2026-09-28 19:33:45,EMR,8,2858.47,COMPRAR ★★★,EMA alcista | RSI 63 óptimo | MACD positivo | EMA semanal alcista
2026-09-28 19:33:45,HPQ,8,564.02,COMPRAR ★★★,EMA alcista | RSI 52 óptimo | Cruce MACD | BB zona baja | EMA semanal alcista
2026-09-28 19:33:45,VRSN,10,5040.44,COMPRAR ★★★,EMA alcista | RSI 49 óptimo | Cruce MACD | Banda BB inferior | Rebote EMA50 | EMA semanal alcista
2026-09-28 19:33:45,REGN,9,13573.32,COMPRAR ★★★,EMA alcista | RSI 32 rebote | Cruce MACD | Banda BB inferior | Rebote EMA50 | EMA semanal alcista
2026-09-28 19:33:45,HSIC,9,1540.91,COMPRAR ★★★,EMA alcista | RSI 39 rebote | Cruce MACD | BB zona baja | Stoch 35 | Rebote EMA50 | EMA semanal alcista
2026-09-28 19:33:45,SMR,4,143.07,OBSERVAR,Golden Cross | Cruce MACD | Banda BB inferior
2026-09-28 19:33:45,TROW,7,1860.14,COMPRAR ★★,Golden Cross | RSI 32 rebote | MACD positivo | BB zona baja | EMA semanal alcista
2026-09-28 19:33:45,GOLD,8,774.44,COMPRAR ★★★,EMA alcista | RSI 40 rebote | Cruce MACD | BB zona baja | Rebote EMA50 | EMA semanal alcista
2026-09-28 19:33:45,DHR,6,4081.57,COMPRAR ★★,EMA alcista | MACD positivo | EMA semanal alcista
2026-09-28 19:33:45,LABB.MX,4,12.91,OBSERVAR,Golden Cross | RSI 43 rebote | MACD positivo
2026-09-28 19:33:45,IEX,8,4149.21,COMPRAR ★★★,EMA alcista | RSI 61 óptimo | MACD positivo | EMA semanal alcista
2026-09-28 19:33:45,SNOW,7,5971.85,COMPRAR ★★,EMA alcista | RSI 48 óptimo | Cruce MACD | EMA semanal alcista
2026-09-28 19:33:45,APA,9,759.55,COMPRAR ★★★,EMA alcista | RSI 46 óptimo | Cruce MACD | Banda BB inferior | EMA semanal alcista
2026-09-28 19:33:45,HSY,4,2951.93,OBSERVAR,Golden Cross | Cruce MACD | Banda BB inferior
2026-09-28 19:33:45,FE,4,771.22,OBSERVAR,Golden Cross | Cruce MACD | Banda BB inferior
2026-09-28 19:33:45,LVS,4,693.72,OBSERVAR,Golden Cross | Cruce MACD | Banda BB inferior
2026-09-28 19:33:45,HLT,5,5759.99,OBSERVAR,Golden Cross | MACD positivo | EMA semanal alcista
2026-09-28 19:33:45,ADI,7,7084.09,COMPRAR ★★,EMA alcista | Golden Cross | MACD positivo | EMA semanal alcista
2026-09-28 19:33:45,IP,7,615.86,COMPRAR ★★,Golden Cross | RSI 37 rebote | MACD positivo | BB zona baja | EMA semanal alcista
2026-09-28 19:33:45,LMT,5,9280.51,OBSERVAR,Golden Cross | RSI 36 rebote | Cruce MACD | Banda BB inferior
2026-09-28 19:33:45,EBAY,8,1929.56,COMPRAR ★★★,EMA alcista | RSI 57 óptimo | MACD positivo | EMA semanal alcista
2026-09-28 19:33:45,MEL.MC,8,203.92,COMPRAR ★★★,Golden Cross | RSI 56 óptimo | MACD positivo | Rebote EMA50 | EMA semanal alcista
2026-09-28 19:33:45,Q.MX,8,153.53,COMPRAR ★★★,Golden Cross | RSI 49 óptimo | MACD positivo | BB zona baja | Stoch 48 | Rebote EMA50
2026-09-28 19:33:45,SYK,8,4942.67,COMPRAR ★★★,Golden Cross | RSI 49 óptimo | MACD positivo | Cruce MACD | BB zona baja | Stoch 36
2026-09-28 19:33:45,VWO,8,1071.97,COMPRAR ★★★,EMA alcista | RSI 40 rebote | Cruce MACD | BB zona baja | Rebote EMA50 | EMA semanal alcista
2026-09-28 19:33:45,LIT,4,1226.43,OBSERVAR,Golden Cross | Cruce MACD | Banda BB inferior
2026-09-28 19:33:45,ALL,6,4076.91,COMPRAR ★★,Golden Cross | Cruce MACD | Banda BB inferior | EMA semanal alcista
2026-09-28 19:33:45,ACHR,5,93.91,OBSERVAR,RSI 36 rebote | Banda BB inferior | EMA semanal alcista
2026-09-28 19:33:45,IQV,5,4866.87,OBSERVAR,EMA alcista | Cruce MACD | EMA semanal alcista
2026-09-28 19:33:45,MPWR,7,24156.85,COMPRAR ★★,Golden Cross | RSI 63 óptimo | MACD positivo | EMA semanal alcista
2026-09-28 19:33:45,RCL,8,4387.08,COMPRAR ★★★,Golden Cross | RSI 36 rebote | MACD positivo | Cruce MACD | BB zona baja | EMA semanal alcista
2026-09-28 19:33:45,OKLO,5,669.5,OBSERVAR,Golden Cross | RSI 34 rebote | MACD positivo | BB zona baja
2026-09-28 19:33:45,SPGI,6,7114.05,COMPRAR ★★,Golden Cross | Cruce MACD | Banda BB inferior | EMA semanal alcista
2026-09-28 19:33:45,KRE,6,1267.06,COMPRAR ★★,Golden Cross | Cruce MACD | Banda BB inferior | EMA semanal alcista
2026-09-28 19:33:45,ITW,7,4922.48,COMPRAR ★★,Golden Cross | RSI 61 óptimo | MACD positivo | EMA semanal alcista
2026-09-28 19:33:45,WHR,4,565.27,OBSERVAR,Golden Cross | Cruce MACD | Banda BB inferior
2026-09-28 19:33:45,FISV,4,826.56,OBSERVAR,Golden Cross | Cruce MACD | Banda BB inferior
2026-09-28 19:33:45,FCX,7,1297.92,COMPRAR ★★,EMA alcista | RSI 36 rebote | Cruce MACD | Stoch 48 | EMA semanal alcista
2026-09-28 19:33:45,ASML,7,31916.18,COMPRAR ★★,Golden Cross | RSI 52 óptimo | MACD positivo | EMA semanal alcista
2026-09-28 19:33:45,TSCO,6,578.19,COMPRAR ★★,Golden Cross | RSI 30 rebote | Cruce MACD | BB zona baja | Stoch 24 | Rebote EMA50
2026-09-28 19:33:45,BR,8,2919.82,COMPRAR ★★★,EMA alcista | RSI 39 rebote | Cruce MACD | BB zona baja | Rebote EMA50 | EMA semanal alcista
2026-09-28 19:33:45,BLK,8,19213.11,COMPRAR ★★★,Golden Cross | RSI 44 rebote | MACD positivo | BB zona baja | Rebote EMA50 | EMA semanal alcista
2026-09-28 19:33:45,GL,7,2995.16,COMPRAR ★★,Golden Cross | RSI 36 rebote | Cruce MACD | Banda BB inferior | EMA semanal alcista
2026-09-28 19:33:45,JNJ,7,4879.88,COMPRAR ★★,EMA alcista | RSI 62 óptimo | Cruce MACD | EMA semanal alcista
2026-09-28 19:33:45,C,6,2363.59,COMPRAR ★★,RSI 38 rebote | Cruce MACD | BB zona baja | Rebote EMA50 | EMA semanal alcista
2026-09-28 19:33:45,ANET,8,3673.09,COMPRAR ★★★,EMA alcista | RSI 59 óptimo | MACD positivo | EMA semanal alcista
2026-09-28 19:33:45,NVDA,8,4110.32,COMPRAR ★★★,EMA alcista | RSI 54 óptimo | MACD positivo | EMA semanal alcista
2026-09-28 19:33:45,MNDY,8,1419.01,COMPRAR ★★★,EMA alcista | RSI 45 rebote | Cruce MACD | Banda BB inferior | EMA semanal alcista
2026-09-28 19:33:45,BBY,7,1619.93,COMPRAR ★★,EMA alcista | RSI 54 óptimo | Cruce MACD | EMA semanal alcista
2026-09-28 19:33:45,EWQ,5,785.75,OBSERVAR,Golden Cross | Cruce MACD | BB zona baja | EMA semanal alcista
2026-09-28 19:33:45,ZM,6,1575.6,COMPRAR ★★,Golden Cross | Cruce MACD | Banda BB inferior | EMA semanal alcista
2026-09-28 19:33:45,LNT,4,1130.0,OBSERVAR,Golden Cross | Cruce MACD | Banda BB inferior
2026-09-28 19:33:45,APD,5,5042.05,OBSERVAR,Golden Cross | Cruce MACD | BB zona baja | EMA semanal alcista
2026-09-28 19:33:45,CE,6,829.7,COMPRAR ★★,Golden Cross | RSI 56 óptimo | MACD positivo | Rebote EMA50
2026-09-28 19:33:45,KEYS,8,6452.27,COMPRAR ★★★,EMA alcista | RSI 63 óptimo | MACD positivo | EMA semanal alcista
2026-09-28 19:33:45,AMP,6,8868.44,COMPRAR ★★,Golden Cross | Cruce MACD | Banda BB inferior | EMA semanal alcista
2026-09-28 19:33:45,FXI,6,613.98,COMPRAR ★★,Golden Cross | RSI 41 rebote | Cruce MACD | BB zona baja | Stoch 28 | Rebote EMA50
2026-09-28 19:33:45,ACS.MC,4,1886.23,OBSERVAR,Golden Cross | MACD positivo | BB zona baja
2026-09-28 19:33:45,XHB,7,1754.29,COMPRAR ★★,Golden Cross | RSI 43 rebote | MACD positivo | Stoch 50 | EMA semanal alcista
2026-09-28 19:33:45,ITX.MC,8,1087.69,COMPRAR ★★★,Golden Cross | MACD positivo | Cruce MACD | BB zona baja | Stoch 48 | EMA semanal alcista
2026-09-28 19:33:45,XEL,4,1244.64,OBSERVAR,Golden Cross | Cruce MACD | Banda BB inferior
2026-09-28 19:33:45,DD,6,2352.22,COMPRAR ★★,Golden Cross | RSI 49 óptimo | MACD positivo | Rebote EMA50
2026-09-28 19:33:45,GLD,5,6795.45,OBSERVAR,RSI 33 rebote | Cruce MACD | Volumen alto | Banda BB inferior
2026-09-28 19:33:45,INCY,7,2257.05,COMPRAR ★★,EMA alcista | RSI 53 óptimo | Cruce MACD | EMA semanal alcista
2026-09-28 19:33:45,UPST,6,413.68,COMPRAR ★★,Golden Cross | Cruce MACD | Banda BB inferior | EMA semanal alcista
2026-09-28 19:33:45,ASURB.MX,6,436.19,COMPRAR ★★,Golden Cross | RSI 45 óptimo | MACD positivo | Rebote EMA50
2026-09-28 19:33:45,TRMB,7,1032.77,COMPRAR ★★,EMA alcista | RSI 44 rebote | Cruce MACD | BB zona baja | Stoch 40 | Rebote EMA50
2026-09-28 19:33:45,PWR,7,11566.61,COMPRAR ★★,Golden Cross | RSI 52 óptimo | MACD positivo | EMA semanal alcista
2026-09-28 19:33:45,BBAJIOO.MX,7,57.62,COMPRAR ★★,EMA alcista | RSI 51 óptimo | Cruce MACD | EMA semanal alcista
2026-09-28 19:33:45,DE,7,12377.12,COMPRAR ★★,EMA alcista | RSI 55 óptimo | Cruce MACD | EMA semanal alcista
2026-09-28 19:33:45,NTRS,7,3117.87,COMPRAR ★★,Golden Cross | RSI 31 rebote | Cruce MACD | Banda BB inferior | EMA semanal alcista
2026-09-28 19:33:45,DHI,8,2522.28,COMPRAR ★★★,Golden Cross | RSI 54 óptimo | MACD positivo | Rebote EMA50 | EMA semanal alcista
2026-09-28 19:33:45,SAP,8,3752.75,COMPRAR ★★★,EMA alcista | RSI 47 óptimo | Cruce MACD | BB zona baja | EMA semanal alcista
2026-09-28 19:33:45,HRL,7,357.08,COMPRAR ★★,Golden Cross | Cruce MACD | Banda BB inferior | Stoch 26 | EMA semanal alcista
2026-09-28 19:33:45,CTAS,7,3597.12,COMPRAR ★★,EMA alcista | RSI 50 óptimo | Cruce MACD | EMA semanal alcista
2026-09-28 19:33:45,FLR,7,884.95,COMPRAR ★★,EMA alcista | Cruce MACD | Banda BB inferior | EMA semanal alcista
2026-09-28 19:33:45,IFF,8,1539.92,COMPRAR ★★★,EMA alcista | RSI 54 óptimo | MACD positivo | EMA semanal alcista
2026-09-28 19:33:45,CAT,8,14685.38,COMPRAR ★★★,Golden Cross | RSI 49 óptimo | MACD positivo | Rebote EMA50 | EMA semanal alcista
2026-09-28 19:33:45,CNC,8,1119.24,COMPRAR ★★★,EMA alcista | RSI 43 rebote | Cruce MACD | Banda BB inferior | EMA semanal alcista
2026-09-28 19:33:45,FAST,8,910.34,COMPRAR ★★★,EMA alcista | RSI 64 óptimo | MACD positivo | EMA semanal alcista
2026-09-28 19:33:45,AVGO,8,6279.87,COMPRAR ★★★,Golden Cross | RSI 38 rebote | MACD positivo | BB zona baja | Stoch 46 | EMA semanal alcista
2026-09-28 19:33:45,L,6,1876.64,COMPRAR ★★,Golden Cross | Cruce MACD | Banda BB inferior | EMA semanal alcista
2026-09-28 19:33:45,PCG,4,215.45,OBSERVAR,Golden Cross | Cruce MACD | Banda BB inferior
2026-09-28 19:33:45,PSA,7,5112.55,COMPRAR ★★,Golden Cross | RSI 35 rebote | Cruce MACD | Banda BB inferior | EMA semanal alcista
2026-09-28 19:33:45,GD,6,5987.28,COMPRAR ★★,Golden Cross | Cruce MACD | Banda BB inferior | EMA semanal alcista
2026-09-28 19:33:45,CAG,5,254.29,OBSERVAR,Cruce MACD | Banda BB inferior | EMA semanal alcista
2026-09-28 19:33:45,WMT,6,1951.36,COMPRAR ★★,Golden Cross | RSI 60 óptimo | MACD positivo | Rebote EMA50
2026-09-28 19:33:45,XLU,4,704.12,OBSERVAR,Golden Cross | Cruce MACD | Banda BB inferior
2026-09-28 19:33:45,JKHY,6,2652.7,COMPRAR ★★,RSI 33 rebote | Cruce MACD | Banda BB inferior | EMA semanal alcista
2026-09-28 19:33:45,FDS,7,4772.51,COMPRAR ★★,EMA alcista | RSI 36 rebote | Cruce MACD | BB zona baja | EMA semanal alcista
2026-09-28 19:33:45,MMM,7,3039.83,COMPRAR ★★,Golden Cross | RSI 53 óptimo | MACD positivo | EMA semanal alcista
2026-09-28 19:33:45,XLK,8,3493.16,COMPRAR ★★★,EMA alcista | RSI 63 óptimo | MACD positivo | EMA semanal alcista
2026-09-28 19:33:45,FIBRAHD15.MX,5,2.08,VENDER,Golden Cross | RSI 33 rebote | Cruce MACD | Banda BB inferior | 🛑 Stop Loss -11.1%
2026-09-28 19:33:45,INTC,8,2078.28,COMPRAR ★★★,EMA alcista | RSI 59 óptimo | MACD positivo | EMA semanal alcista
2026-09-28 19:33:45,FMTY14.MX,6,14.11,COMPRAR ★★,Golden Cross | RSI 57 óptimo | MACD positivo | Rebote EMA50
2026-09-28 19:33:45,RHI,6,657.3,COMPRAR ★★,RSI 36 rebote | Cruce MACD | BB zona baja | Stoch 31 | EMA semanal alcista
2026-09-28 19:33:45,HERDEZ.MX,6,56.45,COMPRAR ★★,EMA alcista | Golden Cross | MACD positivo | Volumen alto
2026-09-28 19:33:45,KR,5,1075.47,OBSERVAR,EMA alcista | RSI 60 óptimo | Cruce MACD
2026-09-28 19:33:45,ALB,4,1929.2,OBSERVAR,Golden Cross | Cruce MACD | Banda BB inferior
2026-09-28 19:33:45,SAN.MC,8,254.94,COMPRAR ★★★,EMA alcista | RSI 39 rebote | Cruce MACD | Banda BB inferior | EMA semanal alcista
2026-09-28 19:33:45,XOM,8,2905.65,COMPRAR ★★★,EMA alcista | RSI 52 óptimo | Cruce MACD | Stoch 44 | EMA semanal alcista
2026-09-28 19:33:45,COST,6,16519.5,COMPRAR ★★,Golden Cross | RSI 56 óptimo | MACD positivo | Rebote EMA50
2026-09-28 19:33:45,TXT,6,1386.54,COMPRAR ★★,Golden Cross | RSI 39 rebote | Cruce MACD | Banda BB inferior | Stoch 24
2026-09-28 19:33:45,AKAM,6,1960.78,COMPRAR ★★,Golden Cross | RSI 54 óptimo | MACD positivo | Volumen alto
2026-09-28 19:33:45,GS,6,16444.79,COMPRAR ★★,Golden Cross | Cruce MACD | Banda BB inferior | EMA semanal alcista
2026-09-28 19:33:45,LOG.MC,8,728.8,COMPRAR ★★★,EMA alcista | RSI 54 óptimo | MACD positivo | EMA semanal alcista
2026-09-28 19:33:45,IDXX,6,9456.76,COMPRAR ★★,Golden Cross | RSI 55 óptimo | MACD positivo | Rebote EMA50
2026-09-28 19:33:45,DXCM,8,1550.14,COMPRAR ★★★,EMA alcista | RSI 57 óptimo | Cruce MACD | BB zona baja | EMA semanal alcista
2026-09-28 19:33:45,AIZ,5,4724.34,OBSERVAR,Cruce MACD | Banda BB inferior | EMA semanal alcista
2026-09-28 19:33:45,ENG.MC,8,340.34,COMPRAR ★★★,Golden Cross | RSI 52 óptimo | MACD positivo | Rebote EMA50 | EMA semanal alcista
2026-09-28 19:33:45,KMB,9,1771.31,COMPRAR ★★★,Golden Cross | RSI 32 rebote | MACD positivo | Cruce MACD | BB zona baja | Stoch 47 | EMA semanal alcista
2026-09-28 19:33:45,CMS,4,1124.44,OBSERVAR,Golden Cross | Cruce MACD | Banda BB inferior
2026-09-28 19:33:45,MGM,7,569.4,COMPRAR ★★,Golden Cross | Cruce MACD | Volumen alto | Banda BB inferior | EMA semanal alcista
2026-09-28 19:33:45,PG,8,2674.95,COMPRAR ★★★,EMA alcista | RSI 60 óptimo | MACD positivo | EMA semanal alcista
2026-09-28 19:33:45,OTIS,5,1188.67,OBSERVAR,Golden Cross | RSI 36 rebote | Cruce MACD | Banda BB inferior
2026-09-28 19:33:45,NXPI,8,4245.23,COMPRAR ★★★,Golden Cross | RSI 60 óptimo | MACD positivo | Rebote EMA50 | EMA semanal alcista
2026-09-28 19:33:45,WY,4,353.68,OBSERVAR,Golden Cross | Cruce MACD | Banda BB inferior
2026-09-28 19:33:45,NTAP,8,3655.33,COMPRAR ★★★,EMA alcista | RSI 63 óptimo | MACD positivo | EMA semanal alcista
2026-09-28 19:33:45,GILD,5,2733.88,OBSERVAR,EMA alcista | Cruce MACD | EMA semanal alcista
2026-09-28 19:33:45,CRM,9,4114.76,COMPRAR ★★★,EMA alcista | RSI 34 rebote | Cruce MACD | Banda BB inferior | Stoch 20 | EMA semanal alcista
2026-09-28 19:33:45,AXP,7,5480.49,COMPRAR ★★,Golden Cross | RSI 31 rebote | Cruce MACD | Banda BB inferior | EMA semanal alcista
2026-09-28 19:33:45,MELI,6,30813.54,COMPRAR ★★,Golden Cross | Cruce MACD | Banda BB inferior | EMA semanal alcista
2026-09-28 19:33:45,CRWD,6,4657.79,COMPRAR ★★,EMA alcista | MACD positivo | EMA semanal alcista
2026-09-28 19:33:45,EWC,8,1060.4,COMPRAR ★★★,EMA alcista | Cruce MACD | Banda BB inferior | Rebote EMA50 | EMA semanal alcista
2026-09-28 19:33:45,URA,4,721.7,OBSERVAR,Golden Cross | Cruce MACD | Banda BB inferior
2026-09-28 19:33:45,DTE,4,2165.38,OBSERVAR,Golden Cross | Cruce MACD | Banda BB inferior
2026-09-28 19:33:45,NOW,9,2358.85,COMPRAR ★★★,EMA alcista | RSI 46 óptimo | Cruce MACD | Banda BB inferior | EMA semanal alcista
2026-09-28 19:33:45,EL,8,1717.41,COMPRAR ★★★,EMA alcista | RSI 38 rebote | Cruce MACD | BB zona baja | Stoch 44 | EMA semanal alcista
2026-09-28 19:33:45,ULTA,5,9894.12,OBSERVAR,EMA alcista | RSI 51 óptimo | Cruce MACD
2026-09-28 19:33:45,OMC,6,1344.2,COMPRAR ★★,Golden Cross | RSI 32 rebote | Cruce MACD | BB zona baja | EMA semanal alcista
2026-09-28 19:33:45,REP.MC,6,638.06,COMPRAR ★★,EMA alcista | MACD positivo | EMA semanal alcista
2026-09-28 19:33:45,JBHT,6,4077.63,COMPRAR ★★,Golden Cross | Cruce MACD | Banda BB inferior | EMA semanal alcista
2026-09-28 19:33:45,MTS.MC,10,1250.01,COMPRAR ★★★,EMA alcista | Cruce MACD | Volumen alto | Banda BB inferior | Stoch 21 | Rebote EMA50 | EMA semanal alcista
2026-09-28 19:33:45,ALK,8,719.73,COMPRAR ★★★,Golden Cross | RSI 47 óptimo | MACD positivo | BB zona baja | EMA semanal alcista
2026-09-28 19:33:45,SBAC,4,2931.48,OBSERVAR,Golden Cross | Cruce MACD | Banda BB inferior
2026-09-28 19:33:45,SMCI,8,755.97,COMPRAR ★★★,EMA alcista | RSI 54 óptimo | MACD positivo | EMA semanal alcista
2026-09-28 19:33:45,EXPE,8,4739.95,COMPRAR ★★★,Golden Cross | RSI 42 rebote | Cruce MACD | Banda BB inferior | Stoch 20 | EMA semanal alcista
2026-09-28 19:33:45,D,6,1080.94,COMPRAR ★★,Golden Cross | Cruce MACD | Banda BB inferior | EMA semanal alcista
2026-09-28 19:33:45,IBM,5,3970.53,OBSERVAR,Golden Cross | RSI 42 rebote | Cruce MACD | Banda BB inferior
2026-09-28 19:33:45,PNW,4,1636.16,OBSERVAR,Golden Cross | Cruce MACD | Banda BB inferior
2026-09-28 19:33:45,AMGN,6,7508.36,COMPRAR ★★,EMA alcista | MACD positivo | EMA semanal alcista
2026-09-28 19:33:45,WST,6,6765.31,COMPRAR ★★,EMA alcista | MACD positivo | EMA semanal alcista
2026-09-28 19:33:45,OKE,7,1593.56,COMPRAR ★★,EMA alcista | Cruce MACD | Banda BB inferior | EMA semanal alcista
2026-09-28 19:33:45,BRO,6,1079.77,COMPRAR ★★,Golden Cross | Cruce MACD | Banda BB inferior | EMA semanal alcista
2026-09-28 19:33:45,VFC,3,262.27,EVITAR,Golden Cross | MACD positivo
2026-09-28 19:33:45,CEG,3,4672.5,EVITAR,Golden Cross | Cruce MACD | BB zona baja
2026-09-28 19:33:45,PLD,7,2385.9,COMPRAR ★★,Golden Cross | RSI 33 rebote | Cruce MACD | Banda BB inferior | EMA semanal alcista
2026-09-28 19:33:45,EWJ,8,1738.24,COMPRAR ★★★,EMA alcista | RSI 46 óptimo | Cruce MACD | Stoch 46 | EMA semanal alcista
2026-09-28 19:33:45,CEMEXCPO.MX,4,17.12,OBSERVAR,Golden Cross | Cruce MACD | Banda BB inferior
2026-09-28 19:33:45,MCO,7,8236.21,COMPRAR ★★,Golden Cross | RSI 35 rebote | Cruce MACD | Banda BB inferior | EMA semanal alcista
2026-09-28 19:33:45,AWK,7,2305.93,COMPRAR ★★,EMA alcista | Cruce MACD | Banda BB inferior | EMA semanal alcista
2026-09-28 19:33:45,VZ,8,837.92,COMPRAR ★★★,EMA alcista | Cruce MACD | Banda BB inferior | Rebote EMA50 | EMA semanal alcista
2026-09-28 19:33:45,SLB,7,925.23,COMPRAR ★★,EMA alcista | Cruce MACD | BB zona baja | Rebote EMA50 | EMA semanal alcista
2026-09-28 19:33:45,ARKF,6,825.39,COMPRAR ★★,EMA alcista | RSI 50 óptimo | EMA semanal alcista
2026-09-28 19:33:45,PATH,6,219.94,COMPRAR ★★,RSI 32 rebote | Cruce MACD | BB zona baja | Stoch 20 | EMA semanal alcista
2026-09-28 19:33:45,TSM,8,8130.95,VENDER,EMA alcista | RSI 59 óptimo | MACD positivo | EMA semanal alcista | 🎯 Take Profit +15.5%
2026-09-28 19:33:45,J,10,2478.33,COMPRAR ★★★,EMA alcista | RSI 37 rebote | Cruce MACD | Banda BB inferior | Stoch 34 | Rebote EMA50 | EMA semanal alcista
2026-09-28 19:33:45,AAL,8,243.35,COMPRAR ★★★,Golden Cross | RSI 62 óptimo | MACD positivo | Rebote EMA50 | EMA semanal alcista
2026-09-28 19:33:45,DAL,5,1508.7,OBSERVAR,Golden Cross | MACD positivo | EMA semanal alcista
2026-09-28 19:33:45,AMCR,9,768.34,COMPRAR ★★★,Golden Cross | RSI 39 rebote | MACD positivo | Cruce MACD | Stoch 47 | Rebote EMA50 | EMA semanal alcista
2026-09-28 19:33:45,AMD,6,10906.98,COMPRAR ★★,EMA alcista | MACD positivo | EMA semanal alcista
2026-09-28 19:33:45,BDX,7,3293.5,COMPRAR ★★,EMA alcista | RSI 59 óptimo | Cruce MACD | EMA semanal alcista
2026-09-28 19:33:45,HST,7,408.75,COMPRAR ★★,Golden Cross | RSI 65 óptimo | MACD positivo | EMA semanal alcista
2026-09-28 19:33:45,SNPS,7,7548.9,COMPRAR ★★,Golden Cross | RSI 65 óptimo | MACD positivo | EMA semanal alcista
2026-09-28 19:33:45,SYY,6,1405.19,COMPRAR ★★,Golden Cross | RSI 44 rebote | Cruce MACD | BB zona baja | EMA semanal alcista
2026-09-28 19:33:45,FER.MC,4,992.26,OBSERVAR,Golden Cross | RSI 40 rebote | MACD positivo
2026-09-28 19:33:45,BKNG,6,2943.14,COMPRAR ★★,Golden Cross | Cruce MACD | BB zona baja | Stoch 33 | EMA semanal alcista
2026-09-28 19:33:45,GOOGL,8,6136.89,COMPRAR ★★★,Golden Cross | RSI 53 óptimo | MACD positivo | Rebote EMA50 | EMA semanal alcista
2026-09-28 19:33:45,NKE,4,655.6,OBSERVAR,Golden Cross | RSI 38 rebote | MACD positivo
2026-09-28 19:33:45,EW,8,1557.41,COMPRAR ★★★,Golden Cross | RSI 50 óptimo | Cruce MACD | BB zona baja | Rebote EMA50 | EMA semanal alcista
2026-09-28 19:33:45,GCC.MX,5,180.75,OBSERVAR,Golden Cross | RSI 31 rebote | MACD positivo | BB zona baja
2026-09-28 19:33:45,ED,4,1843.09,OBSERVAR,Golden Cross | Cruce MACD | Banda BB inferior
2026-09-28 19:33:45,IRM,8,1989.12,COMPRAR ★★★,Golden Cross | RSI 41 rebote | MACD positivo | Banda BB inferior | EMA semanal alcista
2026-09-28 19:33:45,ICLN,4,302.37,OBSERVAR,Golden Cross | Cruce MACD | Banda BB inferior
2026-09-28 19:33:45,SCHW,5,1756.99,OBSERVAR,Cruce MACD | Banda BB inferior | EMA semanal alcista
2026-09-28 19:33:45,PPL,4,574.6,OBSERVAR,Golden Cross | Cruce MACD | Banda BB inferior
2026-09-28 19:33:45,VOLARA.MX,6,12.19,COMPRAR ★★,Golden Cross | RSI 60 óptimo | MACD positivo | Rebote EMA50
2026-09-28 19:33:45,MDB,9,6165.06,COMPRAR ★★★,EMA alcista | RSI 47 óptimo | Volumen alto | Banda BB inferior | EMA semanal alcista
2026-09-28 19:33:45,CTVA,4,1397.39,OBSERVAR,Golden Cross | Cruce MACD | Banda BB inferior
2026-09-28 19:33:45,MA,8,10171.82,COMPRAR ★★★,EMA alcista | RSI 46 óptimo | Cruce MACD | BB zona baja | EMA semanal alcista
2026-09-28 19:33:45,CVS,6,1590.78,COMPRAR ★★,Golden Cross | Cruce MACD | BB zona baja | Stoch 31 | EMA semanal alcista
2026-09-28 19:33:45,AEE,4,1781.02,OBSERVAR,Golden Cross | Cruce MACD | Banda BB inferior
2026-09-28 19:33:45,LW,6,773.28,COMPRAR ★★,Golden Cross | Cruce MACD | Banda BB inferior | EMA semanal alcista
2026-09-28 19:33:45,MAP.MC,9,87.93,COMPRAR ★★★,EMA alcista | RSI 41 rebote | Cruce MACD | Banda BB inferior | Rebote EMA50 | EMA semanal alcista
2026-09-28 19:33:45,TTWO,7,3622.15,COMPRAR ★★,Golden Cross | RSI 38 rebote | Cruce MACD | Banda BB inferior | EMA semanal alcista
2026-09-28 19:33:45,DG,7,2236.86,COMPRAR ★★,EMA alcista | RSI 45 rebote | Cruce MACD | Stoch 43 | EMA semanal alcista
2026-09-28 19:33:45,HAS,7,1611.23,COMPRAR ★★,Golden Cross | RSI 48 óptimo | Cruce MACD | Rebote EMA50 | EMA semanal alcista
2026-09-28 19:33:45,KMI,6,549.75,COMPRAR ★★,Golden Cross | RSI 33 rebote | Cruce MACD | Banda BB inferior | Rebote EMA50
2026-09-28 19:33:45,DLTR,7,2084.56,COMPRAR ★★,Golden Cross | RSI 35 rebote | Cruce MACD | BB zona baja | Stoch 42 | EMA semanal alcista
2026-09-28 19:33:45,FDX,8,5186.01,COMPRAR ★★★,Golden Cross | RSI 30 rebote | Cruce MACD | Banda BB inferior | Stoch 28 | EMA semanal alcista
2026-09-28 19:33:45,CMCSA,4,389.91,OBSERVAR,Golden Cross | Cruce MACD | Banda BB inferior
2026-09-28 19:33:45,AFRM,6,1221.14,COMPRAR ★★,Golden Cross | RSI 42 rebote | Banda BB inferior | EMA semanal alcista
2026-09-28 19:33:45,TDG,6,19892.29,COMPRAR ★★,Golden Cross | RSI 39 rebote | MACD positivo | BB zona baja | Stoch 44
2026-09-28 19:33:45,MAS,8,1232.26,COMPRAR ★★★,Golden Cross | RSI 42 rebote | MACD positivo | BB zona baja | Stoch 46 | EMA semanal alcista
2026-09-28 19:33:45,BKR,3,1028.2,EVITAR,Golden Cross | Cruce MACD | BB zona baja
2026-09-28 19:33:45,DOV,4,3441.5,OBSERVAR,Golden Cross | RSI 43 rebote | MACD positivo
2026-09-28 19:33:45,ZS,6,3610.49,COMPRAR ★★,EMA alcista | MACD positivo | EMA semanal alcista
2026-09-28 19:33:45,PLTR,6,3377.09,VENDER,EMA alcista | MACD positivo | EMA semanal alcista | 🎯 Take Profit +48.0%
2026-09-28 19:33:45,EQIX,8,18110.01,COMPRAR ★★★,Golden Cross | RSI 42 rebote | Cruce MACD | Banda BB inferior | Rebote EMA50 | EMA semanal alcista
2026-09-28 19:33:45,SO,4,1476.05,OBSERVAR,Golden Cross | Cruce MACD | Banda BB inferior
2026-09-28 19:33:45,ARM,9,5112.19,VENDER,EMA alcista | RSI 56 óptimo | MACD positivo | Volumen alto | EMA semanal alcista | 🛑 Stop Loss -15.0%
2026-09-28 19:33:45,CCJ,4,1566.29,OBSERVAR,Golden Cross | Cruce MACD | Banda BB inferior
2026-09-28 19:33:45,BA,7,3331.35,COMPRAR ★★,Golden Cross | Cruce MACD | Volumen alto | Banda BB inferior | EMA semanal alcista
2026-09-28 19:33:45,HUM,7,7012.16,COMPRAR ★★,EMA alcista | RSI 43 rebote | Cruce MACD | Stoch 43 | EMA semanal alcista
2026-09-28 19:33:45,INTU,4,4827.32,OBSERVAR,Golden Cross | Cruce MACD | Banda BB inferior
2026-09-28 19:33:45,O,4,990.97,OBSERVAR,Golden Cross | Cruce MACD | Banda BB inferior
2026-09-28 19:33:45,NUE,9,4387.26,COMPRAR ★★★,EMA alcista | RSI 39 rebote | Cruce MACD | Banda BB inferior | Rebote EMA50 | EMA semanal alcista
2026-09-28 19:33:45,ALLE,8,2795.59,COMPRAR ★★★,EMA alcista | RSI 51 óptimo | MACD positivo | EMA semanal alcista
2026-09-28 19:33:45,ALPEKA.MX,6,14.82,COMPRAR ★★,EMA alcista | MACD positivo | EMA semanal alcista
2026-09-28 19:33:45,TMO,6,12167.49,COMPRAR ★★,EMA alcista | MACD positivo | EMA semanal alcista
2026-09-28 19:33:45,CI,9,4871.81,COMPRAR ★★★,Golden Cross | RSI 45 óptimo | Cruce MACD | BB zona baja | Stoch 29 | Rebote EMA50 | EMA semanal alcista
2026-09-28 19:33:45,STE,7,3778.94,COMPRAR ★★,Golden Cross | RSI 36 rebote | Cruce MACD | BB zona baja | Stoch 49 | EMA semanal alcista
2026-09-28 19:33:45,KTOS,4,792.0,OBSERVAR,Golden Cross | RSI 31 rebote | Banda BB inferior
2026-09-28 19:33:45,TFC,6,844.86,COMPRAR ★★,Golden Cross | Cruce MACD | Banda BB inferior | EMA semanal alcista
2026-09-28 19:33:45,AIG,7,1305.36,COMPRAR ★★,Golden Cross | RSI 41 rebote | Cruce MACD | Banda BB inferior | EMA semanal alcista
2026-09-28 19:33:45,AZO,6,52249.96,COMPRAR ★★,Golden Cross | RSI 47 óptimo | MACD positivo | Rebote EMA50
2026-09-28 19:33:45,BAX,8,422.47,COMPRAR ★★★,Golden Cross | RSI 32 rebote | Cruce MACD | BB zona baja | Stoch 37 | Rebote EMA50 | EMA semanal alcista
2026-09-28 19:33:45,CHPT,6,155.54,COMPRAR ★★,EMA alcista | RSI 43 rebote | Cruce MACD | EMA semanal alcista
2026-09-28 19:33:45,VIS.MC,5,1095.03,OBSERVAR,Golden Cross | Cruce MACD | Volumen alto | Banda BB inferior
2026-09-28 19:33:45,BSX,6,787.54,COMPRAR ★★,Golden Cross | RSI 44 rebote | MACD positivo | BB zona baja | Stoch 33
2026-09-28 19:33:45,XLRE,7,741.49,COMPRAR ★★,Golden Cross | Cruce MACD | Volumen alto | Banda BB inferior | EMA semanal alcista
2026-09-28 19:33:45,CSCO,7,1915.03,COMPRAR ★★,Golden Cross | RSI 45 rebote | Cruce MACD | Banda BB inferior | EMA semanal alcista
2026-09-28 19:33:45,UDR,5,607.97,OBSERVAR,Golden Cross | Cruce MACD | BB zona baja | EMA semanal alcista
2026-09-28 19:33:45,VRTX,7,9490.66,COMPRAR ★★,EMA alcista | RSI 50 óptimo | Cruce MACD | EMA semanal alcista
2026-09-28 19:33:45,WALMEX.MX,6,46.88,COMPRAR ★★,Golden Cross | RSI 51 óptimo | MACD positivo | Rebote EMA50
2026-09-28 19:33:45,MPC,7,6971.43,COMPRAR ★★,EMA alcista | RSI 45 rebote | Cruce MACD | BB zona baja | EMA semanal alcista
2026-09-28 19:33:45,CELH,5,505.44,OBSERVAR,Golden Cross | RSI 43 rebote | Cruce MACD | BB zona baja | Stoch 44
2026-09-28 19:33:45,GPN,8,1526.66,COMPRAR ★★★,EMA alcista | RSI 38 rebote | Cruce MACD | BB zona baja | Rebote EMA50 | EMA semanal alcista
2026-09-28 19:33:45,ADSK,5,3721.71,OBSERVAR,Golden Cross | RSI 46 óptimo | Cruce MACD | BB zona baja
2026-09-28 19:33:45,EFX,4,2615.75,OBSERVAR,Golden Cross | Cruce MACD | Banda BB inferior
2026-09-28 19:33:45,GFNORTEO.MX,7,193.7,COMPRAR ★★,EMA alcista | RSI 42 rebote | Cruce MACD | BB zona baja | EMA semanal alcista
2026-09-28 19:33:45,BIDU,6,1565.57,COMPRAR ★★,Golden Cross | RSI 33 rebote | MACD positivo | Banda BB inferior
2026-09-28 19:33:45,WFC,6,1445.74,COMPRAR ★★,Golden Cross | Cruce MACD | Banda BB inferior | EMA semanal alcista
2026-09-28 19:33:45,RXRX,8,66.64,COMPRAR ★★★,EMA alcista | RSI 56 óptimo | MACD positivo | EMA semanal alcista
2026-09-28 19:33:45,PFE,7,517.37,COMPRAR ★★,EMA alcista | MACD positivo | Cruce MACD | EMA semanal alcista
2026-09-28 19:33:45,AEP,4,2121.51,OBSERVAR,Golden Cross | Cruce MACD | Banda BB inferior
2026-09-28 19:33:45,BWXT,4,2408.37,OBSERVAR,Golden Cross | Cruce MACD | Banda BB inferior
2026-09-28 19:33:45,META,6,12864.71,COMPRAR ★★,EMA alcista | MACD positivo | EMA semanal alcista
2026-09-28 19:33:45,RVTY,6,2701.23,COMPRAR ★★,EMA alcista | MACD positivo | EMA semanal alcista
2026-09-28 19:33:45,HWM,9,4092.88,COMPRAR ★★★,Golden Cross | RSI 45 óptimo | MACD positivo | BB zona baja | Stoch 33 | EMA semanal alcista
2026-09-28 19:33:45,DUK,4,2033.43,OBSERVAR,Golden Cross | Cruce MACD | Banda BB inferior
2026-09-28 19:33:45,ORLY,6,1553.37,COMPRAR ★★,Golden Cross | RSI 53 óptimo | MACD positivo | Rebote EMA50
2026-09-28 19:33:45,NEE,4,1354.6,OBSERVAR,Golden Cross | Cruce MACD | Banda BB inferior
2026-09-28 19:33:45,DIA,8,9226.6,COMPRAR ★★★,Golden Cross | RSI 36 rebote | Cruce MACD | BB zona baja | Stoch 25 | Rebote EMA50 | EMA semanal alcista
2026-09-28 19:33:45,AON,6,4861.22,COMPRAR ★★,Golden Cross | Cruce MACD | Banda BB inferior | EMA semanal alcista
2026-09-28 19:33:45,PYPL,8,972.67,COMPRAR ★★★,Golden Cross | RSI 56 óptimo | MACD positivo | Rebote EMA50 | EMA semanal alcista
2026-09-28 19:33:45,PHM,8,2151.47,COMPRAR ★★★,Golden Cross | RSI 50 óptimo | MACD positivo | Rebote EMA50 | EMA semanal alcista
2026-09-28 19:33:45,VTRS,6,327.66,COMPRAR ★★,EMA alcista | MACD positivo | EMA semanal alcista
2026-09-28 19:33:45,PEP,4,2304.32,OBSERVAR,Golden Cross | Cruce MACD | Banda BB inferior
2026-09-28 19:33:45,MRVL,8,4513.38,VENDER,EMA alcista | RSI 63 óptimo | MACD positivo | EMA semanal alcista | 🛑 Stop Loss -16.4%
2026-09-28 19:33:45,LUV,5,759.38,OBSERVAR,Golden Cross | MACD positivo | EMA semanal alcista
2026-09-28 19:33:45,AFL,7,2031.82,COMPRAR ★★,Golden Cross | RSI 40 rebote | Cruce MACD | Banda BB inferior | EMA semanal alcista
2026-09-28 19:33:45,TEL,8,3886.75,COMPRAR ★★★,EMA alcista | RSI 64 óptimo | MACD positivo | EMA semanal alcista
2026-09-28 19:33:45,DVN,7,838.31,COMPRAR ★★,EMA alcista | RSI 45 rebote | Cruce MACD | Banda BB inferior | Rebote EMA50
2026-09-28 19:33:45,BMY,6,1143.73,COMPRAR ★★,EMA alcista | RSI 44 rebote | Cruce MACD | EMA semanal alcista
2026-09-28 19:33:45,GMEXICOB.MX,9,225.02,COMPRAR ★★★,EMA alcista | RSI 54 óptimo | MACD positivo | Cruce MACD | EMA semanal alcista
2026-09-28 19:33:45,FIVN,8,628.42,COMPRAR ★★★,EMA alcista | RSI 61 óptimo | MACD positivo | EMA semanal alcista
2026-09-28 19:33:45,AENA.MC,8,523.25,COMPRAR ★★★,Golden Cross | RSI 51 óptimo | MACD positivo | Rebote EMA50 | EMA semanal alcista
2026-09-28 19:33:45,MKC,5,869.16,OBSERVAR,Golden Cross | Cruce MACD | BB zona baja | EMA semanal alcista
2026-09-28 19:33:45,NVCR,7,282.64,COMPRAR ★★,Golden Cross | RSI 37 rebote | Cruce MACD | BB zona baja | Stoch 35 | EMA semanal alcista
2026-09-28 19:33:45,USO,8,2684.09,COMPRAR ★★★,EMA alcista | RSI 53 óptimo | Cruce MACD | Volumen alto | EMA semanal alcista
2026-09-28 19:33:45,VTI,8,6745.31,COMPRAR ★★★,EMA alcista | RSI 47 óptimo | MACD positivo | EMA semanal alcista
2026-09-28 19:33:45,TER,8,7156.93,COMPRAR ★★★,EMA alcista | RSI 58 óptimo | MACD positivo | EMA semanal alcista
2026-09-28 19:33:45,ADBE,7,4139.52,COMPRAR ★★,Golden Cross | RSI 31 rebote | Cruce MACD | Banda BB inferior | EMA semanal alcista
2026-09-28 19:33:45,PFG,8,2061.15,COMPRAR ★★★,EMA alcista | RSI 50 óptimo | Cruce MACD | Stoch 44 | EMA semanal alcista
2026-09-28 19:33:45,AMZN,7,4415.43,COMPRAR ★★,Golden Cross | RSI 38 rebote | Cruce MACD | Banda BB inferior | EMA semanal alcista
2026-09-28 19:33:45,OMAB.MX,5,228.29,OBSERVAR,Golden Cross | RSI 64 óptimo | MACD positivo
2026-09-28 19:33:45,HON,5,3791.05,OBSERVAR,Golden Cross | RSI 57 óptimo | MACD positivo
2026-09-28 19:33:45,RKLB,5,1306.35,OBSERVAR,Golden Cross | RSI 63 óptimo | MACD positivo
2026-09-28 19:33:45,EWX,10,1277.91,COMPRAR ★★★,EMA alcista | RSI 36 rebote | Cruce MACD | Volumen alto | Banda BB inferior | Rebote EMA50 | EMA semanal alcista
2026-09-28 19:33:45,NOK,5,181.46,VENDER,Golden Cross | RSI 44 rebote | BB zona baja | EMA semanal alcista | 🛑 Stop Loss -35.8%
2026-09-28 19:33:45,IT,7,3344.44,COMPRAR ★★,EMA alcista | RSI 62 óptimo | Cruce MACD | EMA semanal alcista
2026-09-28 19:33:45,AOS,6,1049.99,COMPRAR ★★,Golden Cross | RSI 48 óptimo | MACD positivo | Rebote EMA50
2026-09-28 19:33:45,PAYC,8,3935.37,COMPRAR ★★★,EMA alcista | RSI 50 óptimo | Cruce MACD | BB zona baja | EMA semanal alcista
2026-09-28 19:33:45,DUOL,8,2419.4,COMPRAR ★★★,EMA alcista | RSI 41 rebote | Cruce MACD | Banda BB inferior | EMA semanal alcista
2026-09-28 19:33:45,BABA,5,1958.27,OBSERVAR,Golden Cross | RSI 42 rebote | MACD positivo | BB zona baja
2026-09-28 19:33:45,STZ,4,2023.03,OBSERVAR,Golden Cross | Cruce MACD | Banda BB inferior
2026-09-28 19:33:45,SWK,7,1601.0,COMPRAR ★★,Golden Cross | RSI 36 rebote | MACD positivo | BB zona baja | EMA semanal alcista
2026-09-28 19:33:45,FATE,8,42.79,COMPRAR ★★★,Golden Cross | RSI 42 rebote | Cruce MACD | BB zona baja | Stoch 27 | Rebote EMA50 | EMA semanal alcista
2026-09-28 19:33:45,MKTX,3,2941.7,EVITAR,EMA alcista | Cruce MACD
2026-09-28 19:33:45,TCEHY,6,1007.66,COMPRAR ★★,Golden Cross | RSI 54 óptimo | MACD positivo | Rebote EMA50
2026-09-28 19:33:45,GM,8,1449.15,COMPRAR ★★★,EMA alcista | RSI 40 rebote | Cruce MACD | Banda BB inferior | EMA semanal alcista
2026-09-28 19:33:45,SMSNN.MX,6,90700.0,COMPRAR ★★,EMA alcista | MACD positivo | EMA semanal alcista
2026-09-28 19:33:45,MSCI,8,9743.07,COMPRAR ★★★,Golden Cross | RSI 45 rebote | MACD positivo | Banda BB inferior | EMA semanal alcista
2026-09-28 19:33:45,TECL,8,4102.83,COMPRAR ★★★,EMA alcista | RSI 62 óptimo | MACD positivo | EMA semanal alcista
2026-09-28 19:33:45,MCHP,7,1394.88,COMPRAR ★★,Golden Cross | RSI 60 óptimo | MACD positivo | EMA semanal alcista
2026-09-28 19:33:45,WYNN,4,1429.23,OBSERVAR,Golden Cross | Cruce MACD | Banda BB inferior
2026-09-28 19:33:45,SMH,8,10777.1,COMPRAR ★★★,EMA alcista | RSI 60 óptimo | MACD positivo | EMA semanal alcista
2026-09-28 19:33:45,ISRG,4,7447.55,OBSERVAR,EMA alcista | MACD positivo
2026-09-28 19:33:45,INVH,6,477.1,COMPRAR ★★,Golden Cross | Cruce MACD | BB zona baja | Stoch 21 | EMA semanal alcista
2026-09-28 19:33:45,EWH,8,402.47,COMPRAR ★★★,EMA alcista | RSI 41 rebote | Cruce MACD | Volumen alto | BB zona baja | Stoch 32 | Rebote EMA50
2026-09-28 19:33:45,ICE,7,2742.76,COMPRAR ★★,EMA alcista | RSI 39 rebote | Cruce MACD | Banda BB inferior | Rebote EMA50
2026-09-28 19:33:45,NDAQ,9,1661.55,COMPRAR ★★★,EMA alcista | RSI 44 rebote | MACD positivo | BB zona baja | Rebote EMA50 | EMA semanal alcista
2026-09-28 19:33:45,CLNX.MC,4,476.15,OBSERVAR,Golden Cross | Cruce MACD | Banda BB inferior
2026-09-28 19:33:45,ACHC,8,496.92,COMPRAR ★★★,Golden Cross | RSI 51 óptimo | MACD positivo | BB zona baja | EMA semanal alcista
2026-09-28 19:33:45,FIBRAPL14.MX,6,74.44,COMPRAR ★★,Golden Cross | RSI 52 óptimo | Cruce MACD | BB zona baja | Rebote EMA50
2026-09-28 19:33:45,LEN,6,1484.67,COMPRAR ★★,Golden Cross | RSI 56 óptimo | MACD positivo | Rebote EMA50
2026-09-28 19:33:45,DRI,6,3523.75,COMPRAR ★★,RSI 34 rebote | Cruce MACD | Banda BB inferior | EMA semanal alcista
2026-09-28 19:33:45,HUBS,5,3644.39,OBSERVAR,RSI 34 rebote | Cruce MACD | Banda BB inferior | Stoch 21
2026-09-28 19:33:45,EWG,8,755.52,COMPRAR ★★★,Golden Cross | RSI 33 rebote | Cruce MACD | BB zona baja | Stoch 29 | Rebote EMA50 | EMA semanal alcista
2026-09-28 19:33:45,WU,5,110.32,OBSERVAR,Golden Cross | Cruce MACD | Banda BB inferior | Stoch 23
2026-09-28 19:33:45,LHX,4,4263.3,OBSERVAR,Golden Cross | Cruce MACD | Banda BB inferior
2026-09-28 19:33:45,INFY,5,188.45,OBSERVAR,Golden Cross | RSI 35 rebote | Cruce MACD | Banda BB inferior
2026-09-28 19:33:45,JD,7,478.0,COMPRAR ★★,Golden Cross | RSI 34 rebote | MACD positivo | BB zona baja | EMA semanal alcista
2026-09-28 19:33:45,TSN,4,917.96,OBSERVAR,Golden Cross | RSI 40 rebote | Cruce MACD | BB zona baja
2026-09-28 19:33:45,NRG,4,1754.83,OBSERVAR,Golden Cross | Cruce MACD | Banda BB inferior
2026-09-28 19:33:45,FEMSAUBD.MX,5,212.0,OBSERVAR,Golden Cross | MACD positivo | EMA semanal alcista
2026-09-28 19:33:45,HDB,6,403.01,COMPRAR ★★,Golden Cross | RSI 50 óptimo | MACD positivo | BB zona baja
2026-09-28 19:33:45,CB,8,5915.88,COMPRAR ★★★,Golden Cross | RSI 35 rebote | Cruce MACD | Banda BB inferior | Rebote EMA50 | EMA semanal alcista
2026-09-28 19:33:45,APPN,8,629.85,COMPRAR ★★★,EMA alcista | RSI 52 óptimo | Cruce MACD | BB zona baja | EMA semanal alcista
2026-09-28 19:33:45,KIM,6,403.82,COMPRAR ★★,Golden Cross | Cruce MACD | BB zona baja | Stoch 26 | EMA semanal alcista
2026-09-28 19:33:45,HCA,4,7768.39,OBSERVAR,EMA alcista | MACD positivo
2026-09-28 19:33:45,RELY,7,392.87,COMPRAR ★★,Golden Cross | RSI 32 rebote | Cruce MACD | BB zona baja | Stoch 44 | EMA semanal alcista
2026-09-28 19:33:45,DLR,7,3188.55,COMPRAR ★★,Golden Cross | RSI 36 rebote | Cruce MACD | Banda BB inferior | EMA semanal alcista
2026-09-28 19:33:45,RF,6,489.3,COMPRAR ★★,Golden Cross | Cruce MACD | Banda BB inferior | EMA semanal alcista
2026-09-28 19:33:45,PSX,7,4539.21,COMPRAR ★★,EMA alcista | RSI 43 rebote | Cruce MACD | BB zona baja | EMA semanal alcista
2026-09-28 19:33:45,GRF.MC,6,199.19,COMPRAR ★★,Golden Cross | RSI 43 rebote | Cruce MACD | Volumen alto | EMA semanal alcista
2026-09-28 19:33:45,TAN,4,773.37,OBSERVAR,Golden Cross | Cruce MACD | Banda BB inferior
2026-09-28 19:33:45,XLY,7,1957.64,COMPRAR ★★,Golden Cross | RSI 32 rebote | Cruce MACD | Banda BB inferior | EMA semanal alcista
2026-09-28 19:33:45,TPR,6,2033.88,COMPRAR ★★,Golden Cross | RSI 41 rebote | MACD positivo | BB zona baja | Stoch 32
2026-09-28 19:33:45,CTSH,7,1023.62,COMPRAR ★★,EMA alcista | RSI 41 rebote | Cruce MACD | Banda BB inferior | Rebote EMA50
2026-09-28 19:33:45,GE,7,5689.84,COMPRAR ★★,Golden Cross | RSI 35 rebote | MACD positivo | BB zona baja | EMA semanal alcista
2026-09-28 19:33:45,NEMAKA.MX,5,3.05,OBSERVAR,EMA alcista | RSI 42 rebote | Cruce MACD | BB zona baja
2026-09-28 19:33:45,CDW,8,2336.43,COMPRAR ★★★,EMA alcista | RSI 34 rebote | Cruce MACD | Banda BB inferior | EMA semanal alcista
2026-09-28 19:33:45,GIS,6,604.56,COMPRAR ★★,Golden Cross | Cruce MACD | Banda BB inferior | EMA semanal alcista
2026-09-28 19:33:45,MSI,9,8127.27,COMPRAR ★★★,EMA alcista | RSI 42 rebote | Cruce MACD | Banda BB inferior | Rebote EMA50 | EMA semanal alcista
2026-09-28 19:33:45,CVX,8,3693.28,COMPRAR ★★★,EMA alcista | RSI 44 rebote | Cruce MACD | BB zona baja | Stoch 30 | EMA semanal alcista
2026-09-28 19:33:45,ZION,6,1132.34,COMPRAR ★★,Golden Cross | Cruce MACD | Banda BB inferior | EMA semanal alcista
2026-09-28 19:33:45,TLEVISACPO.MX,5,8.4,OBSERVAR,Golden Cross | RSI 60 óptimo | MACD positivo
2026-09-28 19:33:45,PANW,6,7050.1,COMPRAR ★★,EMA alcista | MACD positivo | EMA semanal alcista
2026-09-28 19:33:45,SYF,6,1282.49,COMPRAR ★★,Golden Cross | Cruce MACD | Banda BB inferior | EMA semanal alcista
2026-09-28 19:33:45,DOW,5,502.12,OBSERVAR,Golden Cross | RSI 35 rebote | Cruce MACD | Banda BB inferior
2026-09-28 19:33:45,CME,7,4719.14,COMPRAR ★★,EMA alcista | RSI 34 rebote | Cruce MACD | Banda BB inferior | Rebote EMA50
2026-09-28 19:33:45,MDLZ,8,1078.7,COMPRAR ★★★,Golden Cross | RSI 38 rebote | Cruce MACD | Banda BB inferior | Rebote EMA50 | EMA semanal alcista
2026-09-28 19:33:45,ZTS,5,1276.93,OBSERVAR,Golden Cross | RSI 37 rebote | Cruce MACD | BB zona baja | Stoch 31
2026-09-28 19:33:45,BALL,6,1025.42,COMPRAR ★★,Golden Cross | Cruce MACD | Banda BB inferior | EMA semanal alcista
2026-09-28 19:33:45,EIX,5,926.93,OBSERVAR,Golden Cross | MACD positivo | Banda BB inferior
2026-09-28 19:33:45,SOXX,8,10063.65,COMPRAR ★★★,EMA alcista | RSI 60 óptimo | MACD positivo | EMA semanal alcista
2026-09-28 19:33:45,PCTY,9,2566.41,COMPRAR ★★★,EMA alcista | RSI 49 óptimo | Cruce MACD | BB zona baja | Stoch 32 | EMA semanal alcista
2026-09-28 19:33:45,ZBH,7,1640.02,COMPRAR ★★,Golden Cross | RSI 43 rebote | Cruce MACD | BB zona baja | Stoch 24 | EMA semanal alcista
2026-09-28 19:33:45,WDAY,9,3381.4,COMPRAR ★★★,EMA alcista | RSI 52 óptimo | Cruce MACD | BB zona baja | Stoch 36 | EMA semanal alcista
2026-09-28 19:33:45,EWZ,6,650.39,COMPRAR ★★,EMA alcista | Cruce MACD | Banda BB inferior | Rebote EMA50
2026-09-28 19:33:45,STLD,7,4137.1,COMPRAR ★★,Golden Cross | RSI 40 rebote | Cruce MACD | Banda BB inferior | EMA semanal alcista
2026-09-28 19:33:45,CBRE,6,2337.33,COMPRAR ★★,Golden Cross | Cruce MACD | Banda BB inferior | EMA semanal alcista
2026-09-28 19:33:45,ARE,8,869.88,COMPRAR ★★★,EMA alcista | RSI 43 rebote | Cruce MACD | Banda BB inferior | EMA semanal alcista
2026-09-28 19:33:45,LYB,4,1046.76,OBSERVAR,Golden Cross | Cruce MACD | Banda BB inferior
2026-09-28 19:33:45,XLB,8,889.26,COMPRAR ★★★,Golden Cross | RSI 31 rebote | Cruce MACD | Banda BB inferior | Stoch 21 | EMA semanal alcista
2026-09-28 19:33:45,STX,8,16604.36,COMPRAR ★★★,EMA alcista | RSI 53 óptimo | MACD positivo | EMA semanal alcista
2026-09-28 19:33:45,UNG,6,193.76,COMPRAR ★★,EMA alcista | RSI 55 óptimo | MACD positivo
2026-09-28 19:33:45,CHD,7,1714.83,COMPRAR ★★,Golden Cross | RSI 45 rebote | MACD positivo | Rebote EMA50 | EMA semanal alcista
2026-09-28 19:33:45,KWEB,6,443.64,COMPRAR ★★,Golden Cross | RSI 42 rebote | MACD positivo | BB zona baja | Stoch 39
2026-09-28 19:33:45,ECL,8,5028.78,COMPRAR ★★★,EMA alcista | RSI 55 óptimo | MACD positivo | EMA semanal alcista
2026-09-28 19:33:45,CINF,6,2902.06,COMPRAR ★★,Golden Cross | Cruce MACD | Banda BB inferior | EMA semanal alcista
2026-09-28 19:33:45,JCI,8,2660.41,COMPRAR ★★★,EMA alcista | RSI 54 óptimo | MACD positivo | EMA semanal alcista
2026-09-28 19:33:45,PINFRA.MX,5,267.27,OBSERVAR,Golden Cross | RSI 54 óptimo | MACD positivo
2026-09-28 19:33:45,CABK.MC,10,261.63,COMPRAR ★★★,EMA alcista | RSI 38 rebote | Cruce MACD | Volumen alto | Banda BB inferior | Rebote EMA50 | EMA semanal alcista
2026-09-28 19:33:45,PCAR,6,2004.28,COMPRAR ★★,Golden Cross | Cruce MACD | Banda BB inferior | EMA semanal alcista
2026-09-28 19:33:45,MRNA,6,3566.67,COMPRAR ★★,EMA alcista | MACD positivo | EMA semanal alcista
2026-09-28 19:33:45,TDY,8,11004.39,COMPRAR ★★★,Golden Cross | RSI 57 óptimo | MACD positivo | Rebote EMA50 | EMA semanal alcista
2026-09-28 19:33:45,EXPD,8,3385.88,COMPRAR ★★★,EMA alcista | RSI 55 óptimo | Cruce MACD | Stoch 48 | EMA semanal alcista
2026-09-28 19:33:45,MO,6,1240.87,COMPRAR ★★,EMA alcista | MACD positivo | EMA semanal alcista
2026-09-28 19:33:45,MNST,7,750.67,COMPRAR ★★,Golden Cross | RSI 40 rebote | Cruce MACD | Banda BB inferior | EMA semanal alcista
2026-09-28 19:33:45,CNP,4,656.76,OBSERVAR,Golden Cross | Cruce MACD | Banda BB inferior
2026-09-28 19:33:45,WAB,8,5241.98,COMPRAR ★★★,EMA alcista | RSI 60 óptimo | MACD positivo | EMA semanal alcista
2026-09-28 19:33:45,ROP,6,6330.91,COMPRAR ★★,Golden Cross | Cruce MACD | Banda BB inferior | EMA semanal alcista
2026-09-28 19:33:45,PNR,4,953.48,OBSERVAR,Golden Cross | Cruce MACD | Banda BB inferior
2026-09-28 19:33:45,BOTZ,8,630.66,COMPRAR ★★★,Golden Cross | RSI 45 óptimo | MACD positivo | Rebote EMA50 | EMA semanal alcista
2026-09-28 19:33:45,ARKW,8,2892.01,COMPRAR ★★★,EMA alcista | RSI 55 óptimo | MACD positivo | EMA semanal alcista
2026-09-28 19:33:45,CFG,6,1161.76,COMPRAR ★★,Golden Cross | Cruce MACD | Banda BB inferior | EMA semanal alcista
2026-09-28 19:33:45,TMUS,5,2985.84,OBSERVAR,Golden Cross | RSI 30 rebote | Cruce MACD | BB zona baja | Stoch 22
2026-09-28 19:33:45,PGR,8,3752.92,COMPRAR ★★★,Golden Cross | RSI 41 rebote | Cruce MACD | BB zona baja | Stoch 39 | Rebote EMA50 | EMA semanal alcista
2026-09-28 19:33:45,MET,8,1714.2,COMPRAR ★★★,EMA alcista | RSI 50 óptimo | Cruce MACD | BB zona baja | EMA semanal alcista
2026-09-28 19:33:45,STT,8,3226.4,COMPRAR ★★★,EMA alcista | Cruce MACD | Banda BB inferior | Rebote EMA50 | EMA semanal alcista
2026-09-28 19:33:45,IVZ,8,544.46,COMPRAR ★★★,EMA alcista | RSI 33 rebote | Cruce MACD | BB zona baja | Rebote EMA50 | EMA semanal alcista
2026-09-28 19:33:45,YUM,5,2483.89,OBSERVAR,Golden Cross | RSI 35 rebote | Cruce MACD | BB zona baja | Stoch 29
2026-09-28 19:33:45,F,6,222.72,COMPRAR ★★,Golden Cross | Cruce MACD | Banda BB inferior | EMA semanal alcista
2026-09-28 19:33:45,ALGN,6,2594.13,COMPRAR ★★,Golden Cross | RSI 37 rebote | MACD positivo | Banda BB inferior
2026-09-28 19:33:45,MAA,5,2127.8,OBSERVAR,Golden Cross | Cruce MACD | BB zona baja | EMA semanal alcista
2026-09-28 19:33:45,DVA,9,3213.04,COMPRAR ★★★,Golden Cross | RSI 49 óptimo | MACD positivo | BB zona baja | Stoch 22 | EMA semanal alcista
2026-09-28 19:33:45,CHTR,4,2004.19,OBSERVAR,Golden Cross | Cruce MACD | Banda BB inferior
2026-09-28 19:33:45,AMT,7,3014.54,COMPRAR ★★,Golden Cross | RSI 35 rebote | Cruce MACD | Banda BB inferior | EMA semanal alcista
2026-09-28 19:33:45,FIBRAMQ12.MX,8,44.15,COMPRAR ★★★,EMA alcista | RSI 63 óptimo | MACD positivo | EMA semanal alcista
2026-09-28 19:33:45,FIS,4,617.83,OBSERVAR,Golden Cross | Cruce MACD | Banda BB inferior
2026-09-28 19:33:45,POOL,3,2939.73,EVITAR,Golden Cross | Cruce MACD | BB zona baja
2026-09-28 19:33:45,MDT,9,1598.4,COMPRAR ★★★,EMA alcista | RSI 39 rebote | Cruce MACD | Volumen alto | BB zona baja | Stoch 29 | EMA semanal alcista
2026-09-28 19:33:45,AMAT,7,8703.66,COMPRAR ★★,Golden Cross | RSI 55 óptimo | MACD positivo | EMA semanal alcista
2026-09-28 19:33:45,NET,6,6370.64,COMPRAR ★★,EMA alcista | MACD positivo | EMA semanal alcista
2026-09-28 19:33:45,TFX,7,2280.1,COMPRAR ★★,Golden Cross | Cruce MACD | Volumen alto | BB zona baja | Stoch 41 | EMA semanal alcista
2026-09-28 19:33:45,MCD,4,4197.63,OBSERVAR,Golden Cross | Cruce MACD | Banda BB inferior
2026-09-28 19:33:45,A,6,3149.26,COMPRAR ★★,EMA alcista | MACD positivo | EMA semanal alcista
2026-09-28 19:33:45,PDD,7,1407.88,COMPRAR ★★,Golden Cross | RSI 45 óptimo | MACD positivo | BB zona baja | Stoch 35
2026-09-28 19:33:45,VALE,4,244.16,OBSERVAR,Golden Cross | Cruce MACD | Banda BB inferior
2026-09-28 19:33:45,AES,8,266.67,COMPRAR ★★★,EMA alcista | RSI 59 óptimo | MACD positivo | EMA semanal alcista
2026-09-28 19:33:45,OXY,6,1007.84,COMPRAR ★★,EMA alcista | RSI 35 rebote | Cruce MACD | Banda BB inferior
2026-09-28 19:33:45,ARKG,6,958.68,COMPRAR ★★,EMA alcista | MACD positivo | EMA semanal alcista
2026-09-28 19:33:45,PEG,4,1193.87,OBSERVAR,Golden Cross | Cruce MACD | Banda BB inferior
2026-09-28 19:33:45,ORBIA.MX,6,19.54,COMPRAR ★★,Golden Cross | RSI 46 óptimo | MACD positivo | BB zona baja
2026-09-28 19:33:45,RSG,4,3812.48,OBSERVAR,Cruce MACD | Banda BB inferior | Rebote EMA50
2026-09-28 19:33:45,QCOM,8,3369.02,COMPRAR ★★★,EMA alcista | RSI 58 óptimo | MACD positivo | EMA semanal alcista
2026-09-28 19:33:45,GWW,8,22480.41,COMPRAR ★★★,Golden Cross | RSI 37 rebote | Cruce MACD | Banda BB inferior | Stoch 28 | EMA semanal alcista
2026-09-28 19:33:45,GPC,8,2305.93,COMPRAR ★★★,EMA alcista | RSI 33 rebote | Cruce MACD | BB zona baja | Rebote EMA50 | EMA semanal alcista
2026-09-28 19:33:45,YPF,9,921.91,COMPRAR ★★★,EMA alcista | RSI 44 rebote | Cruce MACD | Banda BB inferior | Rebote EMA50 | EMA semanal alcista
2026-09-28 19:33:45,CF,5,2072.18,OBSERVAR,EMA alcista | Cruce MACD | Banda BB inferior
2026-09-28 19:33:45,RIVN,7,265.77,COMPRAR ★★,Golden Cross | RSI 30 rebote | Cruce MACD | Banda BB inferior | EMA semanal alcista
2026-09-28 19:33:45,EXC,4,721.79,OBSERVAR,Golden Cross | Cruce MACD | Banda BB inferior
2026-09-28 19:33:45,ADP,9,4699.77,COMPRAR ★★★,EMA alcista | RSI 43 rebote | Cruce MACD | Banda BB inferior | Rebote EMA50 | EMA semanal alcista
2026-09-28 19:33:45,AC.MX,3,198.4,EVITAR,Golden Cross | MACD positivo
2026-09-28 19:33:45,FMC,4,164.24,OBSERVAR,Golden Cross | Cruce MACD | Banda BB inferior
2026-09-28 19:33:45,APTV,5,783.41,OBSERVAR,Golden Cross | RSI 40 rebote | MACD positivo | BB zona baja
2026-09-28 19:33:45,SNA,8,6644.56,COMPRAR ★★★,Golden Cross | RSI 32 rebote | MACD positivo | Cruce MACD | BB zona baja | EMA semanal alcista
2026-09-28 19:33:45,ABT,4,1809.91,OBSERVAR,Cruce MACD | BB zona baja | EMA semanal alcista
2026-09-28 19:33:45,VMC,6,4423.68,COMPRAR ★★,Golden Cross | RSI 36 rebote | MACD positivo | BB zona baja | Stoch 43
2026-09-28 19:33:45,EOG,9,2520.16,COMPRAR ★★★,EMA alcista | RSI 42 rebote | Cruce MACD | Banda BB inferior | Rebote EMA50 | EMA semanal alcista
2026-09-28 19:33:45,SLV,5,987.8,OBSERVAR,RSI 38 rebote | Cruce MACD | Volumen alto | Banda BB inferior
2026-09-28 19:33:45,MHK,6,2242.78,COMPRAR ★★,EMA alcista | RSI 43 rebote | Cruce MACD | EMA semanal alcista
2026-09-28 19:33:45,EMN,7,1196.02,COMPRAR ★★,Golden Cross | RSI 37 rebote | MACD positivo | Cruce MACD | BB zona baja | Stoch 40
2026-09-28 19:33:45,ENPH,6,557.74,VENDER,Golden Cross | Cruce MACD | Banda BB inferior | EMA semanal alcista | 🛑 Stop Loss -37.1%
2026-09-28 19:33:45,MS,6,3475.58,COMPRAR ★★,Golden Cross | Cruce MACD | Banda BB inferior | EMA semanal alcista
2026-09-28 19:33:45,CPB,7,358.7,COMPRAR ★★,Golden Cross | RSI 32 rebote | Cruce MACD | BB zona baja | Stoch 26 | EMA semanal alcista
2026-09-28 19:33:45,LH,9,5554.76,COMPRAR ★★★,EMA alcista | RSI 38 rebote | Cruce MACD | BB zona baja | Stoch 26 | Rebote EMA50 | EMA semanal alcista
2026-09-28 19:33:45,MLM,5,8827.62,OBSERVAR,Golden Cross | RSI 39 rebote | Cruce MACD | BB zona baja | Stoch 41
2026-09-28 19:33:45,HBAN,6,275.1,COMPRAR ★★,Golden Cross | Cruce MACD | Banda BB inferior | EMA semanal alcista
2026-09-28 19:33:45,CIE.MC,7,522.03,COMPRAR ★★,Golden Cross | RSI 52 óptimo | MACD positivo | Stoch 46 | Rebote EMA50
2026-09-28 19:33:45,DANHOS13.MX,8,28.57,COMPRAR ★★★,EMA alcista | Cruce MACD | Banda BB inferior | Rebote EMA50 | EMA semanal alcista
2026-09-28 19:33:45,XLI,7,3026.74,COMPRAR ★★,Golden Cross | RSI 34 rebote | MACD positivo | BB zona baja | EMA semanal alcista
2026-09-28 19:33:45,UPS,8,1685.77,COMPRAR ★★★,Golden Cross | RSI 35 rebote | Cruce MACD | Banda BB inferior | Stoch 20 | EMA semanal alcista
2026-09-28 19:33:45,MOS,5,400.68,OBSERVAR,EMA alcista | Cruce MACD | Banda BB inferior
2026-09-28 19:33:45,NTES,7,2175.38,COMPRAR ★★,Golden Cross | RSI 54 óptimo | MACD positivo | EMA semanal alcista
2026-09-28 19:33:45,BILL,7,754.89,COMPRAR ★★,EMA alcista | Cruce MACD | Banda BB inferior | EMA semanal alcista
2026-09-28 19:33:45,AXON,6,7660.13,COMPRAR ★★,Golden Cross | Cruce MACD | Banda BB inferior | EMA semanal alcista
2026-09-28 19:33:45,FANG,7,3322.38,COMPRAR ★★,Golden Cross | RSI 36 rebote | Cruce MACD | Banda BB inferior | EMA semanal alcista
2026-09-28 19:33:45,APH,8,1520.01,COMPRAR ★★★,EMA alcista | RSI 57 óptimo | MACD positivo | EMA semanal alcista
2026-09-28 19:33:45,ARKK,8,1604.14,COMPRAR ★★★,EMA alcista | RSI 58 óptimo | MACD positivo | EMA semanal alcista
2026-09-28 19:33:45,MCK,7,15404.66,COMPRAR ★★,EMA alcista | RSI 38 rebote | Cruce MACD | Banda BB inferior | Rebote EMA50
2026-09-28 19:33:45,PRU,9,2077.65,COMPRAR ★★★,EMA alcista | RSI 37 rebote | Cruce MACD | Banda BB inferior | Rebote EMA50 | EMA semanal alcista
2026-09-28 19:33:45,SRE,4,1376.31,OBSERVAR,Golden Cross | Cruce MACD | Banda BB inferior
2026-09-28 19:33:45,ILMN,6,4850.64,COMPRAR ★★,EMA alcista | MACD positivo | EMA semanal alcista
2026-09-28 19:33:45,NOC,5,9066.13,OBSERVAR,Golden Cross | RSI 40 rebote | Cruce MACD | Banda BB inferior
2026-09-28 19:33:45,VNO,7,612.81,COMPRAR ★★,Golden Cross | RSI 42 rebote | MACD positivo | BB zona baja | EMA semanal alcista
2026-09-28 19:33:45,MTD,6,27661.4,COMPRAR ★★,EMA alcista | MACD positivo | EMA semanal alcista
2026-09-28 19:33:45,TRV,9,6505.55,COMPRAR ★★★,EMA alcista | RSI 48 óptimo | Cruce MACD | BB zona baja | Rebote EMA50 | EMA semanal alcista
2026-09-28 19:33:45,MAR,5,6440.07,OBSERVAR,Golden Cross | MACD positivo | EMA semanal alcista
2026-09-28 19:33:45,CL,8,1550.32,COMPRAR ★★★,Golden Cross | RSI 39 rebote | Cruce MACD | BB zona baja | Stoch 25 | Rebote EMA50 | EMA semanal alcista
2026-09-28 19:33:45,ATO,4,2809.85,OBSERVAR,Golden Cross | Cruce MACD | Banda BB inferior
2026-09-28 19:33:45,LKQ,5,418.08,OBSERVAR,Golden Cross | RSI 36 rebote | Cruce MACD | BB zona baja | Stoch 35
2026-09-28 19:33:45,SPG,7,3658.92,COMPRAR ★★,Golden Cross | RSI 31 rebote | MACD positivo | BB zona baja | EMA semanal alcista
2026-09-28 19:33:45,UHS,4,3198.06,OBSERVAR,EMA alcista | RSI 58 óptimo
2026-09-28 19:33:45,LOW,4,3374.13,OBSERVAR,Golden Cross | Cruce MACD | Banda BB inferior
2026-09-28 19:33:45,COO,5,1018.96,OBSERVAR,Golden Cross | MACD positivo | BB zona baja | Stoch 34
2026-09-28 19:33:45,LYV,8,3089.17,COMPRAR ★★★,Golden Cross | RSI 56 óptimo | MACD positivo | Rebote EMA50 | EMA semanal alcista
2026-09-28 19:33:45,VESTA.MX,5,58.71,OBSERVAR,Golden Cross | RSI 56 óptimo | MACD positivo
2026-09-28 19:33:45,ODFL,6,3177.34,COMPRAR ★★,Golden Cross | RSI 35 rebote | MACD positivo | BB zona baja | Stoch 40
2026-09-28 19:33:45,FSLR,6,3091.68,COMPRAR ★★,Golden Cross | Cruce MACD | Banda BB inferior | EMA semanal alcista
2026-09-28 19:33:45,TJX,5,2336.61,OBSERVAR,Golden Cross | RSI 54 óptimo | MACD positivo
2026-09-28 19:33:45,CLX,4,1457.4,OBSERVAR,Golden Cross | Cruce MACD | Banda BB inferior
2026-09-28 19:33:45,COP,9,2262.16,COMPRAR ★★★,EMA alcista | RSI 36 rebote | Cruce MACD | Banda BB inferior | Rebote EMA50 | EMA semanal alcista
2026-09-28 19:33:45,WMB,6,1236.83,COMPRAR ★★,Golden Cross | Cruce MACD | Banda BB inferior | EMA semanal alcista
2026-09-28 19:33:45,EXR,7,2361.9,COMPRAR ★★,Golden Cross | RSI 37 rebote | Cruce MACD | Banda BB inferior | EMA semanal alcista
2026-09-28 19:33:45,AI,9,184.96,COMPRAR ★★★,EMA alcista | RSI 47 óptimo | Cruce MACD | Banda BB inferior | EMA semanal alcista
2026-09-28 19:33:45,NEM,9,2089.04,COMPRAR ★★★,EMA alcista | RSI 33 rebote | Cruce MACD | Banda BB inferior | Rebote EMA50 | EMA semanal alcista
2026-09-28 19:33:45,CRL,8,5314.55,COMPRAR ★★★,EMA alcista | RSI 61 óptimo | MACD positivo | EMA semanal alcista
2026-09-28 19:33:45,UNH,8,6757.95,COMPRAR ★★★,Golden Cross | MACD positivo | Cruce MACD | BB zona baja | Stoch 28 | EMA semanal alcista
2026-09-28 19:33:45,APP,6,5526.06,COMPRAR ★★,Golden Cross | RSI 48 óptimo | MACD positivo | BB zona baja
2026-09-28 19:33:45,XLE,8,1113.05,COMPRAR ★★★,EMA alcista | RSI 37 rebote | Cruce MACD | Banda BB inferior | EMA semanal alcista
2026-09-28 19:33:45,RTX,6,3352.43,COMPRAR ★★,Golden Cross | Cruce MACD | Banda BB inferior | EMA semanal alcista
2026-09-28 19:33:45,AME,6,4503.33,COMPRAR ★★,EMA alcista | MACD positivo | EMA semanal alcista
2026-09-28 19:33:45,LRCX,7,5652.89,COMPRAR ★★,Golden Cross | RSI 48 óptimo | MACD positivo | EMA semanal alcista
2026-09-28 19:33:45,JETS,8,512.34,COMPRAR ★★★,Golden Cross | RSI 53 óptimo | MACD positivo | Rebote EMA50 | EMA semanal alcista
2026-09-28 19:33:45,CUERVO.MX,6,14.18,COMPRAR ★★,Golden Cross | RSI 46 óptimo | Volumen alto | Banda BB inferior
2026-09-28 19:33:45,KOFUBL.MX,6,194.15,COMPRAR ★★,EMA alcista | MACD positivo | EMA semanal alcista
2026-09-28 19:33:45,PAYX,6,1783.81,COMPRAR ★★,Golden Cross | Cruce MACD | Banda BB inferior | EMA semanal alcista
2026-09-28 19:33:45,NVR,5,113223.69,OBSERVAR,Golden Cross | RSI 60 óptimo | MACD positivo
2026-09-28 19:33:45,EWU,9,848.71,COMPRAR ★★★,EMA alcista | RSI 37 rebote | Cruce MACD | BB zona baja | Stoch 29 | Rebote EMA50 | EMA semanal alcista
2026-09-28 19:33:45,BBVA.MC,7,514.48,COMPRAR ★★,EMA alcista | RSI 48 óptimo | Cruce MACD | EMA semanal alcista
2026-09-28 19:33:45,BIO,7,6794.19,COMPRAR ★★,EMA alcista | RSI 49 óptimo | Cruce MACD | EMA semanal alcista
2026-09-28 19:33:45,IBN,6,490.28,COMPRAR ★★,Golden Cross | Cruce MACD | Banda BB inferior | EMA semanal alcista
2026-09-28 19:33:45,CDNS,5,5885.65,OBSERVAR,Golden Cross | MACD positivo | EMA semanal alcista
2026-09-28 19:33:45,VLO,8,6970.99,COMPRAR ★★★,EMA alcista | RSI 53 óptimo | Cruce MACD | Stoch 44 | EMA semanal alcista
2026-09-28 19:33:45,ROST,7,4260.97,COMPRAR ★★,Golden Cross | RSI 62 óptimo | MACD positivo | EMA semanal alcista
2026-09-28 19:33:45,ACN,8,3117.69,COMPRAR ★★★,EMA alcista | RSI 45 óptimo | Cruce MACD | Banda BB inferior | Rebote EMA50
2026-09-28 19:33:45,XYL,4,1822.29,OBSERVAR,Golden Cross | Cruce MACD | Banda BB inferior
2026-09-28 19:33:45,UNP,6,4908.58,COMPRAR ★★,Golden Cross | Cruce MACD | BB zona baja | Stoch 26 | EMA semanal alcista
2026-09-28 19:33:45,INDA,7,844.68,COMPRAR ★★,Golden Cross | RSI 32 rebote | Cruce MACD | Banda BB inferior | EMA semanal alcista
2026-09-28 19:33:45,ACX.MC,8,355.22,COMPRAR ★★★,EMA alcista | RSI 39 rebote | Cruce MACD | BB zona baja | Stoch 35 | EMA semanal alcista
2026-09-28 19:33:45,IWM,6,5028.24,COMPRAR ★★,Golden Cross | Cruce MACD | Banda BB inferior | EMA semanal alcista
2026-09-28 19:33:45,GEV,8,17045.31,COMPRAR ★★★,Golden Cross | RSI 46 óptimo | MACD positivo | Rebote EMA50 | EMA semanal alcista
2026-09-28 19:33:45,FITB,7,925.23,COMPRAR ★★,Golden Cross | RSI 32 rebote | Cruce MACD | Banda BB inferior | EMA semanal alcista
2026-09-28 19:33:45,XLC,6,1993.34,COMPRAR ★★,EMA alcista | RSI 50 óptimo | BB zona baja | Rebote EMA50
2026-09-28 19:33:45,ESS,7,4901.94,COMPRAR ★★,Golden Cross | RSI 42 rebote | MACD positivo | Rebote EMA50 | EMA semanal alcista
2026-09-28 19:33:45,AVY,7,3090.42,COMPRAR ★★,EMA alcista | RSI 54 óptimo | Cruce MACD | EMA semanal alcista
2026-09-28 19:33:45,MTB,6,3950.62,COMPRAR ★★,Golden Cross | Cruce MACD | Banda BB inferior | EMA semanal alcista
2026-09-28 19:33:45,ELV,10,7057.95,COMPRAR ★★★,EMA alcista | RSI 45 óptimo | Cruce MACD | Banda BB inferior | Rebote EMA50 | EMA semanal alcista
2026-09-28 19:33:45,FICO,5,15016.0,OBSERVAR,Golden Cross | RSI 34 rebote | Cruce MACD | Banda BB inferior
2026-09-28 19:33:45,LULU,5,1811.07,OBSERVAR,Golden Cross | RSI 46 óptimo | MACD positivo
2026-09-28 19:33:45,KLAC,7,3413.24,COMPRAR ★★,Golden Cross | RSI 51 óptimo | MACD positivo | EMA semanal alcista
2026-09-28 19:33:45,BAC,6,994.29,COMPRAR ★★,Golden Cross | Cruce MACD | Banda BB inferior | EMA semanal alcista
2026-09-28 19:33:45,HD,6,5220.91,COMPRAR ★★,Golden Cross | Cruce MACD | Banda BB inferior | EMA semanal alcista
2026-09-28 19:33:45,HPE,8,1121.03,COMPRAR ★★★,EMA alcista | RSI 61 óptimo | MACD positivo | EMA semanal alcista
2026-09-28 19:33:45,USB,6,1053.85,COMPRAR ★★,Golden Cross | Cruce MACD | Banda BB inferior | EMA semanal alcista
2026-09-28 19:33:45,KEY,6,366.05,COMPRAR ★★,Golden Cross | Cruce MACD | Banda BB inferior | EMA semanal alcista
2026-09-28 19:33:45,BBWI,7,291.07,COMPRAR ★★,Golden Cross | RSI 30 rebote | Cruce MACD | Banda BB inferior | EMA semanal alcista
2026-09-28 19:33:45,EWY,6,3294.03,COMPRAR ★★,EMA alcista | RSI 45 óptimo | EMA semanal alcista
2026-09-28 19:33:45,NSC,6,5615.39,COMPRAR ★★,Golden Cross | Cruce MACD | BB zona baja | Stoch 25 | EMA semanal alcista
2026-09-28 19:33:45,BWA,7,1095.2,COMPRAR ★★,Golden Cross | RSI 34 rebote | Cruce MACD | BB zona baja | Stoch 33 | EMA semanal alcista
2026-09-28 19:33:45,CMG,7,576.57,COMPRAR ★★,Golden Cross | Cruce MACD | Volumen alto | Banda BB inferior | EMA semanal alcista
2026-09-28 19:33:45,GNRC,8,3678.83,COMPRAR ★★★,Golden Cross | RSI 59 óptimo | MACD positivo | Rebote EMA50 | EMA semanal alcista
2026-09-28 19:33:45,RMD,9,3986.67,COMPRAR ★★★,EMA alcista | RSI 53 óptimo | Cruce MACD | BB zona baja | Stoch 35 | EMA semanal alcista
2026-09-28 19:33:45,ROL,4,547.51,OBSERVAR,Golden Cross | Cruce MACD | Banda BB inferior
2026-09-28 19:33:45,CBOE,4,4547.28,OBSERVAR,Golden Cross | Cruce MACD | Banda BB inferior
2026-09-28 19:33:45,ETN,8,7716.91,COMPRAR ★★★,EMA alcista | RSI 53 óptimo | MACD positivo | EMA semanal alcista
2026-09-28 19:33:45,ON,7,1363.57,COMPRAR ★★,Golden Cross | RSI 57 óptimo | MACD positivo | EMA semanal alcista
2026-09-28 19:33:45,TXN,5,4990.21,OBSERVAR,Golden Cross | MACD positivo | EMA semanal alcista
2026-09-28 19:33:45,ZBRA,8,6666.55,COMPRAR ★★★,EMA alcista | RSI 63 óptimo | MACD positivo | EMA semanal alcista
2026-09-28 19:33:45,HOOD,6,2090.93,COMPRAR ★★,EMA alcista | RSI 49 óptimo | EMA semanal alcista
2026-09-28 19:33:45,SPY,8,13736.39,COMPRAR ★★★,EMA alcista | RSI 51 óptimo | MACD positivo | EMA semanal alcista
2026-09-28 19:33:45,AJG,7,4107.77,COMPRAR ★★,Golden Cross | RSI 30 rebote | Cruce MACD | Banda BB inferior | EMA semanal alcista
2026-09-28 19:33:45,MSFT,7,9155.02,COMPRAR ★★,EMA alcista | RSI 60 óptimo | Cruce MACD | EMA semanal alcista
2026-09-28 19:33:45,IBE.MC,7,414.77,COMPRAR ★★,Golden Cross | RSI 60 óptimo | MACD positivo | EMA semanal alcista
2026-09-28 19:33:45,GAPB.MX,3,384.88,EVITAR,Golden Cross | MACD positivo
2026-09-28 19:33:45,EEM,5,1205.62,OBSERVAR,EMA alcista | RSI 43 rebote | EMA semanal alcista
2026-09-28 19:33:45,URI,7,18787.59,COMPRAR ★★,Golden Cross | RSI 59 óptimo | MACD positivo | EMA semanal alcista
2026-09-28 19:33:45,SOFI,6,285.42,COMPRAR ★★,Golden Cross | Cruce MACD | Banda BB inferior | EMA semanal alcista
2026-09-28 19:33:45,GRMN,6,5272.93,COMPRAR ★★,EMA alcista | MACD positivo | EMA semanal alcista
2026-09-28 19:33:45,IVVPESO.MX,9,157.1,COMPRAR ★★★,EMA alcista | RSI 54 óptimo | MACD positivo | Volumen alto | EMA semanal alcista
2026-09-28 19:33:45,LDOS,4,2189.5,OBSERVAR,RSI 37 rebote | Cruce MACD | Banda BB inferior
2026-09-28 19:33:45,EME,8,13686.78,COMPRAR ★★★,Golden Cross | RSI 47 óptimo | MACD positivo | Rebote EMA50 | EMA semanal alcista
2026-09-28 19:33:45,KO,8,1566.38,COMPRAR ★★★,EMA alcista | RSI 47 óptimo | Cruce MACD | BB zona baja | EMA semanal alcista
2026-09-28 19:33:45,AAPL,6,6068.9,COMPRAR ★★,EMA alcista | MACD positivo | EMA semanal alcista
2026-09-28 19:33:45,TEF.MC,5,69.47,OBSERVAR,Golden Cross | RSI 35 rebote | Cruce MACD | Banda BB inferior
2026-09-28 19:33:45,LIN,6,8470.9,COMPRAR ★★,Golden Cross | RSI 55 óptimo | MACD positivo | Rebote EMA50
2026-09-28 19:33:45,WEC,4,1817.26,OBSERVAR,Golden Cross | Cruce MACD | Banda BB inferior
2026-09-28 19:33:45,ETR,4,1751.07,OBSERVAR,Golden Cross | Cruce MACD | Banda BB inferior
2026-09-28 19:33:45,T,6,446.96,COMPRAR ★★,EMA alcista | RSI 43 rebote | Cruce MACD | Banda BB inferior
2026-09-28 19:33:45,VRT,5,4386.54,OBSERVAR,Golden Cross | RSI 30 rebote | MACD positivo | BB zona baja
2026-09-28 19:33:45,KHC,6,422.2,COMPRAR ★★,Golden Cross | Cruce MACD | Banda BB inferior | EMA semanal alcista
2026-09-28 19:33:45,BIIB,6,4108.3,COMPRAR ★★,EMA alcista | MACD positivo | EMA semanal alcista
2026-09-28 19:33:45,HAL,4,584.02,OBSERVAR,Golden Cross | Cruce MACD | Banda BB inferior
2026-09-28 19:33:45,QQQ,8,13221.34,COMPRAR ★★★,EMA alcista | RSI 61 óptimo | MACD positivo | EMA semanal alcista
2026-09-28 19:33:45,IAG.MC,7,103.92,COMPRAR ★★,Golden Cross | RSI 58 óptimo | MACD positivo | EMA semanal alcista
2026-09-28 19:33:45,RJF,6,2884.66,COMPRAR ★★,Golden Cross | Cruce MACD | BB zona baja | Stoch 25 | EMA semanal alcista
2026-09-28 19:33:45,CSX,6,838.67,COMPRAR ★★,Golden Cross | RSI 31 rebote | Cruce MACD | BB zona baja | EMA semanal alcista
2026-09-28 19:33:45,VTR,5,1557.95,OBSERVAR,Golden Cross | Cruce MACD | BB zona baja | EMA semanal alcista
2026-09-28 19:33:45,JPM,8,6033.65,COMPRAR ★★★,EMA alcista | RSI 32 rebote | Cruce MACD | Banda BB inferior | EMA semanal alcista
2026-09-28 19:33:45,FUNO11.MX,9,29.6,COMPRAR ★★★,Golden Cross | RSI 59 óptimo | MACD positivo | Cruce MACD | Stoch 45 | EMA semanal alcista
2026-09-28 19:33:45,ORCL,4,2382.9,OBSERVAR,Golden Cross | Cruce MACD | Banda BB inferior
2026-09-28 19:33:45,FTNT,6,3171.69,COMPRAR ★★,EMA alcista | MACD positivo | EMA semanal alcista
2026-09-28 19:33:45,ROBO,8,1441.61,COMPRAR ★★★,Golden Cross | RSI 53 óptimo | MACD positivo | Rebote EMA50 | EMA semanal alcista
2026-09-28 19:33:45,TGT,6,2843.58,COMPRAR ★★,EMA alcista | RSI 43 rebote | Cruce MACD | EMA semanal alcista
2026-09-28 19:33:45,MU,8,18930.02,VENDER,EMA alcista | RSI 57 óptimo | MACD positivo | EMA semanal alcista | 🎯 Take Profit +17.8%
2026-09-28 19:33:45,XLV,6,3073.2,COMPRAR ★★,EMA alcista | MACD positivo | EMA semanal alcista
2026-09-28 19:33:45,ADM,9,1450.04,COMPRAR ★★★,EMA alcista | RSI 38 rebote | Cruce MACD | Banda BB inferior | Rebote EMA50 | EMA semanal alcista
2026-09-28 19:33:45,NI,4,702.69,OBSERVAR,Golden Cross | Cruce MACD | Banda BB inferior
2026-09-28 19:33:45,DPZ,3,5255.35,EVITAR,Golden Cross | Cruce MACD | BB zona baja
2026-09-28 19:33:45,PLUG,4,33.42,VENDER,Golden Cross | Cruce MACD | Banda BB inferior | 🛑 Stop Loss -50.9%
2026-09-28 19:33:45,ANA.MC,6,4355.66,COMPRAR ★★,Golden Cross | RSI 49 óptimo | MACD positivo | Rebote EMA50
2026-09-28 19:33:45,MRK,7,2665.08,COMPRAR ★★,EMA alcista | RSI 53 óptimo | Cruce MACD | EMA semanal alcista
2026-09-28 19:33:45,EWT,8,2048.68,COMPRAR ★★★,EMA alcista | RSI 55 óptimo | MACD positivo | EMA semanal alcista
2026-09-28 19:33:45,WDC,6,8186.65,COMPRAR ★★,Golden Cross | RSI 44 rebote | MACD positivo | EMA semanal alcista
2026-09-28 19:33:45,IR,6,1380.17,COMPRAR ★★,Golden Cross | RSI 57 óptimo | MACD positivo | Rebote EMA50
2026-09-28 19:33:45,TYL,8,5805.37,COMPRAR ★★★,EMA alcista | RSI 34 rebote | Cruce MACD | Banda BB inferior | EMA semanal alcista
2026-09-28 19:33:45,GOOG,8,6077.87,COMPRAR ★★★,Golden Cross | RSI 53 óptimo | MACD positivo | Rebote EMA50 | EMA semanal alcista
2026-09-28 19:33:45,PBR,6,372.24,COMPRAR ★★,EMA alcista | RSI 49 óptimo | Cruce MACD | Stoch 31
2026-09-28 19:33:45,DDOG,6,4869.83,COMPRAR ★★,EMA alcista | MACD positivo | EMA semanal alcista
2026-09-28 19:33:45,PH,8,17385.08,COMPRAR ★★★,Golden Cross | RSI 55 óptimo | MACD positivo | Rebote EMA50 | EMA semanal alcista
2026-09-28 19:33:45,EWA,8,511.99,COMPRAR ★★★,Golden Cross | RSI 33 rebote | Cruce MACD | BB zona baja | Stoch 20 | Rebote EMA50 | EMA semanal alcista
2026-09-28 19:33:45,XLF,6,971.6,COMPRAR ★★,Golden Cross | Cruce MACD | Banda BB inferior | EMA semanal alcista
2026-09-28 19:33:45,ROK,8,7744.08,COMPRAR ★★★,Golden Cross | RSI 52 óptimo | MACD positivo | Rebote EMA50 | EMA semanal alcista
2026-10-01 13:48:41,CHTR,4,1991.28,OBSERVAR,Golden Cross | Cruce MACD | Banda BB inferior
2026-10-01 13:48:41,PLUG,5,34.43,VENDER,Golden Cross | RSI 34 rebote | Cruce MACD | Banda BB inferior | 🛑 Stop Loss -49.4%
2026-10-01 13:48:41,BAC,6,977.29,COMPRAR ★★,Golden Cross | Cruce MACD | Banda BB inferior | EMA semanal alcista
2026-10-01 13:48:41,GPN,8,1492.91,COMPRAR ★★★,EMA alcista | RSI 31 rebote | Cruce MACD | Banda BB inferior | EMA semanal alcista
2026-10-01 13:48:41,IWM,6,5022.89,COMPRAR ★★,Golden Cross | Cruce MACD | Banda BB inferior | EMA semanal alcista
2026-10-01 13:48:41,LCID,7,75.13,COMPRAR ★★,Golden Cross | RSI 47 óptimo | MACD positivo | BB zona baja | Stoch 41
2026-10-01 13:48:41,NTRS,6,3076.67,COMPRAR ★★,Golden Cross | Cruce MACD | Banda BB inferior | EMA semanal alcista
2026-10-01 13:48:41,BILL,7,787.52,COMPRAR ★★,RSI 35 rebote | Cruce MACD | Banda BB inferior | Stoch 25 | EMA semanal alcista
2026-10-01 13:48:41,NVDA,6,4187.68,COMPRAR ★★,EMA alcista | MACD positivo | EMA semanal alcista
2026-10-01 13:48:41,RJF,5,2877.36,OBSERVAR,Golden Cross | Cruce MACD | BB zona baja | EMA semanal alcista
2026-10-01 13:48:41,AOS,6,1016.76,COMPRAR ★★,Golden Cross | RSI 38 rebote | MACD positivo | Banda BB inferior
2026-10-01 13:48:41,INCY,10,2193.77,COMPRAR ★★★,EMA alcista | RSI 48 óptimo | Cruce MACD | Banda BB inferior | Rebote EMA50 | EMA semanal alcista
2026-10-01 13:48:41,DPZ,6,5419.97,COMPRAR ★★,Golden Cross | RSI 41 rebote | MACD positivo | Cruce MACD | BB zona baja
2026-10-01 13:48:41,ADI,8,7228.38,COMPRAR ★★★,EMA alcista | RSI 63 óptimo | MACD positivo | EMA semanal alcista
2026-10-01 13:48:41,IT,7,3637.35,COMPRAR ★★,EMA alcista | MACD positivo | Cruce MACD | EMA semanal alcista
2026-10-01 13:48:41,CHD,7,1702.4,COMPRAR ★★,Golden Cross | RSI 47 óptimo | Banda BB inferior | EMA semanal alcista
2026-10-01 13:48:41,XHB,8,1721.84,COMPRAR ★★★,Golden Cross | RSI 39 rebote | MACD positivo | Banda BB inferior | EMA semanal alcista
2026-10-01 13:48:41,XLB,6,874.27,COMPRAR ★★,Golden Cross | Cruce MACD | Banda BB inferior | EMA semanal alcista
2026-10-01 13:48:41,IVZ,9,550.51,COMPRAR ★★★,EMA alcista | RSI 31 rebote | Cruce MACD | BB zona baja | Stoch 31 | Rebote EMA50 | EMA semanal alcista
2026-10-01 13:48:41,HD,6,5086.57,COMPRAR ★★,Golden Cross | Cruce MACD | Banda BB inferior | EMA semanal alcista
2026-10-01 13:48:41,MSFT,9,9418.87,COMPRAR ★★★,EMA alcista | RSI 63 óptimo | MACD positivo | Cruce MACD | EMA semanal alcista
2026-10-01 13:48:41,GL,6,3010.17,COMPRAR ★★,Golden Cross | Cruce MACD | Banda BB inferior | EMA semanal alcista
2026-10-01 13:48:41,MU,8,18980.92,VENDER,EMA alcista | RSI 61 óptimo | MACD positivo | EMA semanal alcista | 🎯 Take Profit +18.1%
2026-10-01 13:48:41,JNJ,9,4783.79,COMPRAR ★★★,EMA alcista | RSI 43 rebote | Cruce MACD | Banda BB inferior | Rebote EMA50 | EMA semanal alcista
2026-10-01 13:48:41,MEL.MC,5,210.9,OBSERVAR,Golden Cross | MACD positivo | EMA semanal alcista
2026-10-01 13:48:41,SBUX,5,1709.21,OBSERVAR,Golden Cross | Cruce MACD | BB zona baja | EMA semanal alcista
2026-10-01 13:48:41,UAL,7,1994.37,COMPRAR ★★,Golden Cross | RSI 50 óptimo | MACD positivo | EMA semanal alcista
2026-10-01 13:48:41,INTU,5,5257.27,OBSERVAR,Golden Cross | RSI 36 rebote | Cruce MACD | BB zona baja | Stoch 34
2026-10-01 13:48:41,DVA,7,3188.23,COMPRAR ★★,Golden Cross | RSI 43 rebote | Cruce MACD | Banda BB inferior | EMA semanal alcista
2026-10-01 13:48:41,ROL,4,549.06,OBSERVAR,Golden Cross | Cruce MACD | Banda BB inferior
2026-10-01 13:48:41,AVGO,7,6363.37,COMPRAR ★★,Golden Cross | RSI 43 rebote | MACD positivo | BB zona baja | EMA semanal alcista
2026-10-01 13:48:41,KOFUBL.MX,6,195.0,COMPRAR ★★,EMA alcista | MACD positivo | EMA semanal alcista
2026-10-01 13:48:41,PCG,5,217.3,OBSERVAR,Golden Cross | MACD positivo | Banda BB inferior
2026-10-01 13:48:41,SPG,5,3612.74,OBSERVAR,Golden Cross | Banda BB inferior | EMA semanal alcista
2026-10-01 13:48:41,PPL,4,589.3,OBSERVAR,Golden Cross | RSI 31 rebote | Cruce MACD | BB zona baja
2026-10-01 13:48:41,AKAM,4,1933.23,OBSERVAR,Golden Cross | RSI 50 óptimo | BB zona baja
2026-10-01 13:48:41,CRL,8,5340.93,COMPRAR ★★★,EMA alcista | RSI 64 óptimo | MACD positivo | EMA semanal alcista
2026-10-01 13:48:41,GOOG,8,6181.23,COMPRAR ★★★,Golden Cross | RSI 54 óptimo | MACD positivo | Rebote EMA50 | EMA semanal alcista
2026-10-01 13:48:41,PDD,7,1413.7,COMPRAR ★★,Golden Cross | RSI 50 óptimo | MACD positivo | BB zona baja | Stoch 21
2026-10-01 13:48:41,ACS.MC,6,1886.41,COMPRAR ★★,Golden Cross | RSI 34 rebote | MACD positivo | BB zona baja | Stoch 34
2026-10-01 13:48:41,EEM,7,1213.12,COMPRAR ★★,EMA alcista | RSI 44 rebote | Cruce MACD | BB zona baja | EMA semanal alcista
2026-10-01 13:48:41,FTV,8,1001.73,COMPRAR ★★★,Golden Cross | RSI 53 óptimo | MACD positivo | BB zona baja | EMA semanal alcista
2026-10-01 13:48:41,FATE,7,42.7,COMPRAR ★★,Golden Cross | RSI 53 óptimo | Cruce MACD | BB zona baja | EMA semanal alcista
2026-10-01 13:48:41,HWM,8,4119.73,COMPRAR ★★★,Golden Cross | RSI 46 óptimo | MACD positivo | BB zona baja | EMA semanal alcista
2026-10-01 13:48:41,JKHY,6,2656.98,COMPRAR ★★,Golden Cross | RSI 30 rebote | Cruce MACD | BB zona baja | EMA semanal alcista
2026-10-01 13:48:41,BWA,6,1087.75,COMPRAR ★★,Golden Cross | Cruce MACD | Banda BB inferior | EMA semanal alcista
2026-10-01 13:48:41,MAR,5,6476.92,OBSERVAR,Golden Cross | MACD positivo | EMA semanal alcista
2026-10-01 13:48:41,AMGN,6,7591.57,COMPRAR ★★,EMA alcista | MACD positivo | EMA semanal alcista
2026-10-01 13:48:41,SCHW,6,1781.43,COMPRAR ★★,Golden Cross | Cruce MACD | Banda BB inferior | EMA semanal alcista
2026-10-01 13:48:41,MCD,4,4214.12,OBSERVAR,Golden Cross | Cruce MACD | Banda BB inferior
2026-10-01 13:48:41,LRCX,5,6118.4,OBSERVAR,Golden Cross | MACD positivo | EMA semanal alcista
2026-10-01 13:48:41,CRM,8,4280.61,COMPRAR ★★★,EMA alcista | RSI 41 rebote | Cruce MACD | BB zona baja | Stoch 35 | EMA semanal alcista
2026-10-01 13:48:41,CABK.MC,7,251.11,COMPRAR ★★,EMA alcista | Cruce MACD | Banda BB inferior | EMA semanal alcista
2026-10-01 13:48:41,NDAQ,8,1686.59,COMPRAR ★★★,EMA alcista | RSI 56 óptimo | Cruce MACD | Rebote EMA50 | EMA semanal alcista
2026-10-01 13:48:41,IBE.MC,9,425.29,COMPRAR ★★★,EMA alcista | Golden Cross | RSI 62 óptimo | MACD positivo | EMA semanal alcista
2026-10-01 13:48:41,ETN,8,7770.8,COMPRAR ★★★,EMA alcista | RSI 51 óptimo | MACD positivo | EMA semanal alcista
2026-10-01 13:48:41,AI,8,195.49,COMPRAR ★★★,EMA alcista | RSI 53 óptimo | Cruce MACD | Stoch 48 | EMA semanal alcista
2026-10-01 13:48:41,DOV,6,3420.78,COMPRAR ★★,Golden Cross | RSI 48 óptimo | MACD positivo | BB zona baja
2026-10-01 13:48:41,KIM,6,397.89,COMPRAR ★★,Golden Cross | Cruce MACD | Banda BB inferior | EMA semanal alcista
2026-10-01 13:48:41,PNW,6,1668.42,COMPRAR ★★,Golden Cross | RSI 31 rebote | MACD positivo | Cruce MACD | BB zona baja
2026-10-01 13:48:41,CAT,8,14685.68,COMPRAR ★★★,Golden Cross | RSI 46 óptimo | MACD positivo | Rebote EMA50 | EMA semanal alcista
2026-10-01 13:48:41,SMSNN.MX,6,93202.0,COMPRAR ★★,EMA alcista | MACD positivo | EMA semanal alcista
2026-10-01 13:48:41,JETS,8,509.45,COMPRAR ★★★,Golden Cross | RSI 49 óptimo | MACD positivo | BB zona baja | EMA semanal alcista
2026-10-01 13:48:41,RIVN,7,268.44,COMPRAR ★★,Golden Cross | RSI 33 rebote | Cruce MACD | Banda BB inferior | EMA semanal alcista
2026-10-01 13:48:41,CNP,4,663.88,OBSERVAR,Golden Cross | Cruce MACD | Banda BB inferior
2026-10-01 13:48:41,ACX.MC,9,351.23,COMPRAR ★★★,EMA alcista | RSI 44 rebote | Cruce MACD | Banda BB inferior | Rebote EMA50 | EMA semanal alcista
2026-10-01 13:48:41,LYV,8,3067.13,COMPRAR ★★★,Golden Cross | RSI 46 óptimo | MACD positivo | BB zona baja | EMA semanal alcista
2026-10-01 13:48:41,CTVA,5,234.19,OBSERVAR,Golden Cross | Cruce MACD | Volumen alto | Banda BB inferior
2026-10-01 13:48:41,NVCR,7,296.22,COMPRAR ★★,Golden Cross | RSI 63 óptimo | Cruce MACD | Rebote EMA50 | EMA semanal alcista
2026-10-01 13:48:41,O,4,970.93,OBSERVAR,Golden Cross | Cruce MACD | Banda BB inferior
2026-10-01 13:48:41,KRE,6,1246.18,COMPRAR ★★,Golden Cross | Cruce MACD | Banda BB inferior | EMA semanal alcista
2026-10-01 13:48:41,IQV,7,4851.65,COMPRAR ★★,EMA alcista | RSI 58 óptimo | Cruce MACD | EMA semanal alcista
2026-10-01 13:48:41,KTOS,4,769.53,OBSERVAR,Golden Cross | Cruce MACD | Banda BB inferior
2026-10-01 13:48:41,EMN,5,1148.71,OBSERVAR,Golden Cross | RSI 33 rebote | Cruce MACD | Banda BB inferior
2026-10-01 13:48:41,PLD,6,2327.4,COMPRAR ★★,Golden Cross | Cruce MACD | Banda BB inferior | EMA semanal alcista
2026-10-01 13:48:41,CF,4,2067.95,OBSERVAR,Golden Cross | Cruce MACD | Banda BB inferior
2026-10-01 13:48:41,KLAC,5,3594.57,OBSERVAR,Golden Cross | MACD positivo | EMA semanal alcista
2026-10-01 13:48:41,XLF,6,969.93,COMPRAR ★★,Golden Cross | Cruce MACD | Banda BB inferior | EMA semanal alcista
2026-10-01 13:48:41,ABBV,7,4733.65,COMPRAR ★★,EMA alcista | RSI 60 óptimo | Cruce MACD | EMA semanal alcista
2026-10-01 13:48:41,CSCO,10,1956.21,COMPRAR ★★★,Golden Cross | RSI 36 rebote | MACD positivo | Cruce MACD | BB zona baja | Stoch 44 | Rebote EMA50 | EMA semanal alcista
2026-10-01 13:48:41,MAP.MC,7,86.04,COMPRAR ★★,Golden Cross | RSI 33 rebote | Cruce MACD | Banda BB inferior | EMA semanal alcista
2026-10-01 13:48:41,RF,6,480.47,COMPRAR ★★,Golden Cross | Cruce MACD | Banda BB inferior | EMA semanal alcista
2026-10-01 13:48:41,SOXX,6,10332.39,COMPRAR ★★,EMA alcista | MACD positivo | EMA semanal alcista
2026-10-01 13:48:41,ADM,7,1430.41,COMPRAR ★★,EMA alcista | Cruce MACD | Banda BB inferior | EMA semanal alcista
2026-10-01 13:48:41,EWZ,4,678.87,OBSERVAR,EMA alcista | RSI 42 rebote | Cruce MACD
2026-10-01 13:48:41,SMR,4,143.44,OBSERVAR,Golden Cross | RSI 40 rebote | Cruce MACD | BB zona baja
2026-10-01 13:48:41,DLTR,7,2089.75,COMPRAR ★★,Golden Cross | RSI 44 rebote | MACD positivo | Stoch 40 | EMA semanal alcista
2026-10-01 13:48:41,HST,8,404.89,COMPRAR ★★★,Golden Cross | RSI 55 óptimo | MACD positivo | Rebote EMA50 | EMA semanal alcista
2026-10-01 13:48:41,Q.MX,5,148.02,OBSERVAR,Golden Cross | RSI 35 rebote | Volumen alto | Banda BB inferior
2026-10-01 13:48:41,PATH,7,237.37,COMPRAR ★★,Golden Cross | RSI 43 rebote | Cruce MACD | BB zona baja | Stoch 44 | EMA semanal alcista
2026-10-01 13:48:41,VOLARA.MX,6,11.95,COMPRAR ★★,Golden Cross | RSI 61 óptimo | MACD positivo | Volumen alto
2026-10-01 13:48:41,LOW,4,3297.78,OBSERVAR,Golden Cross | Cruce MACD | Banda BB inferior
2026-10-01 13:48:41,ADP,9,4826.85,COMPRAR ★★★,EMA alcista | RSI 46 óptimo | Cruce MACD | BB zona baja | Stoch 38 | EMA semanal alcista
2026-10-01 13:48:41,HCA,5,7829.12,OBSERVAR,EMA alcista | RSI 54 óptimo | Cruce MACD
2026-10-01 13:48:41,COST,6,16468.38,COMPRAR ★★,Golden Cross | RSI 51 óptimo | MACD positivo | Rebote EMA50
2026-10-01 13:48:41,CE,5,775.29,OBSERVAR,Golden Cross | RSI 40 rebote | Cruce MACD | Banda BB inferior
2026-10-01 13:48:41,PBR,6,382.45,COMPRAR ★★,EMA alcista | RSI 48 óptimo | Cruce MACD | Stoch 47
2026-10-01 13:48:41,BBAJIOO.MX,8,57.78,COMPRAR ★★★,EMA alcista | RSI 51 óptimo | Cruce MACD | Volumen alto | EMA semanal alcista
2026-10-01 13:48:41,ELE.MC,9,850.99,COMPRAR ★★★,EMA alcista | RSI 46 óptimo | Cruce MACD | BB zona baja | Stoch 22 | EMA semanal alcista
2026-10-01 13:48:41,REGN,10,13749.81,COMPRAR ★★★,EMA alcista | RSI 41 rebote | Cruce MACD | Banda BB inferior | Stoch 21 | Rebote EMA50 | EMA semanal alcista
2026-10-01 13:48:41,RVTY,6,2786.52,COMPRAR ★★,EMA alcista | MACD positivo | EMA semanal alcista
2026-10-01 13:48:41,PEG,3,1217.75,EVITAR,Golden Cross | Cruce MACD | BB zona baja
2026-10-01 13:48:41,AME,8,4515.71,COMPRAR ★★★,EMA alcista | RSI 60 óptimo | MACD positivo | EMA semanal alcista
2026-10-01 13:48:41,DDOG,6,4995.09,COMPRAR ★★,EMA alcista | MACD positivo | EMA semanal alcista
2026-10-01 13:48:41,KEY,6,358.92,COMPRAR ★★,Golden Cross | Cruce MACD | Banda BB inferior | EMA semanal alcista
2026-10-01 13:48:41,WYNN,4,1400.98,OBSERVAR,Golden Cross | Cruce MACD | Banda BB inferior
2026-10-01 13:48:41,BLK,8,19393.07,COMPRAR ★★★,Golden Cross | RSI 47 óptimo | MACD positivo | Rebote EMA50 | EMA semanal alcista
2026-10-01 13:48:41,SAN.MC,8,248.69,COMPRAR ★★★,EMA alcista | Cruce MACD | Banda BB inferior | Rebote EMA50 | EMA semanal alcista
2026-10-01 13:48:41,DHI,6,2422.06,COMPRAR ★★,Golden Cross | RSI 42 rebote | Banda BB inferior | EMA semanal alcista
2026-10-01 13:48:41,EFX,4,2529.07,OBSERVAR,Golden Cross | Cruce MACD | Banda BB inferior
2026-10-01 13:48:41,JPM,6,5994.09,COMPRAR ★★,Golden Cross | Cruce MACD | Banda BB inferior | EMA semanal alcista
2026-10-01 13:48:41,LUV,8,752.82,COMPRAR ★★★,Golden Cross | RSI 65 óptimo | MACD positivo | Rebote EMA50 | EMA semanal alcista
2026-10-01 13:48:41,SO,4,1494.0,OBSERVAR,Golden Cross | Cruce MACD | Banda BB inferior
2026-10-01 13:48:41,TSCO,5,564.86,OBSERVAR,Golden Cross | RSI 35 rebote | Cruce MACD | Banda BB inferior
2026-10-01 13:48:41,XLC,7,2012.72,COMPRAR ★★,EMA alcista | RSI 46 óptimo | Cruce MACD | BB zona baja | Rebote EMA50
2026-10-01 13:48:41,ISRG,4,7410.15,OBSERVAR,EMA alcista | MACD positivo
2026-10-01 13:48:41,NKE,6,650.71,COMPRAR ★★,Golden Cross | RSI 42 rebote | MACD positivo | BB zona baja | Stoch 29
2026-10-01 13:48:41,ORLY,7,1543.51,COMPRAR ★★,Golden Cross | RSI 47 óptimo | MACD positivo | BB zona baja | Rebote EMA50
2026-10-01 13:48:41,OMC,7,1384.54,COMPRAR ★★,Golden Cross | RSI 43 rebote | Cruce MACD | BB zona baja | Stoch 36 | EMA semanal alcista
2026-10-01 13:48:41,TMUS,3,2959.66,EVITAR,Golden Cross | Cruce MACD | BB zona baja
2026-10-01 13:48:41,ABT,7,1791.79,COMPRAR ★★,Golden Cross | RSI 33 rebote | Cruce MACD | Banda BB inferior | EMA semanal alcista
2026-10-01 13:48:41,DG,9,2180.87,COMPRAR ★★★,EMA alcista | RSI 42 rebote | Cruce MACD | Banda BB inferior | Rebote EMA50 | EMA semanal alcista
2026-10-01 13:48:41,PNR,6,962.94,COMPRAR ★★,Golden Cross | MACD positivo | Cruce MACD | Banda BB inferior
2026-10-01 13:48:41,ICLN,5,305.51,OBSERVAR,Golden Cross | RSI 34 rebote | Cruce MACD | Banda BB inferior
2026-10-01 13:48:41,TGT,8,2832.67,COMPRAR ★★★,EMA alcista | RSI 50 óptimo | Cruce MACD | BB zona baja | EMA semanal alcista
2026-10-01 13:48:41,SHW,8,5751.63,COMPRAR ★★★,Golden Cross | RSI 43 rebote | MACD positivo | Banda BB inferior | EMA semanal alcista
2026-10-01 13:48:41,VZ,5,834.21,OBSERVAR,Cruce MACD | Banda BB inferior | EMA semanal alcista
2026-10-01 13:48:41,TFX,6,2274.35,COMPRAR ★★,Golden Cross | RSI 36 rebote | Cruce MACD | BB zona baja | EMA semanal alcista
2026-10-01 13:48:41,ED,4,1863.92,OBSERVAR,Golden Cross | RSI 31 rebote | Cruce MACD | BB zona baja
2026-10-01 13:48:41,USO,8,2667.51,COMPRAR ★★★,EMA alcista | RSI 42 rebote | Cruce MACD | BB zona baja | Stoch 20 | EMA semanal alcista
2026-10-01 13:48:41,CRWD,6,4793.6,COMPRAR ★★,EMA alcista | MACD positivo | EMA semanal alcista
2026-10-01 13:48:41,NOK,6,182.78,VENDER,Golden Cross | RSI 37 rebote | Cruce MACD | BB zona baja | EMA semanal alcista | 🛑 Stop Loss -35.3%
2026-10-01 13:48:41,SNPS,7,8678.41,COMPRAR ★★,EMA alcista | Golden Cross | MACD positivo | EMA semanal alcista
2026-10-01 13:48:41,RXRX,6,74.04,COMPRAR ★★,EMA alcista | MACD positivo | EMA semanal alcista
2026-10-01 13:48:41,FIBRAHD15.MX,7,2.15,VENDER,Golden Cross | RSI 50 óptimo | MACD positivo | Cruce MACD | Rebote EMA50 | 🛑 Stop Loss -8.1%
2026-10-01 13:48:41,APTV,5,780.52,OBSERVAR,Golden Cross | RSI 35 rebote | MACD positivo | BB zona baja
2026-10-01 13:48:41,T,6,445.04,COMPRAR ★★,EMA alcista | Cruce MACD | Banda BB inferior | Rebote EMA50
2026-10-01 13:48:41,BKNG,8,2945.22,COMPRAR ★★★,Golden Cross | RSI 32 rebote | MACD positivo | Cruce MACD | BB zona baja | EMA semanal alcista
2026-10-01 13:48:41,NTES,7,2208.94,COMPRAR ★★,Golden Cross | RSI 64 óptimo | MACD positivo | EMA semanal alcista
2026-10-01 13:48:41,UPS,6,1703.67,COMPRAR ★★,Golden Cross | RSI 34 rebote | Cruce MACD | BB zona baja | EMA semanal alcista
2026-10-01 13:48:41,SOFI,7,287.7,COMPRAR ★★,Golden Cross | RSI 30 rebote | Cruce MACD | Banda BB inferior | EMA semanal alcista
2026-10-01 13:48:41,IDXX,6,9503.81,COMPRAR ★★,Golden Cross | RSI 63 óptimo | MACD positivo | Rebote EMA50
2026-10-01 13:48:41,BIO,9,6745.82,COMPRAR ★★★,EMA alcista | RSI 52 óptimo | Cruce MACD | Banda BB inferior | EMA semanal alcista
2026-10-01 13:48:41,CB,6,5947.76,COMPRAR ★★,Golden Cross | Cruce MACD | Banda BB inferior | EMA semanal alcista
2026-10-01 13:48:41,VWO,9,1074.58,COMPRAR ★★★,EMA alcista | RSI 41 rebote | Cruce MACD | Banda BB inferior | Rebote EMA50 | EMA semanal alcista
2026-10-01 13:48:41,EXR,7,2381.63,COMPRAR ★★,Golden Cross | RSI 38 rebote | Cruce MACD | Banda BB inferior | EMA semanal alcista
2026-10-01 13:48:41,HUM,7,6977.15,COMPRAR ★★,EMA alcista | RSI 35 rebote | Cruce MACD | BB zona baja | EMA semanal alcista
2026-10-01 13:48:41,RKLB,5,1264.72,OBSERVAR,Golden Cross | RSI 63 óptimo | MACD positivo
2026-10-01 13:48:41,AAPL,7,6021.07,COMPRAR ★★,EMA alcista | RSI 49 óptimo | Cruce MACD | EMA semanal alcista
2026-10-01 13:48:41,PHM,6,2058.05,COMPRAR ★★,Golden Cross | RSI 40 rebote | Banda BB inferior | EMA semanal alcista
2026-10-01 13:48:41,TXT,4,1378.45,OBSERVAR,Golden Cross | Cruce MACD | Banda BB inferior
2026-10-01 13:48:41,XYL,4,1830.12,OBSERVAR,Golden Cross | Cruce MACD | Banda BB inferior
2026-10-01 13:48:41,VRT,5,4370.27,OBSERVAR,Golden Cross | RSI 40 rebote | MACD positivo | BB zona baja
2026-10-01 13:48:41,CPB,7,354.65,COMPRAR ★★,Golden Cross | RSI 35 rebote | Cruce MACD | Banda BB inferior | EMA semanal alcista
2026-10-01 13:48:41,FITB,6,906.43,COMPRAR ★★,Golden Cross | Cruce MACD | Banda BB inferior | EMA semanal alcista
2026-10-01 13:48:41,INVH,7,475.11,COMPRAR ★★,Golden Cross | MACD positivo | Banda BB inferior | EMA semanal alcista
2026-10-01 13:48:41,NOW,7,2518.44,COMPRAR ★★,EMA alcista | RSI 57 óptimo | Cruce MACD | EMA semanal alcista
2026-10-01 13:48:41,TER,8,7368.28,COMPRAR ★★★,EMA alcista | RSI 58 óptimo | MACD positivo | EMA semanal alcista
2026-10-01 13:48:41,ACN,6,4082.67,COMPRAR ★★,EMA alcista | MACD positivo | Cruce MACD | Volumen alto
2026-10-01 13:48:41,KWEB,7,446.86,COMPRAR ★★,Golden Cross | RSI 50 óptimo | MACD positivo | BB zona baja | Stoch 30
2026-10-01 13:48:41,CDW,6,2424.6,COMPRAR ★★,Cruce MACD | Banda BB inferior | Stoch 21 | EMA semanal alcista
2026-10-01 13:48:41,UPST,7,418.15,COMPRAR ★★,Golden Cross | RSI 31 rebote | Cruce MACD | Banda BB inferior | EMA semanal alcista
2026-10-01 13:48:41,HLT,7,5771.44,COMPRAR ★★,Golden Cross | RSI 64 óptimo | MACD positivo | EMA semanal alcista
2026-10-01 13:48:41,CVX,8,3732.01,COMPRAR ★★★,EMA alcista | RSI 37 rebote | Cruce MACD | BB zona baja | Stoch 27 | EMA semanal alcista
2026-10-01 13:48:41,LULU,7,1774.8,COMPRAR ★★,Golden Cross | RSI 47 óptimo | MACD positivo | BB zona baja | Stoch 26
2026-10-01 13:48:41,BBWI,6,295.51,COMPRAR ★★,Golden Cross | Cruce MACD | BB zona baja | Stoch 20 | EMA semanal alcista
2026-10-01 13:48:41,APA,7,771.62,COMPRAR ★★,EMA alcista | RSI 42 rebote | Cruce MACD | BB zona baja | EMA semanal alcista
2026-10-01 13:48:41,XLE,7,1122.37,COMPRAR ★★,EMA alcista | RSI 33 rebote | Cruce MACD | BB zona baja | EMA semanal alcista
2026-10-01 13:48:41,DVN,7,845.11,COMPRAR ★★,EMA alcista | RSI 37 rebote | Cruce MACD | Banda BB inferior | Rebote EMA50
2026-10-01 13:48:41,SPY,7,13862.28,COMPRAR ★★,EMA alcista | RSI 51 óptimo | Cruce MACD | EMA semanal alcista
2026-10-01 13:48:41,NUE,6,4209.85,COMPRAR ★★,Golden Cross | Cruce MACD | Banda BB inferior | EMA semanal alcista
2026-10-01 13:48:41,LIT,4,1229.47,OBSERVAR,Golden Cross | Cruce MACD | Banda BB inferior
2026-10-01 13:48:41,ARKK,4,1628.09,OBSERVAR,EMA alcista | EMA semanal alcista
2026-10-01 13:48:41,HOOD,8,2060.09,COMPRAR ★★★,EMA alcista | RSI 51 óptimo | Cruce MACD | BB zona baja | EMA semanal alcista
2026-10-01 13:48:41,EW,8,1569.13,COMPRAR ★★★,Golden Cross | RSI 57 óptimo | Cruce MACD | BB zona baja | Rebote EMA50 | EMA semanal alcista
2026-10-01 13:48:41,MDB,9,6420.97,COMPRAR ★★★,EMA alcista | RSI 48 óptimo | Cruce MACD | BB zona baja | Stoch 38 | EMA semanal alcista
2026-10-01 13:48:41,NVR,5,110274.32,OBSERVAR,Golden Cross | RSI 45 óptimo | Banda BB inferior
2026-10-01 13:48:41,YPF,7,912.06,COMPRAR ★★,EMA alcista | Cruce MACD | Banda BB inferior | EMA semanal alcista
2026-10-01 13:48:41,RELY,6,385.9,COMPRAR ★★,Golden Cross | RSI 43 rebote | Cruce MACD | BB zona baja | EMA semanal alcista
2026-10-01 13:48:41,MOS,5,379.0,OBSERVAR,EMA alcista | Cruce MACD | Banda BB inferior
2026-10-01 13:48:41,APH,8,1526.16,COMPRAR ★★★,EMA alcista | RSI 51 óptimo | MACD positivo | EMA semanal alcista
2026-10-01 13:48:41,MO,9,1218.39,COMPRAR ★★★,EMA alcista | RSI 44 rebote | Cruce MACD | Banda BB inferior | Rebote EMA50 | EMA semanal alcista
2026-10-01 13:48:41,WY,4,339.48,OBSERVAR,Golden Cross | Cruce MACD | Banda BB inferior
2026-10-01 13:48:41,VESTA.MX,7,58.29,COMPRAR ★★,Golden Cross | RSI 61 óptimo | MACD positivo | Volumen alto | Rebote EMA50
2026-10-01 13:48:41,BOTZ,8,642.35,COMPRAR ★★★,Golden Cross | RSI 51 óptimo | MACD positivo | Rebote EMA50 | EMA semanal alcista
2026-10-01 13:48:41,IAG.MC,5,105.08,OBSERVAR,Golden Cross | MACD positivo | EMA semanal alcista
2026-10-01 13:48:41,CEMEXCPO.MX,7,17.24,COMPRAR ★★,Golden Cross | RSI 33 rebote | MACD positivo | Volumen alto | BB zona baja | Stoch 31
2026-10-01 13:48:41,ULTA,5,9916.06,OBSERVAR,EMA alcista | RSI 49 óptimo | Cruce MACD
2026-10-01 13:48:41,AZO,4,50795.41,OBSERVAR,Golden Cross | RSI 43 rebote | Banda BB inferior
2026-10-01 13:48:41,NFLX,4,1248.46,OBSERVAR,Golden Cross | Cruce MACD | Banda BB inferior
2026-10-01 13:48:41,WDAY,7,3497.46,COMPRAR ★★,EMA alcista | RSI 57 óptimo | Cruce MACD | EMA semanal alcista
2026-10-01 13:48:41,ESS,8,4847.75,COMPRAR ★★★,Golden Cross | RSI 43 rebote | MACD positivo | Banda BB inferior | EMA semanal alcista
2026-10-01 13:48:41,NEE,4,1357.1,OBSERVAR,Golden Cross | Cruce MACD | Banda BB inferior
2026-10-01 13:48:41,GLD,5,6932.05,OBSERVAR,Golden Cross | RSI 35 rebote | Cruce MACD | Banda BB inferior
2026-10-01 13:48:41,IBM,5,4181.05,OBSERVAR,Golden Cross | RSI 38 rebote | Cruce MACD | Stoch 35 | Rebote EMA50
2026-10-01 13:48:41,URA,5,719.84,OBSERVAR,Golden Cross | RSI 32 rebote | Cruce MACD | Banda BB inferior
2026-10-01 13:48:41,CMS,4,1139.9,OBSERVAR,Golden Cross | Cruce MACD | Banda BB inferior
2026-10-01 13:48:41,NSC,6,5595.2,COMPRAR ★★,Golden Cross | Cruce MACD | Banda BB inferior | EMA semanal alcista
2026-10-01 13:48:41,FDX,5,5194.4,OBSERVAR,Golden Cross | Cruce MACD | BB zona baja | EMA semanal alcista
2026-10-01 13:48:41,GIS,6,576.4,COMPRAR ★★,Golden Cross | Cruce MACD | Banda BB inferior | EMA semanal alcista
2026-10-01 13:48:41,BA,6,3397.16,COMPRAR ★★,Golden Cross | Cruce MACD | Banda BB inferior | EMA semanal alcista
2026-10-01 13:48:41,PANW,6,7126.54,COMPRAR ★★,EMA alcista | MACD positivo | EMA semanal alcista
2026-10-01 13:48:41,NXPI,7,4325.13,COMPRAR ★★,Golden Cross | RSI 52 óptimo | MACD positivo | EMA semanal alcista
2026-10-01 13:48:41,ODFL,5,3174.6,OBSERVAR,Golden Cross | RSI 42 rebote | MACD positivo | BB zona baja
2026-10-01 13:48:41,DTE,4,2199.31,OBSERVAR,Golden Cross | Cruce MACD | Banda BB inferior
2026-10-01 13:48:41,LDOS,6,2263.44,COMPRAR ★★,Golden Cross | RSI 43 rebote | Cruce MACD | BB zona baja | Stoch 27 | Rebote EMA50
2026-10-01 13:48:41,PRU,7,2051.05,COMPRAR ★★,EMA alcista | Cruce MACD | Banda BB inferior | EMA semanal alcista
2026-10-01 13:48:41,CLNX.MC,4,452.98,OBSERVAR,Golden Cross | Cruce MACD | Banda BB inferior
2026-10-01 13:48:41,UNP,6,4910.61,COMPRAR ★★,Golden Cross | Cruce MACD | Banda BB inferior | EMA semanal alcista
2026-10-01 13:48:41,IR,6,1360.46,COMPRAR ★★,Golden Cross | RSI 58 óptimo | MACD positivo | Rebote EMA50
2026-10-01 13:48:41,BSX,6,788.15,COMPRAR ★★,Golden Cross | RSI 53 óptimo | MACD positivo | BB zona baja
2026-10-01 13:48:41,XLP,7,1458.58,COMPRAR ★★,Golden Cross | RSI 33 rebote | Cruce MACD | Banda BB inferior | EMA semanal alcista
2026-10-01 13:48:41,QQQ,6,13457.57,COMPRAR ★★,EMA alcista | MACD positivo | EMA semanal alcista
2026-10-01 13:48:41,AMCR,7,749.55,COMPRAR ★★,Golden Cross | RSI 42 rebote | Cruce MACD | Banda BB inferior | EMA semanal alcista
2026-10-01 13:48:41,ADSK,5,3878.91,OBSERVAR,Golden Cross | RSI 51 óptimo | Cruce MACD | Stoch 43
2026-10-01 13:48:41,MRNA,6,3508.17,COMPRAR ★★,EMA alcista | MACD positivo | EMA semanal alcista
2026-10-01 13:48:41,RTX,6,3377.0,COMPRAR ★★,Golden Cross | Cruce MACD | Banda BB inferior | EMA semanal alcista
2026-10-01 13:48:41,UDR,7,604.11,COMPRAR ★★,Golden Cross | MACD positivo | Banda BB inferior | EMA semanal alcista
2026-10-01 13:48:41,AMAT,5,9610.19,OBSERVAR,Golden Cross | MACD positivo | EMA semanal alcista
2026-10-01 13:48:41,SWK,7,1576.85,COMPRAR ★★,Golden Cross | RSI 41 rebote | Cruce MACD | Banda BB inferior | EMA semanal alcista
2026-10-01 13:48:41,BBY,8,1582.49,COMPRAR ★★★,EMA alcista | RSI 44 rebote | Cruce MACD | Banda BB inferior | EMA semanal alcista
2026-10-01 13:48:41,ZTS,5,1273.53,OBSERVAR,Golden Cross | RSI 36 rebote | Cruce MACD | Banda BB inferior
2026-10-01 13:48:41,HAS,7,1594.66,COMPRAR ★★,Golden Cross | RSI 31 rebote | Cruce MACD | BB zona baja | Rebote EMA50 | EMA semanal alcista
2026-10-01 13:48:41,LNT,4,1139.72,OBSERVAR,Golden Cross | Cruce MACD | Banda BB inferior
2026-10-01 13:48:41,MDLZ,6,1046.97,COMPRAR ★★,Golden Cross | Cruce MACD | Banda BB inferior | EMA semanal alcista
2026-10-01 13:48:41,LH,9,5597.84,COMPRAR ★★★,EMA alcista | RSI 46 óptimo | Cruce MACD | BB zona baja | Rebote EMA50 | EMA semanal alcista
2026-10-01 13:48:41,SBAC,4,2911.88,OBSERVAR,Golden Cross | Cruce MACD | Banda BB inferior
2026-10-01 13:48:41,HDB,7,421.15,COMPRAR ★★,Golden Cross | RSI 48 óptimo | MACD positivo | Cruce MACD | Rebote EMA50
2026-10-01 13:48:41,NU,7,240.64,COMPRAR ★★,Golden Cross | RSI 35 rebote | Cruce MACD | BB zona baja | Stoch 46 | EMA semanal alcista
2026-10-01 13:48:41,IBB,8,3823.04,COMPRAR ★★★,EMA alcista | RSI 64 óptimo | MACD positivo | EMA semanal alcista
2026-10-01 13:48:41,CME,7,4833.57,COMPRAR ★★,EMA alcista | RSI 39 rebote | Cruce MACD | BB zona baja | Stoch 32 | Rebote EMA50
2026-10-01 13:48:41,MCHP,7,1419.69,COMPRAR ★★,Golden Cross | RSI 60 óptimo | MACD positivo | EMA semanal alcista
2026-10-01 13:48:41,EOG,6,2539.43,COMPRAR ★★,RSI 38 rebote | Cruce MACD | BB zona baja | Rebote EMA50 | EMA semanal alcista
2026-10-01 13:48:41,AWK,6,2312.5,COMPRAR ★★,Golden Cross | Cruce MACD | Banda BB inferior | EMA semanal alcista
2026-10-01 13:48:41,ROST,8,4221.38,COMPRAR ★★★,Golden Cross | RSI 53 óptimo | MACD positivo | Rebote EMA50 | EMA semanal alcista
2026-10-01 13:48:41,AXP,6,5505.63,COMPRAR ★★,Golden Cross | Cruce MACD | Banda BB inferior | EMA semanal alcista
2026-10-01 13:48:41,LMT,5,9253.99,OBSERVAR,Golden Cross | RSI 36 rebote | Cruce MACD | Banda BB inferior
2026-10-01 13:48:41,FCX,9,1252.82,COMPRAR ★★★,EMA alcista | RSI 42 rebote | Cruce MACD | Banda BB inferior | Rebote EMA50 | EMA semanal alcista
2026-10-01 13:48:41,GRF.MC,7,197.81,COMPRAR ★★,Golden Cross | RSI 45 óptimo | Cruce MACD | Rebote EMA50 | EMA semanal alcista
2026-10-01 13:48:41,AFRM,6,1258.63,COMPRAR ★★,Golden Cross | RSI 45 rebote | Cruce MACD | BB zona baja | EMA semanal alcista
2026-10-01 13:48:41,ORBIA.MX,5,19.79,OBSERVAR,Golden Cross | RSI 40 rebote | MACD positivo | Volumen alto
2026-10-01 13:48:41,MA,9,10069.67,COMPRAR ★★★,EMA alcista | RSI 38 rebote | Cruce MACD | Banda BB inferior | Rebote EMA50 | EMA semanal alcista
2026-10-01 13:48:41,MGM,6,558.68,COMPRAR ★★,Golden Cross | Cruce MACD | Banda BB inferior | EMA semanal alcista
2026-10-01 13:48:41,MS,6,3390.99,COMPRAR ★★,Golden Cross | Cruce MACD | Banda BB inferior | EMA semanal alcista
2026-10-01 13:48:41,XLI,8,3032.7,COMPRAR ★★★,Golden Cross | RSI 31 rebote | MACD positivo | Banda BB inferior | EMA semanal alcista
2026-10-01 13:48:41,GCC.MX,3,176.26,EVITAR,Golden Cross | Banda BB inferior
2026-10-01 13:48:41,LYB,4,1028.34,OBSERVAR,Golden Cross | Cruce MACD | Banda BB inferior
2026-10-01 13:48:41,PCTY,7,2669.15,COMPRAR ★★,EMA alcista | RSI 62 óptimo | Cruce MACD | EMA semanal alcista
2026-10-01 13:48:41,MCK,5,16384.17,OBSERVAR,EMA alcista | RSI 55 óptimo | Cruce MACD
2026-10-01 13:48:41,MRK,8,2633.9,COMPRAR ★★★,EMA alcista | RSI 55 óptimo | Cruce MACD | BB zona baja | EMA semanal alcista
2026-10-01 13:48:41,SNA,6,6589.75,COMPRAR ★★,Golden Cross | Cruce MACD | Banda BB inferior | EMA semanal alcista
2026-10-01 13:48:41,EL,9,1659.34,COMPRAR ★★★,EMA alcista | RSI 38 rebote | Cruce MACD | Banda BB inferior | Rebote EMA50 | EMA semanal alcista
2026-10-01 13:48:41,NEM,9,2084.3,COMPRAR ★★★,EMA alcista | RSI 30 rebote | Cruce MACD | Banda BB inferior | Rebote EMA50 | EMA semanal alcista
2026-10-01 13:48:41,BALL,6,1009.08,COMPRAR ★★,Golden Cross | Cruce MACD | Banda BB inferior | EMA semanal alcista
2026-10-01 13:48:41,GOOGL,8,6236.37,COMPRAR ★★★,Golden Cross | RSI 54 óptimo | MACD positivo | Rebote EMA50 | EMA semanal alcista
2026-10-01 13:48:41,SYY,5,1406.79,OBSERVAR,Golden Cross | Cruce MACD | BB zona baja | EMA semanal alcista
2026-10-01 13:48:41,AMP,6,8986.73,COMPRAR ★★,Golden Cross | Cruce MACD | Banda BB inferior | EMA semanal alcista
2026-10-01 13:48:41,ZM,7,1655.98,COMPRAR ★★,Golden Cross | RSI 38 rebote | Cruce MACD | BB zona baja | Stoch 50 | EMA semanal alcista
2026-10-01 13:48:41,JD,8,485.19,COMPRAR ★★★,Golden Cross | RSI 45 rebote | MACD positivo | BB zona baja | Stoch 37 | EMA semanal alcista
2026-10-01 13:48:41,MPC,8,7309.95,COMPRAR ★★★,EMA alcista | RSI 54 óptimo | Cruce MACD | Stoch 45 | EMA semanal alcista
2026-10-01 13:48:41,APP,5,5188.86,OBSERVAR,Golden Cross | RSI 31 rebote | Cruce MACD | Banda BB inferior
2026-10-01 13:48:41,FUNO11.MX,7,29.19,COMPRAR ★★,RSI 42 rebote | Volumen alto | Banda BB inferior | Rebote EMA50 | EMA semanal alcista
2026-10-01 13:48:41,EMR,8,2852.29,COMPRAR ★★★,EMA alcista | RSI 59 óptimo | MACD positivo | EMA semanal alcista
2026-10-01 13:48:41,DUK,4,2054.32,OBSERVAR,Golden Cross | Cruce MACD | Banda BB inferior
2026-10-01 13:48:41,PEP,4,2299.05,OBSERVAR,Golden Cross | Cruce MACD | Banda BB inferior
2026-10-01 13:48:41,TXN,5,5105.92,OBSERVAR,Golden Cross | MACD positivo | EMA semanal alcista
2026-10-01 13:48:41,AON,5,5025.43,OBSERVAR,Golden Cross | Cruce MACD | BB zona baja | EMA semanal alcista
2026-10-01 13:48:41,REP.MC,7,607.26,COMPRAR ★★,EMA alcista | RSI 54 óptimo | Cruce MACD | EMA semanal alcista
2026-10-01 13:48:41,BKR,3,998.18,EVITAR,Golden Cross | Cruce MACD | BB zona baja
2026-10-01 13:48:41,VIS.MC,7,1107.84,COMPRAR ★★,Golden Cross | RSI 50 óptimo | Cruce MACD | BB zona baja | Stoch 45 | Rebote EMA50
2026-10-01 13:48:41,A,6,3113.92,COMPRAR ★★,EMA alcista | MACD positivo | EMA semanal alcista
2026-10-01 13:48:41,GRMN,8,5216.39,COMPRAR ★★★,EMA alcista | RSI 56 óptimo | MACD positivo | EMA semanal alcista
2026-10-01 13:48:41,ATO,4,2815.41,OBSERVAR,Golden Cross | Cruce MACD | Banda BB inferior
2026-10-01 13:48:41,GNRC,8,3716.39,COMPRAR ★★★,Golden Cross | RSI 60 óptimo | MACD positivo | Rebote EMA50 | EMA semanal alcista
2026-10-01 13:48:41,GWW,7,22713.66,COMPRAR ★★,Golden Cross | RSI 38 rebote | Cruce MACD | BB zona baja | Stoch 23 | EMA semanal alcista
2026-10-01 13:48:41,CEG,4,4816.5,OBSERVAR,Golden Cross | RSI 37 rebote | Cruce MACD | Rebote EMA50
2026-10-01 13:48:41,LKQ,5,410.88,OBSERVAR,Golden Cross | RSI 33 rebote | Cruce MACD | Banda BB inferior
2026-10-01 13:48:41,OTIS,5,1170.42,OBSERVAR,Golden Cross | RSI 32 rebote | Cruce MACD | Banda BB inferior
2026-10-01 13:48:41,DBC,8,589.93,COMPRAR ★★★,EMA alcista | RSI 42 rebote | Cruce MACD | BB zona baja | Stoch 26 | EMA semanal alcista
2026-10-01 13:48:41,DIA,7,9232.74,COMPRAR ★★,Golden Cross | Cruce MACD | Banda BB inferior | Rebote EMA50 | EMA semanal alcista
2026-10-01 13:48:41,DAL,7,1503.81,COMPRAR ★★,Golden Cross | RSI 58 óptimo | MACD positivo | EMA semanal alcista
2026-10-01 13:48:41,SYF,6,1283.52,COMPRAR ★★,Golden Cross | Cruce MACD | Banda BB inferior | EMA semanal alcista
2026-10-01 13:48:41,TEF.MC,4,67.46,OBSERVAR,Golden Cross | Cruce MACD | Banda BB inferior
2026-10-01 13:48:41,FER.MC,6,960.95,COMPRAR ★★,Golden Cross | RSI 39 rebote | MACD positivo | Banda BB inferior
2026-10-01 13:48:41,ITW,7,4681.68,COMPRAR ★★,Golden Cross | RSI 36 rebote | Cruce MACD | Banda BB inferior | EMA semanal alcista
2026-10-01 13:48:41,PLTR,6,3410.16,VENDER,EMA alcista | MACD positivo | EMA semanal alcista | 🎯 Take Profit +49.4%
2026-10-01 13:48:41,ON,8,1394.26,COMPRAR ★★★,Golden Cross | RSI 51 óptimo | MACD positivo | Rebote EMA50 | EMA semanal alcista
2026-10-01 13:48:41,CCJ,4,1576.49,OBSERVAR,Golden Cross | Cruce MACD | Banda BB inferior
2026-10-01 13:48:41,ARKG,6,985.28,COMPRAR ★★,EMA alcista | MACD positivo | EMA semanal alcista
2026-10-01 13:48:41,TMO,6,12177.14,COMPRAR ★★,EMA alcista | MACD positivo | EMA semanal alcista
2026-10-01 13:48:41,CBRE,6,2347.02,COMPRAR ★★,Golden Cross | Cruce MACD | Banda BB inferior | EMA semanal alcista
2026-10-01 13:48:41,AES,6,270.98,COMPRAR ★★,EMA alcista | MACD positivo | EMA semanal alcista
2026-10-01 13:48:41,TCEHY,7,991.28,COMPRAR ★★,Golden Cross | RSI 50 óptimo | MACD positivo | BB zona baja | Stoch 23
2026-10-01 13:48:41,C,6,2301.87,COMPRAR ★★,Golden Cross | Cruce MACD | Banda BB inferior | EMA semanal alcista
2026-10-01 13:48:41,LOG.MC,9,704.1,COMPRAR ★★★,EMA alcista | RSI 40 rebote | Cruce MACD | Banda BB inferior | Rebote EMA50 | EMA semanal alcista
2026-10-01 13:48:41,PCAR,6,2003.63,COMPRAR ★★,Golden Cross | Cruce MACD | Banda BB inferior | EMA semanal alcista
2026-10-01 13:48:41,DLR,7,3165.33,COMPRAR ★★,Golden Cross | RSI 31 rebote | Cruce MACD | Banda BB inferior | EMA semanal alcista
2026-10-01 13:48:41,MLM,5,8630.09,OBSERVAR,Golden Cross | RSI 30 rebote | Cruce MACD | Banda BB inferior
2026-10-01 13:48:41,UNH,6,6702.03,COMPRAR ★★,Golden Cross | RSI 41 rebote | Cruce MACD | BB zona baja | EMA semanal alcista
2026-10-01 13:48:41,ZBRA,6,6826.85,COMPRAR ★★,EMA alcista | MACD positivo | EMA semanal alcista
2026-10-01 13:48:41,AIG,9,1358.83,COMPRAR ★★★,Golden Cross | RSI 50 óptimo | MACD positivo | Cruce MACD | Rebote EMA50 | EMA semanal alcista
2026-10-01 13:48:41,AXON,7,7552.23,COMPRAR ★★,Golden Cross | RSI 31 rebote | Cruce MACD | Banda BB inferior | EMA semanal alcista
2026-10-01 13:48:41,ORCL,5,2485.19,OBSERVAR,Golden Cross | RSI 36 rebote | Cruce MACD | BB zona baja | Stoch 24
2026-10-01 13:48:41,BAX,8,432.05,COMPRAR ★★★,Golden Cross | RSI 50 óptimo | MACD positivo | Rebote EMA50 | EMA semanal alcista
2026-10-01 13:48:41,WDC,7,8215.39,COMPRAR ★★,Golden Cross | RSI 52 óptimo | MACD positivo | EMA semanal alcista
2026-10-01 13:48:41,DXCM,5,1590.57,OBSERVAR,EMA alcista | Cruce MACD | EMA semanal alcista
2026-10-01 13:48:41,XLV,6,3051.78,COMPRAR ★★,EMA alcista | RSI 62 óptimo | EMA semanal alcista
2026-10-01 13:48:41,OKE,6,1546.24,COMPRAR ★★,Golden Cross | Cruce MACD | Banda BB inferior | EMA semanal alcista
2026-10-01 13:48:41,SMCI,6,745.46,COMPRAR ★★,EMA alcista | RSI 53 óptimo | EMA semanal alcista
2026-10-01 13:48:41,TRMB,6,1051.24,COMPRAR ★★,EMA alcista | RSI 51 óptimo | Cruce MACD | Stoch 48
2026-10-01 13:48:41,WAB,9,5175.55,COMPRAR ★★★,EMA alcista | RSI 52 óptimo | MACD positivo | Rebote EMA50 | EMA semanal alcista
2026-10-01 13:48:41,PSX,8,4687.68,COMPRAR ★★★,EMA alcista | RSI 48 óptimo | Cruce MACD | Stoch 33 | EMA semanal alcista
2026-10-01 13:48:41,ACHC,6,496.53,COMPRAR ★★,Golden Cross | RSI 42 rebote | Banda BB inferior | EMA semanal alcista
2026-10-01 13:48:41,AAL,7,239.92,COMPRAR ★★,Golden Cross | RSI 53 óptimo | MACD positivo | EMA semanal alcista
2026-10-01 13:48:41,MTB,6,3891.81,COMPRAR ★★,Golden Cross | Cruce MACD | Banda BB inferior | EMA semanal alcista
2026-10-01 13:48:41,MKC,6,836.75,COMPRAR ★★,Golden Cross | Cruce MACD | Banda BB inferior | EMA semanal alcista
2026-10-01 13:48:41,USB,6,1033.43,COMPRAR ★★,Golden Cross | Cruce MACD | Banda BB inferior | EMA semanal alcista
2026-10-01 13:48:41,ANET,6,3654.43,COMPRAR ★★,EMA alcista | RSI 52 óptimo | EMA semanal alcista
2026-10-01 13:48:41,TDG,6,19753.08,COMPRAR ★★,Golden Cross | RSI 33 rebote | MACD positivo | BB zona baja | Stoch 27
2026-10-01 13:48:41,EWH,5,403.52,OBSERVAR,Golden Cross | RSI 44 rebote | Cruce MACD | BB zona baja | Rebote EMA50
2026-10-01 13:48:41,SLV,5,1000.57,OBSERVAR,Golden Cross | RSI 40 rebote | Cruce MACD | Banda BB inferior
2026-10-01 13:48:41,MNST,7,759.08,COMPRAR ★★,Golden Cross | RSI 37 rebote | Cruce MACD | Banda BB inferior | EMA semanal alcista
2026-10-01 13:48:41,TAN,5,784.52,OBSERVAR,Golden Cross | RSI 34 rebote | Cruce MACD | Banda BB inferior
2026-10-01 13:48:41,OMAB.MX,7,217.98,COMPRAR ★★,Golden Cross | RSI 61 óptimo | MACD positivo | Volumen alto | Rebote EMA50
2026-10-01 13:48:41,SYK,5,5016.62,OBSERVAR,Golden Cross | RSI 52 óptimo | MACD positivo
2026-10-01 13:48:41,EQIX,7,18163.15,COMPRAR ★★,Golden Cross | RSI 40 rebote | Cruce MACD | Banda BB inferior | EMA semanal alcista
2026-10-01 13:48:41,ARM,8,5268.89,VENDER,EMA alcista | RSI 57 óptimo | MACD positivo | EMA semanal alcista | 🛑 Stop Loss -12.4%
2026-10-01 13:48:41,STLD,7,4001.27,COMPRAR ★★,Golden Cross | RSI 32 rebote | Cruce MACD | Banda BB inferior | EMA semanal alcista
2026-10-01 13:48:41,VALE,4,241.19,OBSERVAR,Golden Cross | Cruce MACD | Banda BB inferior
2026-10-01 13:48:41,CVS,6,1553.69,COMPRAR ★★,Golden Cross | Cruce MACD | Banda BB inferior | EMA semanal alcista
2026-10-01 13:48:41,FAST,6,899.35,COMPRAR ★★,EMA alcista | RSI 52 óptimo | EMA semanal alcista
2026-10-01 13:48:41,BBVA.MC,8,501.2,COMPRAR ★★★,EMA alcista | RSI 36 rebote | Cruce MACD | Banda BB inferior | EMA semanal alcista
2026-10-01 13:48:41,GPC,8,2280.89,COMPRAR ★★★,EMA alcista | Cruce MACD | Banda BB inferior | Rebote EMA50 | EMA semanal alcista
2026-10-01 13:48:41,ZION,6,1120.46,COMPRAR ★★,Golden Cross | Cruce MACD | Banda BB inferior | EMA semanal alcista
2026-10-01 13:48:41,ILMN,6,4927.32,COMPRAR ★★,EMA alcista | MACD positivo | EMA semanal alcista
2026-10-01 13:48:41,TSLA,7,6491.19,COMPRAR ★★,EMA alcista | RSI 44 rebote | Cruce MACD | BB zona baja | Stoch 28 | Rebote EMA50
2026-10-01 13:48:41,EWJ,7,1770.71,COMPRAR ★★,EMA alcista | RSI 46 óptimo | Cruce MACD | EMA semanal alcista
2026-10-01 13:48:41,HUBS,6,3906.25,COMPRAR ★★,Golden Cross | RSI 46 óptimo | Cruce MACD | BB zona baja | Stoch 40
2026-10-01 13:48:41,VMC,5,4406.93,OBSERVAR,Golden Cross | RSI 36 rebote | MACD positivo | BB zona baja
2026-10-01 13:48:41,VTR,6,1525.16,COMPRAR ★★,Golden Cross | Cruce MACD | Banda BB inferior | EMA semanal alcista
2026-10-01 13:48:41,TLEVISACPO.MX,5,8.19,OBSERVAR,Golden Cross | RSI 55 óptimo | MACD positivo
2026-10-01 13:48:41,FEMSAUBD.MX,6,213.23,COMPRAR ★★,Golden Cross | MACD positivo | Volumen alto | EMA semanal alcista
2026-10-01 13:48:41,PAYX,6,1832.12,COMPRAR ★★,Golden Cross | Cruce MACD | Banda BB inferior | EMA semanal alcista
2026-10-01 13:48:41,CMG,5,584.48,OBSERVAR,Golden Cross | Cruce MACD | BB zona baja | EMA semanal alcista
2026-10-01 13:48:41,PM,8,3444.95,COMPRAR ★★★,EMA alcista | RSI 47 óptimo | MACD positivo | EMA semanal alcista
2026-10-01 13:48:41,CFG,6,1138.17,COMPRAR ★★,Golden Cross | Cruce MACD | Banda BB inferior | EMA semanal alcista
2026-10-01 13:48:41,ROBO,8,1461.48,COMPRAR ★★★,Golden Cross | RSI 57 óptimo | MACD positivo | Rebote EMA50 | EMA semanal alcista
2026-10-01 13:48:41,TSM,6,8273.07,VENDER,EMA alcista | MACD positivo | EMA semanal alcista | 🎯 Take Profit +17.5%
2026-10-01 13:48:41,EWT,7,2042.15,COMPRAR ★★,EMA alcista | RSI 54 óptimo | Cruce MACD | EMA semanal alcista
2026-10-01 13:48:41,ECL,6,4902.71,COMPRAR ★★,RSI 41 rebote | Banda BB inferior | Rebote EMA50 | EMA semanal alcista
2026-10-01 13:48:41,D,6,1083.3,COMPRAR ★★,Golden Cross | Cruce MACD | Banda BB inferior | EMA semanal alcista
2026-10-01 13:48:41,KO,9,1568.13,COMPRAR ★★★,EMA alcista | RSI 41 rebote | Cruce MACD | Banda BB inferior | Rebote EMA50 | EMA semanal alcista
2026-10-01 13:48:41,PYPL,8,969.57,COMPRAR ★★★,Golden Cross | RSI 48 óptimo | MACD positivo | Rebote EMA50 | EMA semanal alcista
2026-10-01 13:48:41,COP,8,2288.16,COMPRAR ★★★,EMA alcista | RSI 32 rebote | Cruce MACD | BB zona baja | Rebote EMA50 | EMA semanal alcista
2026-10-01 13:48:41,SRE,4,1404.52,OBSERVAR,Golden Cross | Cruce MACD | Banda BB inferior
2026-10-01 13:48:41,FANG,5,3357.38,OBSERVAR,Golden Cross | Cruce MACD | BB zona baja | EMA semanal alcista
2026-10-01 13:48:41,EWC,6,1055.6,COMPRAR ★★,Golden Cross | Cruce MACD | Banda BB inferior | EMA semanal alcista
2026-10-01 13:48:41,BDX,8,3247.09,COMPRAR ★★★,EMA alcista | RSI 51 óptimo | Cruce MACD | BB zona baja | EMA semanal alcista
2026-10-01 13:48:41,CTAS,8,3563.77,COMPRAR ★★★,EMA alcista | RSI 41 rebote | Cruce MACD | BB zona baja | Rebote EMA50 | EMA semanal alcista
2026-10-01 13:48:41,ROP,5,6508.72,OBSERVAR,Golden Cross | Cruce MACD | BB zona baja | EMA semanal alcista
2026-10-01 13:48:41,MCO,6,8294.97,COMPRAR ★★,Golden Cross | RSI 34 rebote | Cruce MACD | BB zona baja | EMA semanal alcista
2026-10-01 13:48:41,VTI,8,6803.96,COMPRAR ★★★,EMA alcista | RSI 48 óptimo | Cruce MACD | BB zona baja | EMA semanal alcista
2026-10-01 13:48:41,ALLE,10,2774.62,COMPRAR ★★★,EMA alcista | RSI 50 óptimo | MACD positivo | BB zona baja | Rebote EMA50 | EMA semanal alcista
2026-10-01 13:48:41,VRTX,6,9454.21,COMPRAR ★★,EMA alcista | RSI 55 óptimo | EMA semanal alcista
2026-10-01 13:48:41,EME,7,13669.24,COMPRAR ★★,Golden Cross | RSI 38 rebote | MACD positivo | Rebote EMA50 | EMA semanal alcista
2026-10-01 13:48:41,ZBH,7,1608.83,COMPRAR ★★,Golden Cross | RSI 39 rebote | Cruce MACD | Banda BB inferior | EMA semanal alcista
2026-10-01 13:48:41,ASURB.MX,7,425.76,COMPRAR ★★,Golden Cross | RSI 46 óptimo | MACD positivo | Volumen alto | BB zona baja
2026-10-01 13:48:41,ZS,5,3663.33,OBSERVAR,EMA alcista | Cruce MACD | EMA semanal alcista
2026-10-01 13:48:41,NET,6,6293.6,COMPRAR ★★,EMA alcista | MACD positivo | EMA semanal alcista
2026-10-01 13:48:41,RCL,8,4836.96,COMPRAR ★★★,Golden Cross | RSI 55 óptimo | MACD positivo | Rebote EMA50 | EMA semanal alcista
2026-10-01 13:48:41,TFC,6,830.12,COMPRAR ★★,Golden Cross | Cruce MACD | Banda BB inferior | EMA semanal alcista
2026-10-01 13:48:41,PINFRA.MX,6,268.0,COMPRAR ★★,Golden Cross | RSI 49 óptimo | MACD positivo | Volumen alto
2026-10-01 13:48:41,SAP,7,3847.02,COMPRAR ★★,EMA alcista | RSI 58 óptimo | Cruce MACD | EMA semanal alcista
2026-10-01 13:48:41,YUM,4,2477.29,OBSERVAR,Golden Cross | RSI 42 rebote | Cruce MACD | BB zona baja
2026-10-01 13:48:41,IEX,8,4153.16,COMPRAR ★★★,EMA alcista | RSI 60 óptimo | MACD positivo | EMA semanal alcista
2026-10-01 13:48:41,LEN,6,1450.4,COMPRAR ★★,Golden Cross | RSI 51 óptimo | MACD positivo | BB zona baja
2026-10-01 13:48:41,ARKW,7,2932.59,COMPRAR ★★,EMA alcista | RSI 59 óptimo | Cruce MACD | EMA semanal alcista
2026-10-01 13:48:41,NEMAKA.MX,5,2.95,OBSERVAR,RSI 37 rebote | Cruce MACD | Banda BB inferior | Rebote EMA50
2026-10-01 13:48:41,ELV,8,7026.71,COMPRAR ★★★,EMA alcista | Cruce MACD | Banda BB inferior | Rebote EMA50 | EMA semanal alcista
2026-10-01 13:48:41,L,6,1900.06,COMPRAR ★★,Golden Cross | Cruce MACD | Banda BB inferior | EMA semanal alcista
2026-10-01 13:48:41,TRV,8,6463.12,COMPRAR ★★★,EMA alcista | Cruce MACD | Banda BB inferior | Rebote EMA50 | EMA semanal alcista
2026-10-01 13:48:41,AEE,4,1789.97,OBSERVAR,Golden Cross | Cruce MACD | Banda BB inferior
2026-10-01 13:48:41,FMC,4,159.52,OBSERVAR,Golden Cross | Cruce MACD | Banda BB inferior
2026-10-01 13:48:41,KMB,8,1734.92,COMPRAR ★★★,Golden Cross | RSI 37 rebote | MACD positivo | Banda BB inferior | EMA semanal alcista
2026-10-01 13:48:41,CHPT,7,178.23,COMPRAR ★★,EMA alcista | RSI 56 óptimo | Cruce MACD | EMA semanal alcista
2026-10-01 13:48:41,TPR,4,2099.93,OBSERVAR,Golden Cross | RSI 41 rebote | MACD positivo
2026-10-01 13:48:41,NOC,4,8825.17,OBSERVAR,Golden Cross | Cruce MACD | Banda BB inferior
2026-10-01 13:48:41,OKLO,6,669.15,COMPRAR ★★,Golden Cross | RSI 52 óptimo | MACD positivo | BB zona baja
2026-10-01 13:48:41,CIBR,6,1886.26,COMPRAR ★★,EMA alcista | MACD positivo | EMA semanal alcista
2026-10-01 13:48:41,MET,9,1700.94,COMPRAR ★★★,EMA alcista | RSI 31 rebote | Cruce MACD | Banda BB inferior | Rebote EMA50 | EMA semanal alcista
2026-10-01 13:48:41,RMD,8,4019.26,COMPRAR ★★★,EMA alcista | RSI 57 óptimo | Cruce MACD | BB zona baja | EMA semanal alcista
2026-10-01 13:48:41,PWR,8,11686.95,COMPRAR ★★★,Golden Cross | RSI 47 óptimo | MACD positivo | Rebote EMA50 | EMA semanal alcista
2026-10-01 13:48:41,BMY,8,1131.54,COMPRAR ★★★,EMA alcista | RSI 42 rebote | Cruce MACD | BB zona baja | Rebote EMA50 | EMA semanal alcista
2026-10-01 13:48:41,PGR,7,3793.97,COMPRAR ★★,Golden Cross | RSI 38 rebote | Cruce MACD | BB zona baja | Rebote EMA50 | EMA semanal alcista
2026-10-01 13:48:41,GAPB.MX,6,371.2,COMPRAR ★★,Golden Cross | RSI 64 óptimo | MACD positivo | Volumen alto
2026-10-01 13:48:41,STX,6,16814.04,COMPRAR ★★,EMA alcista | MACD positivo | EMA semanal alcista
2026-10-01 13:48:41,AMZN,8,4522.16,COMPRAR ★★★,Golden Cross | RSI 40 rebote | Cruce MACD | BB zona baja | Stoch 30 | Rebote EMA50 | EMA semanal alcista
2026-10-01 13:48:41,F,6,218.3,COMPRAR ★★,Golden Cross | Cruce MACD | Banda BB inferior | EMA semanal alcista
2026-10-01 13:48:41,JBHT,5,4069.77,OBSERVAR,Golden Cross | Cruce MACD | BB zona baja | EMA semanal alcista
2026-10-01 13:48:41,LHX,5,4308.5,OBSERVAR,Golden Cross | MACD positivo | Cruce MACD | BB zona baja
2026-10-01 13:48:41,DRI,7,3524.89,COMPRAR ★★,Golden Cross | RSI 34 rebote | Cruce MACD | Banda BB inferior | EMA semanal alcista
2026-10-01 13:48:41,BIIB,6,4118.82,COMPRAR ★★,EMA alcista | MACD positivo | EMA semanal alcista
2026-10-01 13:48:41,INTC,8,2160.07,COMPRAR ★★★,EMA alcista | RSI 64 óptimo | MACD positivo | EMA semanal alcista
2026-10-01 13:48:41,GE,7,5685.32,COMPRAR ★★,Golden Cross | RSI 40 rebote | MACD positivo | BB zona baja | EMA semanal alcista
2026-10-01 13:48:41,ALL,6,4062.86,COMPRAR ★★,Golden Cross | Cruce MACD | Banda BB inferior | EMA semanal alcista
2026-10-01 13:48:41,TSN,4,915.7,OBSERVAR,Golden Cross | Cruce MACD | Banda BB inferior
2026-10-01 13:48:41,MRVL,8,4743.37,VENDER,EMA alcista | RSI 63 óptimo | MACD positivo | EMA semanal alcista | 🛑 Stop Loss -12.1%
2026-10-01 13:48:41,MMM,9,2983.1,COMPRAR ★★★,Golden Cross | RSI 49 óptimo | MACD positivo | BB zona baja | Rebote EMA50 | EMA semanal alcista
2026-10-01 13:48:41,CUERVO.MX,5,14.19,OBSERVAR,Golden Cross | RSI 30 rebote | Cruce MACD | BB zona baja | Rebote EMA50
2026-10-01 13:48:41,STE,8,3810.68,COMPRAR ★★★,Golden Cross | RSI 48 óptimo | MACD positivo | BB zona baja | EMA semanal alcista
2026-10-01 13:48:41,CL,7,1539.97,COMPRAR ★★,Golden Cross | RSI 39 rebote | Cruce MACD | Banda BB inferior | EMA semanal alcista
2026-10-01 13:48:41,CELH,5,499.82,OBSERVAR,Golden Cross | RSI 52 óptimo | Cruce MACD | BB zona baja
2026-10-01 13:48:41,CI,7,4867.37,COMPRAR ★★,Golden Cross | RSI 37 rebote | Cruce MACD | Banda BB inferior | EMA semanal alcista
2026-10-01 13:48:41,WMB,6,1238.1,COMPRAR ★★,Golden Cross | Cruce MACD | Banda BB inferior | EMA semanal alcista
2026-10-01 13:48:41,IP,7,587.75,COMPRAR ★★,Golden Cross | RSI 37 rebote | Cruce MACD | Banda BB inferior | EMA semanal alcista
2026-10-01 13:48:41,AJG,6,4195.4,COMPRAR ★★,Golden Cross | RSI 41 rebote | Cruce MACD | BB zona baja | EMA semanal alcista
2026-10-01 13:48:41,DD,5,2347.56,OBSERVAR,Golden Cross | RSI 57 óptimo | MACD positivo
2026-10-01 13:48:41,FXI,7,621.28,COMPRAR ★★,Golden Cross | RSI 47 óptimo | Cruce MACD | BB zona baja | Stoch 32 | Rebote EMA50
2026-10-01 13:48:41,MSI,9,8133.99,COMPRAR ★★★,EMA alcista | RSI 34 rebote | Cruce MACD | Banda BB inferior | Rebote EMA50 | EMA semanal alcista
2026-10-01 13:48:41,GM,7,1403.71,COMPRAR ★★,Golden Cross | RSI 33 rebote | Cruce MACD | Banda BB inferior | EMA semanal alcista
2026-10-01 13:48:41,OXY,7,1031.07,COMPRAR ★★,EMA alcista | RSI 35 rebote | Cruce MACD | BB zona baja | Stoch 22 | Rebote EMA50
2026-10-01 13:48:41,MAA,6,2112.28,COMPRAR ★★,Golden Cross | Cruce MACD | Banda BB inferior | EMA semanal alcista
2026-10-01 13:48:41,FIS,3,609.92,EVITAR,Golden Cross | Cruce MACD | BB zona baja
2026-10-01 13:48:41,WHR,4,545.06,OBSERVAR,Golden Cross | Cruce MACD | Banda BB inferior
2026-10-01 13:48:41,STT,5,3152.89,OBSERVAR,Cruce MACD | Banda BB inferior | EMA semanal alcista
2026-10-01 13:48:41,SLB,6,873.73,COMPRAR ★★,Golden Cross | Cruce MACD | Banda BB inferior | EMA semanal alcista
2026-10-01 13:48:41,BIDU,6,1589.75,COMPRAR ★★,Golden Cross | RSI 36 rebote | MACD positivo | BB zona baja | Stoch 21
2026-10-01 13:48:41,ENPH,6,582.03,VENDER,Golden Cross | Cruce MACD | Banda BB inferior | EMA semanal alcista | 🛑 Stop Loss -34.4%
2026-10-01 13:48:41,POOL,4,2924.24,OBSERVAR,Golden Cross | Cruce MACD | Banda BB inferior
2026-10-01 13:48:41,CSX,6,839.48,COMPRAR ★★,Golden Cross | Cruce MACD | Banda BB inferior | EMA semanal alcista
2026-10-01 13:48:41,SMH,6,11107.19,COMPRAR ★★,EMA alcista | MACD positivo | EMA semanal alcista
2026-10-01 13:48:41,EWY,7,3334.12,COMPRAR ★★,EMA alcista | RSI 46 óptimo | Cruce MACD | EMA semanal alcista
2026-10-01 13:48:41,QCOM,8,3344.48,COMPRAR ★★★,EMA alcista | RSI 51 óptimo | Cruce MACD | Stoch 38 | EMA semanal alcista
2026-10-01 13:48:41,FIVN,8,630.0,COMPRAR ★★★,EMA alcista | RSI 62 óptimo | Cruce MACD | Stoch 43 | EMA semanal alcista
2026-10-01 13:48:41,DANHOS13.MX,8,28.04,COMPRAR ★★★,EMA alcista | Cruce MACD | Banda BB inferior | Rebote EMA50 | EMA semanal alcista
2026-10-01 13:48:41,FE,4,779.61,OBSERVAR,Golden Cross | Cruce MACD | Banda BB inferior
2026-10-01 13:48:41,NI,4,700.22,OBSERVAR,Golden Cross | Cruce MACD | Banda BB inferior
2026-10-01 13:48:41,DHR,6,4003.27,COMPRAR ★★,EMA alcista | MACD positivo | EMA semanal alcista
2026-10-01 13:48:41,TDY,9,11022.34,COMPRAR ★★★,Golden Cross | RSI 53 óptimo | MACD positivo | Stoch 48 | Rebote EMA50 | EMA semanal alcista
2026-10-01 13:48:41,VRSN,9,5164.06,COMPRAR ★★★,EMA alcista | RSI 42 rebote | Cruce MACD | BB zona baja | Stoch 26 | Rebote EMA50 | EMA semanal alcista
2026-10-01 13:48:41,VTRS,6,320.04,COMPRAR ★★,EMA alcista | MACD positivo | EMA semanal alcista
2026-10-01 13:48:41,XEL,3,1268.89,EVITAR,Golden Cross | Cruce MACD | BB zona baja
2026-10-01 13:48:41,MTD,6,27405.33,COMPRAR ★★,EMA alcista | MACD positivo | EMA semanal alcista
2026-10-01 13:48:41,EXPD,8,3389.17,COMPRAR ★★★,EMA alcista | RSI 40 rebote | Cruce MACD | BB zona baja | Stoch 28 | EMA semanal alcista
2026-10-01 13:48:41,MSCI,7,9849.93,COMPRAR ★★,Golden Cross | RSI 41 rebote | Cruce MACD | BB zona baja | Stoch 28 | EMA semanal alcista
2026-10-01 13:48:41,EXC,4,727.29,OBSERVAR,Golden Cross | Cruce MACD | Banda BB inferior
2026-10-01 13:48:41,TECL,6,4278.16,COMPRAR ★★,EMA alcista | MACD positivo | EMA semanal alcista
2026-10-01 13:48:41,HSIC,8,1535.02,COMPRAR ★★★,Golden Cross | RSI 36 rebote | Cruce MACD | BB zona baja | Stoch 20 | Rebote EMA50 | EMA semanal alcista
2026-10-01 13:48:41,HPQ,7,582.85,COMPRAR ★★,EMA alcista | RSI 34 rebote | Cruce MACD | Stoch 32 | EMA semanal alcista
2026-10-01 13:48:41,STZ,4,2049.78,OBSERVAR,Golden Cross | Cruce MACD | Banda BB inferior
2026-10-01 13:48:41,ICE,6,2779.43,COMPRAR ★★,EMA alcista | RSI 40 rebote | Cruce MACD | BB zona baja | Rebote EMA50
2026-10-01 13:48:41,DUOL,7,2652.52,COMPRAR ★★,EMA alcista | RSI 52 óptimo | Cruce MACD | EMA semanal alcista
2026-10-01 13:48:41,FICO,4,11672.96,OBSERVAR,Golden Cross | Cruce MACD | Banda BB inferior
2026-10-01 13:48:41,EWQ,6,769.26,COMPRAR ★★,Golden Cross | Cruce MACD | Banda BB inferior | EMA semanal alcista
2026-10-01 13:48:41,IVVPESO.MX,8,155.46,COMPRAR ★★★,EMA alcista | RSI 53 óptimo | MACD positivo | EMA semanal alcista
2026-10-01 13:48:41,FISV,3,835.12,EVITAR,Golden Cross | Cruce MACD | BB zona baja
2026-10-01 13:48:41,WALMEX.MX,7,46.11,COMPRAR ★★,Golden Cross | RSI 51 óptimo | MACD positivo | Volumen alto | Rebote EMA50
2026-10-01 13:48:41,AMT,6,2957.85,COMPRAR ★★,Golden Cross | Cruce MACD | Banda BB inferior | EMA semanal alcista
2026-10-01 13:48:41,EXPE,7,4828.58,COMPRAR ★★,Golden Cross | RSI 38 rebote | Cruce MACD | BB zona baja | Stoch 27 | EMA semanal alcista
2026-10-01 13:48:41,RSG,4,3807.23,OBSERVAR,Golden Cross | Cruce MACD | Banda BB inferior
2026-10-01 13:48:41,HON,4,3834.85,OBSERVAR,Golden Cross | MACD positivo | Rebote EMA50
2026-10-01 13:48:41,SPGI,7,7222.56,COMPRAR ★★,Golden Cross | RSI 37 rebote | Cruce MACD | BB zona baja | Stoch 26 | EMA semanal alcista
2026-10-01 13:48:41,LVS,4,677.98,OBSERVAR,Golden Cross | Cruce MACD | Banda BB inferior
2026-10-01 13:48:41,WEC,4,1820.68,OBSERVAR,Golden Cross | Cruce MACD | Banda BB inferior
2026-10-01 13:48:41,LIN,6,8465.66,COMPRAR ★★,Golden Cross | RSI 50 óptimo | MACD positivo | Rebote EMA50
2026-10-01 13:48:41,ALPEKA.MX,6,14.89,COMPRAR ★★,EMA alcista | MACD positivo | EMA semanal alcista
2026-10-01 13:48:41,EBAY,7,1918.79,COMPRAR ★★,Golden Cross | RSI 44 rebote | Cruce MACD | BB zona baja | Rebote EMA50 | EMA semanal alcista
2026-10-01 13:48:41,BABA,5,1978.92,OBSERVAR,Golden Cross | RSI 49 óptimo | Cruce MACD | BB zona baja
2026-10-01 13:48:41,CBOE,7,5093.39,COMPRAR ★★,Golden Cross | RSI 50 óptimo | MACD positivo | Cruce MACD | Rebote EMA50
2026-10-01 13:48:41,DOW,5,488.92,OBSERVAR,Golden Cross | RSI 30 rebote | Cruce MACD | Banda BB inferior
2026-10-01 13:48:41,XLK,6,3574.31,COMPRAR ★★,EMA alcista | MACD positivo | EMA semanal alcista
2026-10-01 13:48:41,FIBRAPL14.MX,4,73.9,OBSERVAR,Golden Cross | RSI 43 rebote | BB zona baja | Rebote EMA50
2026-10-01 13:48:41,MKTX,3,2982.28,EVITAR,EMA alcista | Cruce MACD
2026-10-01 13:48:41,AMD,6,11041.97,COMPRAR ★★,EMA alcista | MACD positivo | EMA semanal alcista
2026-10-01 13:48:41,FDS,7,5055.96,COMPRAR ★★,EMA alcista | RSI 62 óptimo | Cruce MACD | EMA semanal alcista
2026-10-01 13:48:41,XLY,7,1974.75,COMPRAR ★★,Golden Cross | RSI 30 rebote | Cruce MACD | Banda BB inferior | EMA semanal alcista
2026-10-01 13:48:41,ROK,7,7964.75,COMPRAR ★★,Golden Cross | RSI 60 óptimo | MACD positivo | EMA semanal alcista
2026-10-01 13:48:41,ANA.MC,5,4312.38,OBSERVAR,Golden Cross | RSI 52 óptimo | MACD positivo
2026-10-01 13:48:41,ALGN,6,2620.09,COMPRAR ★★,Golden Cross | RSI 41 rebote | MACD positivo | Banda BB inferior
2026-10-01 13:48:41,GFNORTEO.MX,10,190.75,COMPRAR ★★★,EMA alcista | RSI 37 rebote | Cruce MACD | Volumen alto | Banda BB inferior | Rebote EMA50 | EMA semanal alcista
2026-10-01 13:48:41,ENG.MC,7,337.69,COMPRAR ★★,Golden Cross | RSI 51 óptimo | BB zona baja | Rebote EMA50 | EMA semanal alcista
2026-10-01 13:48:41,FSLR,6,3117.73,COMPRAR ★★,Golden Cross | Cruce MACD | Banda BB inferior | EMA semanal alcista
2026-10-01 13:48:41,META,8,13253.54,COMPRAR ★★★,EMA alcista | RSI 65 óptimo | MACD positivo | EMA semanal alcista
2026-10-01 13:48:41,HPE,8,1151.34,COMPRAR ★★★,EMA alcista | RSI 53 óptimo | MACD positivo | EMA semanal alcista
2026-10-01 13:48:41,BRO,7,1123.27,COMPRAR ★★,Golden Cross | RSI 33 rebote | Cruce MACD | BB zona baja | Stoch 29 | EMA semanal alcista
2026-10-01 13:48:41,AC.MX,6,193.24,COMPRAR ★★,Golden Cross | RSI 50 óptimo | Volumen alto | BB zona baja | Rebote EMA50
2026-10-01 13:48:41,HRL,8,358.65,COMPRAR ★★★,Golden Cross | RSI 33 rebote | MACD positivo | Banda BB inferior | EMA semanal alcista
2026-10-01 13:48:41,LW,6,754.45,COMPRAR ★★,Golden Cross | Cruce MACD | Banda BB inferior | EMA semanal alcista
2026-10-01 13:48:41,DE,8,12002.04,COMPRAR ★★★,EMA alcista | RSI 44 rebote | Cruce MACD | Banda BB inferior | EMA semanal alcista
2026-10-01 13:48:41,VNO,6,607.74,COMPRAR ★★,Golden Cross | RSI 31 rebote | Banda BB inferior | EMA semanal alcista
2026-10-01 13:48:41,APD,6,4888.08,COMPRAR ★★,Golden Cross | Cruce MACD | Banda BB inferior | EMA semanal alcista
2026-10-01 13:48:41,RHI,9,689.14,COMPRAR ★★★,Golden Cross | RSI 51 óptimo | MACD positivo | Cruce MACD | Rebote EMA50 | EMA semanal alcista
2026-10-01 13:48:41,MPWR,7,24362.0,COMPRAR ★★,Golden Cross | RSI 62 óptimo | MACD positivo | EMA semanal alcista
2026-10-01 13:48:41,EWU,6,835.48,COMPRAR ★★,Golden Cross | Cruce MACD | Banda BB inferior | EMA semanal alcista
2026-10-01 13:48:41,FLR,6,870.82,COMPRAR ★★,Golden Cross | Cruce MACD | Banda BB inferior | EMA semanal alcista
2026-10-01 13:48:41,MTS.MC,7,1178.01,COMPRAR ★★,EMA alcista | Cruce MACD | Banda BB inferior | EMA semanal alcista
2026-10-01 13:48:41,XLU,4,712.75,OBSERVAR,Golden Cross | Cruce MACD | Banda BB inferior
2026-10-01 13:48:41,ASML,8,32942.76,COMPRAR ★★★,EMA alcista | RSI 63 óptimo | MACD positivo | EMA semanal alcista
2026-10-01 13:48:41,MAS,8,1212.3,COMPRAR ★★★,Golden Cross | RSI 42 rebote | MACD positivo | Banda BB inferior | EMA semanal alcista
2026-10-01 13:48:41,TJX,5,2394.8,OBSERVAR,Golden Cross | RSI 65 óptimo | MACD positivo
2026-10-01 13:48:41,FTNT,6,3219.84,COMPRAR ★★,EMA alcista | MACD positivo | EMA semanal alcista
2026-10-01 13:48:41,NRG,4,1747.09,OBSERVAR,Golden Cross | Cruce MACD | Banda BB inferior
2026-10-01 13:48:41,KR,6,1065.41,COMPRAR ★★,EMA alcista | RSI 51 óptimo | Cruce MACD | Rebote EMA50
2026-10-01 13:48:41,LABB.MX,6,12.51,COMPRAR ★★,Golden Cross | RSI 45 óptimo | MACD positivo | Volumen alto
2026-10-01 13:48:41,IRM,7,2000.64,COMPRAR ★★,Golden Cross | RSI 39 rebote | Cruce MACD | Banda BB inferior | EMA semanal alcista
2026-10-01 13:48:41,CMCSA,3,394.35,EVITAR,Golden Cross | Cruce MACD | BB zona baja
2026-10-01 13:48:41,AEP,4,2140.62,OBSERVAR,Golden Cross | Cruce MACD | Banda BB inferior
2026-10-01 13:48:41,CLX,5,1455.07,OBSERVAR,Golden Cross | RSI 34 rebote | Cruce MACD | Banda BB inferior
2026-10-01 13:48:41,BWXT,4,2482.92,OBSERVAR,Golden Cross | Cruce MACD | Banda BB inferior
2026-10-01 13:48:41,WU,3,108.74,EVITAR,Golden Cross | Cruce MACD | BB zona baja
2026-10-01 13:48:41,TYL,9,5912.06,COMPRAR ★★★,EMA alcista | RSI 43 rebote | Cruce MACD | BB zona baja | Stoch 27 | Rebote EMA50 | EMA semanal alcista
2026-10-01 13:48:41,ALB,5,1883.54,OBSERVAR,Golden Cross | RSI 33 rebote | Cruce MACD | Banda BB inferior
2026-10-01 13:48:41,SNOW,7,6169.24,COMPRAR ★★,EMA alcista | RSI 58 óptimo | Cruce MACD | EMA semanal alcista
2026-10-01 13:48:41,PH,8,17337.84,COMPRAR ★★★,Golden Cross | RSI 52 óptimo | MACD positivo | Rebote EMA50 | EMA semanal alcista
2026-10-01 13:48:41,INDA,6,845.02,COMPRAR ★★,Golden Cross | Cruce MACD | Banda BB inferior | EMA semanal alcista
2026-10-01 13:48:41,ARKF,7,833.48,COMPRAR ★★,EMA alcista | RSI 54 óptimo | Cruce MACD | EMA semanal alcista
2026-10-01 13:48:41,KHC,6,406.98,COMPRAR ★★,Golden Cross | Cruce MACD | Banda BB inferior | EMA semanal alcista
2026-10-01 13:48:41,COO,5,1027.98,OBSERVAR,Golden Cross | RSI 63 óptimo | MACD positivo
2026-10-01 13:48:41,HBAN,6,273.44,COMPRAR ★★,Golden Cross | Cruce MACD | Banda BB inferior | EMA semanal alcista
2026-10-01 13:48:41,ETR,4,1785.25,OBSERVAR,Golden Cross | Cruce MACD | Banda BB inferior
2026-10-01 13:48:41,AVY,9,3082.12,COMPRAR ★★★,EMA alcista | RSI 51 óptimo | Cruce MACD | BB zona baja | Rebote EMA50 | EMA semanal alcista
2026-10-01 13:48:41,IBN,5,499.36,OBSERVAR,Golden Cross | Cruce MACD | BB zona baja | EMA semanal alcista
2026-10-01 13:48:41,AFL,7,2022.17,COMPRAR ★★,Golden Cross | RSI 30 rebote | Cruce MACD | Banda BB inferior | EMA semanal alcista
2026-10-01 13:48:41,KEYS,6,6650.43,COMPRAR ★★,EMA alcista | MACD positivo | EMA semanal alcista
2026-10-01 13:48:41,FIBRAMQ12.MX,7,44.3,COMPRAR ★★,EMA alcista | MACD positivo | Volumen alto | EMA semanal alcista
2026-10-01 13:48:41,GMEXICOB.MX,9,225.65,COMPRAR ★★★,EMA alcista | RSI 46 óptimo | MACD positivo | Volumen alto | EMA semanal alcista
2026-10-01 13:48:41,CAG,6,240.28,COMPRAR ★★,Golden Cross | Cruce MACD | Banda BB inferior | EMA semanal alcista
2026-10-01 13:48:41,GS,6,16258.63,COMPRAR ★★,Golden Cross | Cruce MACD | Banda BB inferior | EMA semanal alcista
2026-10-01 13:48:41,GD,6,6056.87,COMPRAR ★★,Golden Cross | Cruce MACD | Banda BB inferior | EMA semanal alcista
2026-10-01 13:48:41,AENA.MC,8,519.46,COMPRAR ★★★,Golden Cross | RSI 61 óptimo | MACD positivo | Rebote EMA50 | EMA semanal alcista
2026-10-01 13:48:41,EIX,5,967.21,OBSERVAR,Golden Cross | RSI 36 rebote | MACD positivo | BB zona baja
2026-10-01 13:48:41,WMT,5,1886.72,OBSERVAR,Golden Cross | RSI 40 rebote | Cruce MACD | Banda BB inferior
2026-10-01 13:48:41,INFY,6,211.03,COMPRAR ★★,Golden Cross | RSI 59 óptimo | MACD positivo | Cruce MACD
2026-10-01 13:48:41,ALK,8,703.12,COMPRAR ★★★,Golden Cross | RSI 38 rebote | MACD positivo | Banda BB inferior | EMA semanal alcista
2026-10-01 13:48:41,XLRE,6,736.46,COMPRAR ★★,Golden Cross | Cruce MACD | Banda BB inferior | EMA semanal alcista
2026-10-01 13:48:41,ADBE,7,4419.97,COMPRAR ★★,Golden Cross | RSI 44 rebote | Cruce MACD | BB zona baja | Stoch 45 | EMA semanal alcista
2026-10-01 13:48:41,CNC,7,1113.01,COMPRAR ★★,Golden Cross | RSI 32 rebote | Cruce MACD | Banda BB inferior | EMA semanal alcista
2026-10-01 13:48:41,MELI,6,30853.19,COMPRAR ★★,Golden Cross | Cruce MACD | Banda BB inferior | EMA semanal alcista
2026-10-01 13:48:41,HERDEZ.MX,5,56.0,OBSERVAR,EMA alcista | MACD positivo | Volumen alto
2026-10-01 13:48:41,PG,9,2617.1,COMPRAR ★★★,EMA alcista | RSI 46 óptimo | Banda BB inferior | Rebote EMA50 | EMA semanal alcista
2026-10-01 13:48:41,PSA,7,5110.65,COMPRAR ★★,Golden Cross | RSI 35 rebote | Cruce MACD | Banda BB inferior | EMA semanal alcista
2026-10-01 13:48:41,UHS,6,3183.87,COMPRAR ★★,EMA alcista | RSI 51 óptimo | Cruce MACD | Stoch 36
2026-10-01 13:48:41,ARE,6,851.65,COMPRAR ★★,RSI 38 rebote | Cruce MACD | Banda BB inferior | EMA semanal alcista
2026-10-01 13:48:41,MNDY,7,1477.61,COMPRAR ★★,Golden Cross | RSI 44 rebote | Cruce MACD | BB zona baja | Stoch 32 | EMA semanal alcista
2026-10-01 13:48:41,FMTY14.MX,7,14.15,COMPRAR ★★,Golden Cross | RSI 54 óptimo | MACD positivo | Volumen alto | Rebote EMA50
2026-10-01 13:48:41,ACHR,7,89.84,COMPRAR ★★,Golden Cross | RSI 33 rebote | Cruce MACD | Banda BB inferior | EMA semanal alcista
2026-10-01 13:48:41,KMI,5,547.24,OBSERVAR,Golden Cross | RSI 39 rebote | Cruce MACD | Banda BB inferior
2026-10-01 13:48:41,CINF,6,2910.06,COMPRAR ★★,Golden Cross | Cruce MACD | Banda BB inferior | EMA semanal alcista
2026-10-01 13:48:41,WST,6,6664.61,COMPRAR ★★,EMA alcista | MACD positivo | EMA semanal alcista
2026-10-01 13:48:41,GEV,8,17297.14,COMPRAR ★★★,Golden Cross | RSI 49 óptimo | MACD positivo | Rebote EMA50 | EMA semanal alcista
2026-10-01 13:48:41,GILD,7,2693.86,COMPRAR ★★,EMA alcista | RSI 63 óptimo | Cruce MACD | EMA semanal alcista
2026-10-01 13:48:41,ITX.MC,8,1109.07,COMPRAR ★★★,Golden Cross | RSI 50 óptimo | MACD positivo | Rebote EMA50 | EMA semanal alcista
2026-10-01 13:48:41,NTAP,8,3804.32,COMPRAR ★★★,EMA alcista | RSI 61 óptimo | MACD positivo | EMA semanal alcista
2026-10-01 13:48:41,WFC,6,1443.04,COMPRAR ★★,Golden Cross | Cruce MACD | Banda BB inferior | EMA semanal alcista
2026-10-01 13:48:41,EWA,7,506.54,COMPRAR ★★,Golden Cross | RSI 31 rebote | Cruce MACD | Banda BB inferior | EMA semanal alcista
2026-10-01 13:48:41,APPN,7,667.7,COMPRAR ★★,EMA alcista | RSI 57 óptimo | Cruce MACD | EMA semanal alcista
2026-10-01 13:48:41,CTSH,5,1164.15,OBSERVAR,EMA alcista | RSI 60 óptimo | Cruce MACD
2026-10-01 13:48:41,PAYC,7,4113.55,COMPRAR ★★,EMA alcista | RSI 63 óptimo | Cruce MACD | EMA semanal alcista
2026-10-01 13:48:41,HAL,4,574.95,OBSERVAR,Golden Cross | Cruce MACD | Banda BB inferior
2026-10-01 13:48:41,IFF,10,1495.09,COMPRAR ★★★,EMA alcista | RSI 45 óptimo | Cruce MACD | Banda BB inferior | Rebote EMA50 | EMA semanal alcista
2026-10-01 13:48:41,GOLD,7,780.16,COMPRAR ★★,EMA alcista | Cruce MACD | BB zona baja | Rebote EMA50 | EMA semanal alcista
2026-10-01 13:48:41,URI,8,18093.75,COMPRAR ★★★,Golden Cross | RSI 52 óptimo | MACD positivo | BB zona baja | EMA semanal alcista
2026-10-01 13:48:41,TROW,8,1899.89,COMPRAR ★★★,Golden Cross | RSI 48 óptimo | MACD positivo | Rebote EMA50 | EMA semanal alcista
2026-10-01 13:48:41,TTWO,7,3703.9,COMPRAR ★★,Golden Cross | RSI 38 rebote | MACD positivo | BB zona baja | EMA semanal alcista
2026-10-01 13:48:41,CDNS,5,6301.96,OBSERVAR,Golden Cross | MACD positivo | EMA semanal alcista
2026-10-01 13:48:41,BR,9,2978.08,COMPRAR ★★★,EMA alcista | RSI 43 rebote | Cruce MACD | BB zona baja | Stoch 26 | Rebote EMA50 | EMA semanal alcista
2026-10-01 13:48:41,PFG,9,2016.62,COMPRAR ★★★,EMA alcista | RSI 33 rebote | Cruce MACD | Banda BB inferior | Rebote EMA50 | EMA semanal alcista
2026-10-01 13:48:41,JCI,8,2742.19,COMPRAR ★★★,EMA alcista | RSI 59 óptimo | MACD positivo | EMA semanal alcista
2026-10-01 13:48:41,XOM,6,2962.66,COMPRAR ★★,EMA alcista | RSI 45 rebote | Cruce MACD | EMA semanal alcista
2026-10-01 13:48:41,J,9,2516.53,COMPRAR ★★★,EMA alcista | RSI 43 rebote | Cruce MACD | BB zona baja | Stoch 37 | Rebote EMA50 | EMA semanal alcista
2026-10-01 13:48:41,AIZ,6,4764.17,COMPRAR ★★,Golden Cross | Cruce MACD | Banda BB inferior | EMA semanal alcista
2026-10-01 13:48:41,EWX,7,1284.88,COMPRAR ★★,RSI 38 rebote | Cruce MACD | Banda BB inferior | Rebote EMA50 | EMA semanal alcista
2026-10-01 13:48:41,EWG,6,747.37,COMPRAR ★★,Golden Cross | Cruce MACD | Banda BB inferior | EMA semanal alcista
2026-10-01 13:48:41,HSY,4,2874.64,OBSERVAR,Golden Cross | Cruce MACD | Banda BB inferior
2026-10-01 13:48:41,TEL,8,3889.17,COMPRAR ★★★,EMA alcista | RSI 52 óptimo | MACD positivo | EMA semanal alcista
2026-10-01 13:48:41,CIE.MC,6,528.28,COMPRAR ★★,Golden Cross | RSI 51 óptimo | MACD positivo | Rebote EMA50
2026-10-01 13:48:41,MHK,8,2222.93,COMPRAR ★★★,EMA alcista | RSI 43 rebote | Cruce MACD | BB zona baja | Rebote EMA50 | EMA semanal alcista
2026-10-01 13:48:41,UNG,7,187.44,COMPRAR ★★,EMA alcista | RSI 52 óptimo | Cruce MACD | BB zona baja | Rebote EMA50
2026-10-01 13:48:41,VFC,3,260.08,EVITAR,Golden Cross | MACD positivo
2026-10-01 13:48:41,MDT,9,1561.59,COMPRAR ★★★,EMA alcista | RSI 34 rebote | Cruce MACD | Banda BB inferior | Rebote EMA50 | EMA semanal alcista
2026-10-01 13:48:41,VLO,7,7139.81,COMPRAR ★★,EMA alcista | RSI 51 óptimo | Cruce MACD | EMA semanal alcista
2026-10-01 13:48:41,PFE,6,517.17,COMPRAR ★★,EMA alcista | MACD positivo | EMA semanal alcista
